,CustomerID,InvoiceNo,TotalPrice,AvgOrderValue
0,,536544,5521.14,1229.1853221288516
1,,536555,2.9699999999999998,1229.1853221288516
2,,536558,99.75,1229.1853221288516
3,,536565,6.7,1229.1853221288516
4,,536592,6915.65,1229.1853221288516
5,,536596,38.09,1229.1853221288516
6,,536640,45.85,1229.1853221288516
7,,536755,54.25,1229.1853221288516
8,,536756,66.65,1229.1853221288516
9,,536780,12.8,1229.1853221288516
10,,536801,252.3,1229.1853221288516
11,,536862,1334.13,1229.1853221288516
12,,536864,636.6800000000001,1229.1853221288516
13,,536865,2396.96,1229.1853221288516
14,,536866,8.47,1229.1853221288516
15,,536876,7257.08,1229.1853221288516
16,,536883,5.46,1229.1853221288516
17,,536885,549.0,1229.1853221288516
18,,536920,69.3,1229.1853221288516
19,,536982,10661.69,1229.1853221288516
20,,536991,26.4,1229.1853221288516
21,,537025,76.83,1229.1853221288516
22,,537220,3.35,1229.1853221288516
23,,537230,2.95,1229.1853221288516
24,,537237,7335.45,1229.1853221288516
25,,537240,7660.4800000000005,1229.1853221288516
26,,537252,26.35,1229.1853221288516
27,,537253,351.47,1229.1853221288516
28,,537411,9.65,1229.1853221288516
29,,537434,8223.4,1229.1853221288516
30,,537442,5.07,1229.1853221288516
31,,537534,924.59,1229.1853221288516
32,,537621,19.5,1229.1853221288516
33,,537632,13541.33,1229.1853221288516
34,,537633,24.9,1229.1853221288516
35,,537637,15.7,1229.1853221288516
36,,537638,6293.86,1229.1853221288516
37,,537640,11540.34,1229.1853221288516
38,,537641,1240.19,1229.1853221288516
39,,537642,2164.51,1229.1853221288516
40,,537643,2416.59,1229.1853221288516
41,,537645,2448.29,1229.1853221288516
42,,537654,135.05,1229.1853221288516
43,,537666,5058.04,1229.1853221288516
44,,537675,5.04,1229.1853221288516
45,,537679,24.59,1229.1853221288516
46,,537823,6073.71,1229.1853221288516
47,,537839,12.87,1229.1853221288516
48,,537858,24.95,1229.1853221288516
49,,538044,21.299999999999997,1229.1853221288516
50,,538060,5.85,1229.1853221288516
51,,538071,7268.65,1229.1853221288516
52,,538096,3.7199999999999998,1229.1853221288516
53,,538127,7.5,1229.1853221288516
54,,538148,2215.27,1229.1853221288516
55,,538149,2446.16,1229.1853221288516
56,,538153,3091.82,1229.1853221288516
57,,538154,294.01,1229.1853221288516
58,,538177,6272.01,1229.1853221288516
59,,538188,2.95,1229.1853221288516
60,,538349,6602.31,1229.1853221288516
61,,538351,12633.67,1229.1853221288516
62,,538358,21.7,1229.1853221288516
63,,538520,23.3,1229.1853221288516
64,,538524,5344.98,1229.1853221288516
65,,538566,4909.89,1229.1853221288516
66,,538627,14.44,1229.1853221288516
67,,538649,14.149999999999999,1229.1853221288516
68,,538666,12.850000000000001,1229.1853221288516
69,,538678,67.72,1229.1853221288516
70,,538724,2.95,1229.1853221288516
71,,538778,39.45,1229.1853221288516
72,,538867,3.75,1229.1853221288516
73,,538877,12681.58,1229.1853221288516
74,,538880,638.74,1229.1853221288516
75,,538881,718.35,1229.1853221288516
76,,538883,1308.63,1229.1853221288516
77,,538884,518.73,1229.1853221288516
78,,538885,20.25,1229.1853221288516
79,,539013,38.25,1229.1853221288516
80,,539045,19.25,1229.1853221288516
81,,539070,19.9,1229.1853221288516
82,,539074,55.5,1229.1853221288516
83,,539081,2.95,1229.1853221288516
84,,539220,118.34,1229.1853221288516
85,,539223,2.5,1229.1853221288516
86,,539242,36.08,1229.1853221288516
87,,539245,81.99,1229.1853221288516
88,,539265,4.95,1229.1853221288516
89,,539300,72.59,1229.1853221288516
90,,539323,3.42,1229.1853221288516
91,,539337,670.38,1229.1853221288516
92,,539412,16.85,1229.1853221288516
93,,539434,4700.4,1229.1853221288516
94,,539436,4390.32,1229.1853221288516
95,,539437,5946.49,1229.1853221288516
96,,539441,0.42,1229.1853221288516
97,,539449,5.05,1229.1853221288516
98,,539451,4537.15,1229.1853221288516
99,,539453,5022.16,1229.1853221288516
100,,539457,29.8,1229.1853221288516
101,,539458,52.75,1229.1853221288516
102,,539479,17.55,1229.1853221288516
103,,539480,18.65,1229.1853221288516
104,,539481,11.7,1229.1853221288516
105,,539482,49.67,1229.1853221288516
106,,539485,19.95,1229.1853221288516
107,,539492,2529.81,1229.1853221288516
108,,539493,41.81,1229.1853221288516
109,,539500,205.74,1229.1853221288516
110,,539595,2094.9,1229.1853221288516
111,,539631,2104.0,1229.1853221288516
112,,539643,10.35,1229.1853221288516
113,,539648,7.4,1229.1853221288516
114,,539649,42.120000000000005,1229.1853221288516
115,,539650,96.44,1229.1853221288516
116,,539651,32.5,1229.1853221288516
117,,539656,2.1,1229.1853221288516
118,,539665,2.9,1229.1853221288516
119,,539708,1121.38,1229.1853221288516
120,,539713,10.5,1229.1853221288516
121,,539714,2.55,1229.1853221288516
122,,539715,1.25,1229.1853221288516
123,,539718,1261.19,1229.1853221288516
124,,539729,7.95,1229.1853221288516
125,,539733,47.75,1229.1853221288516
126,,539734,7.95,1229.1853221288516
127,,539735,596.34,1229.1853221288516
128,,539736,1172.46,1229.1853221288516
129,,539737,1805.29,1229.1853221288516
130,,539738,1736.26,1229.1853221288516
131,,539739,1077.8,1229.1853221288516
132,,539740,1041.32,1229.1853221288516
133,,539741,475.65,1229.1853221288516
134,,539742,392.72,1229.1853221288516
135,,539743,365.26,1229.1853221288516
136,,539744,579.7,1229.1853221288516
137,,539745,457.32000000000005,1229.1853221288516
138,,539746,155.82999999999998,1229.1853221288516
139,,539747,136.89,1229.1853221288516
140,,539748,76.92,1229.1853221288516
141,,539750,18745.86,1229.1853221288516
142,,539751,4.25,1229.1853221288516
143,,539753,62.79,1229.1853221288516
144,,539758,4.25,1229.1853221288516
145,,539759,2.1,1229.1853221288516
146,,539825,9.35,1229.1853221288516
147,,539839,5.7,1229.1853221288516
148,,539856,1298.4,1229.1853221288516
149,,539951,33.15,1229.1853221288516
150,,539952,26.15,1229.1853221288516
151,,539955,961.23,1229.1853221288516
152,,539958,5262.06,1229.1853221288516
153,,539979,12.45,1229.1853221288516
154,,539986,15.25,1229.1853221288516
155,,539989,3.75,1229.1853221288516
156,,539990,27.3,1229.1853221288516
157,,539991,78.7,1229.1853221288516
158,,539992,7.1,1229.1853221288516
159,,540026,3900.62,1229.1853221288516
160,,540116,10.129999999999999,1229.1853221288516
161,,540150,38.25,1229.1853221288516
162,,540154,1854.39,1229.1853221288516
163,,540186,7.95,1229.1853221288516
164,,540227,4.95,1229.1853221288516
165,,540238,583.37,1229.1853221288516
166,,540255,1331.8,1229.1853221288516
167,,540352,2094.11,1229.1853221288516
168,,540355,3401.94,1229.1853221288516
169,,540356,513.86,1229.1853221288516
170,,540375,12.75,1229.1853221288516
171,,540418,2688.72,1229.1853221288516
172,,540468,2311.53,1229.1853221288516
173,,540474,6.6,1229.1853221288516
174,,540476,4.25,1229.1853221288516
175,,540495,10.9,1229.1853221288516
176,,540497,16.8,1229.1853221288516
177,,540551,4731.64,1229.1853221288516
178,,540556,379.84,1229.1853221288516
179,,540646,2312.89,1229.1853221288516
180,,540681,1787.82,1229.1853221288516
181,,540685,10.05,1229.1853221288516
182,,540821,3195.78,1229.1853221288516
183,,540828,145.34,1229.1853221288516
184,,540832,5032.29,1229.1853221288516
185,,540833,0.65,1229.1853221288516
186,,540836,12.75,1229.1853221288516
187,,540848,3808.77,1229.1853221288516
188,,540973,14.899999999999999,1229.1853221288516
189,,540977,3716.17,1229.1853221288516
190,,540995,2700.92,1229.1853221288516
191,,541104,2751.16,1229.1853221288516
192,,541118,1.25,1229.1853221288516
193,,541127,191.1,1229.1853221288516
194,,541128,243.3,1229.1853221288516
195,,541129,273.26,1229.1853221288516
196,,541130,739.97,1229.1853221288516
197,,541131,629.41,1229.1853221288516
198,,541132,483.35,1229.1853221288516
199,,541133,466.64,1229.1853221288516
200,,541219,3134.28,1229.1853221288516
201,,541221,1883.57,1229.1853221288516
202,,541412,5.95,1229.1853221288516
203,,541421,4106.84,1229.1853221288516
204,,541422,2555.13,1229.1853221288516
205,,541423,3237.88,1229.1853221288516
206,,541424,2829.87,1229.1853221288516
207,,541493,1933.95,1229.1853221288516
208,,541494,8.31,1229.1853221288516
209,,541495,386.21,1229.1853221288516
210,,541496,403.15,1229.1853221288516
211,,541497,2418.26,1229.1853221288516
212,,541506,478.64,1229.1853221288516
213,,541507,277.11,1229.1853221288516
214,,541508,615.18,1229.1853221288516
215,,541516,1868.1299999999999,1229.1853221288516
216,,541584,405.36,1229.1853221288516
217,,541592,3882.43,1229.1853221288516
218,,541607,29.43,1229.1853221288516
219,,541652,5.5,1229.1853221288516
220,,541692,25.0,1229.1853221288516
221,,541695,3323.19,1229.1853221288516
222,,541696,2619.14,1229.1853221288516
223,,541809,2007.44,1229.1853221288516
224,,541810,524.1800000000001,1229.1853221288516
225,,541811,672.86,1229.1853221288516
226,,541827,3388.21,1229.1853221288516
227,,541830,1767.85,1229.1853221288516
228,,541869,883.8299999999999,1229.1853221288516
229,,541870,733.53,1229.1853221288516
230,,541871,842.66,1229.1853221288516
231,,541878,653.95,1229.1853221288516
232,,541879,301.3,1229.1853221288516
233,,541969,1363.66,1229.1853221288516
234,,541971,865.63,1229.1853221288516
235,,541975,2439.76,1229.1853221288516
236,,541982,17.1,1229.1853221288516
237,,541993,604.37,1229.1853221288516
238,,541999,1569.03,1229.1853221288516
239,,542109,1816.6299999999999,1229.1853221288516
240,,542115,920.9,1229.1853221288516
241,,542127,12.75,1229.1853221288516
242,,542135,13.55,1229.1853221288516
243,,542136,0.84,1229.1853221288516
244,,542137,20.1,1229.1853221288516
245,,542252,709.89,1229.1853221288516
246,,542253,2.85,1229.1853221288516
247,,542255,1718.73,1229.1853221288516
248,,542344,1563.96,1229.1853221288516
249,,542387,9.85,1229.1853221288516
250,,542536,1264.34,1229.1853221288516
251,,542541,1551.56,1229.1853221288516
252,,542594,1.25,1229.1853221288516
253,,542622,1321.39,1229.1853221288516
254,,542624,677.4300000000001,1229.1853221288516
255,,542625,701.71,1229.1853221288516
256,,542633,661.42,1229.1853221288516
257,,542664,1460.33,1229.1853221288516
258,,542794,669.46,1229.1853221288516
259,,542849,76.45,1229.1853221288516
260,,542867,134.48,1229.1853221288516
261,,542871,21.0,1229.1853221288516
262,,542906,1757.1,1229.1853221288516
263,,542936,161.56,1229.1853221288516
264,,542997,395.90999999999997,1229.1853221288516
265,,542998,587.25,1229.1853221288516
266,,542999,523.31,1229.1853221288516
267,,543000,1047.17,1229.1853221288516
268,,543013,1340.77,1229.1853221288516
269,,543018,15.0,1229.1853221288516
270,,543097,1295.83,1229.1853221288516
271,,543171,893.25,1229.1853221288516
272,,543172,614.84,1229.1853221288516
273,,543182,1747.83,1229.1853221288516
274,,543200,629.56,1229.1853221288516
275,,543201,687.72,1229.1853221288516
276,,543237,2461.98,1229.1853221288516
277,,543263,12.7,1229.1853221288516
278,,543345,1229.32,1229.1853221288516
279,,543358,1294.78,1229.1853221288516
280,,543383,7.95,1229.1853221288516
281,,543385,7.95,1229.1853221288516
282,,543399,1211.45,1229.1853221288516
283,,543448,2347.39,1229.1853221288516
284,,543450,463.65999999999997,1229.1853221288516
285,,543451,605.97,1229.1853221288516
286,,543460,10.2,1229.1853221288516
287,,543461,498.96,1229.1853221288516
288,,543467,1644.26,1229.1853221288516
289,,543530,1275.78,1229.1853221288516
290,,543532,937.55,1229.1853221288516
291,,543533,1001.27,1229.1853221288516
292,,543536,48.22,1229.1853221288516
293,,543544,49.08,1229.1853221288516
294,,543546,1459.9,1229.1853221288516
295,,543629,697.9499999999999,1229.1853221288516
296,,543660,1239.43,1229.1853221288516
297,,543713,2053.0,1229.1853221288516
298,,543732,951.01,1229.1853221288516
299,,543751,11.2,1229.1853221288516
300,,543753,7.5,1229.1853221288516
301,,543762,6.550000000000001,1229.1853221288516
302,,543796,4.95,1229.1853221288516
303,,543826,1434.66,1229.1853221288516
304,,543899,1096.14,1229.1853221288516
305,,543909,1101.82,1229.1853221288516
306,,543916,47.75,1229.1853221288516
307,,543920,8.5,1229.1853221288516
308,,543922,10.65,1229.1853221288516
309,,543985,873.79,1229.1853221288516
310,,544082,2.09,1229.1853221288516
311,,544085,5.45,1229.1853221288516
312,,544088,14.2,1229.1853221288516
313,,544089,1195.56,1229.1853221288516
314,,544186,1449.8799999999999,1229.1853221288516
315,,544201,680.82,1229.1853221288516
316,,544202,565.54,1229.1853221288516
317,,544204,422.03,1229.1853221288516
318,,544205,746.49,1229.1853221288516
319,,544206,627.56,1229.1853221288516
320,,544207,634.67,1229.1853221288516
321,,544208,480.0,1229.1853221288516
322,,544214,3055.62,1229.1853221288516
323,,544323,1429.07,1229.1853221288516
324,,544324,15.9,1229.1853221288516
325,,544325,2.95,1229.1853221288516
326,,544326,20.75,1229.1853221288516
327,,544333,16.48,1229.1853221288516
328,,544418,5.58,1229.1853221288516
329,,544431,3.2,1229.1853221288516
330,,544434,1736.06,1229.1853221288516
331,,544438,0.85,1229.1853221288516
332,,544468,910.78,1229.1853221288516
333,,544469,100.3,1229.1853221288516
334,,544595,14.850000000000001,1229.1853221288516
335,,544598,981.51,1229.1853221288516
336,,544599,1579.58,1229.1853221288516
337,,544681,1537.91,1229.1853221288516
338,,544684,1799.96,1229.1853221288516
339,,544766,542.09,1229.1853221288516
340,,544767,370.82,1229.1853221288516
341,,544768,490.6,1229.1853221288516
342,,544770,464.91999999999996,1229.1853221288516
343,,544771,598.96,1229.1853221288516
344,,544772,559.72,1229.1853221288516
345,,544773,4.65,1229.1853221288516
346,,544776,2695.09,1229.1853221288516
347,,544812,1806.73,1229.1853221288516
348,,544820,9.95,1229.1853221288516
349,,544927,0.85,1229.1853221288516
350,,544928,1336.1,1229.1853221288516
351,,544938,186.95,1229.1853221288516
352,,545024,304.73,1229.1853221288516
353,,545025,545.87,1229.1853221288516
354,,545027,1180.5,1229.1853221288516
355,,545078,899.96,1229.1853221288516
356,,545160,48.0,1229.1853221288516
357,,545176,764.12,1229.1853221288516
358,,545215,1995.37,1229.1853221288516
359,,545216,1520.38,1229.1853221288516
360,,545217,1420.78,1229.1853221288516
361,,545230,55.36,1229.1853221288516
362,,545299,4.95,1229.1853221288516
363,,545315,231.06,1229.1853221288516
364,,545316,116.78999999999999,1229.1853221288516
365,,545317,580.41,1229.1853221288516
366,,545333,1734.52,1229.1853221288516
367,,545424,3.8,1229.1853221288516
368,,545464,1749.57,1229.1853221288516
369,,545568,1799.3799999999999,1229.1853221288516
370,,545581,733.78,1229.1853221288516
371,,545584,7.95,1229.1853221288516
372,,545586,44.85,1229.1853221288516
373,,545667,1397.75,1229.1853221288516
374,,545703,7.95,1229.1853221288516
375,,545713,5307.65,1229.1853221288516
376,,545714,504.46000000000004,1229.1853221288516
377,,545715,786.23,1229.1853221288516
378,,545716,912.6899999999999,1229.1853221288516
379,,545717,638.94,1229.1853221288516
380,,545827,24.45,1229.1853221288516
381,,545832,17.9,1229.1853221288516
382,,545858,24.0,1229.1853221288516
383,,545895,2092.33,1229.1853221288516
384,,545897,1762.22,1229.1853221288516
385,,546002,2.55,1229.1853221288516
386,,546004,2.55,1229.1853221288516
387,,546007,1273.26,1229.1853221288516
388,,546008,1572.65,1229.1853221288516
389,,546109,33.9,1229.1853221288516
390,,546136,1659.07,1229.1853221288516
391,,546293,67.8,1229.1853221288516
392,,546303,8.62,1229.1853221288516
393,,546306,1587.23,1229.1853221288516
394,,546311,7.9,1229.1853221288516
395,,546312,16.95,1229.1853221288516
396,,546364,190.52,1229.1853221288516
397,,546368,280.67,1229.1853221288516
398,,546388,2676.13,1229.1853221288516
399,,546393,1.95,1229.1853221288516
400,,546406,1429.91,1229.1853221288516
401,,546444,7.35,1229.1853221288516
402,,546539,2.95,1229.1853221288516
403,,546558,2583.76,1229.1853221288516
404,,546648,1794.43,1229.1853221288516
405,,546649,507.29999999999995,1229.1853221288516
406,,546650,431.36,1229.1853221288516
407,,546651,440.90999999999997,1229.1853221288516
408,,546652,664.84,1229.1853221288516
409,,546653,549.52,1229.1853221288516
410,,546654,503.63,1229.1853221288516
411,,546655,411.24,1229.1853221288516
412,,546656,662.9499999999999,1229.1853221288516
413,,546663,7.12,1229.1853221288516
414,,546763,112.85,1229.1853221288516
415,,546779,14.850000000000001,1229.1853221288516
416,,546876,0.84,1229.1853221288516
417,,546884,1546.93,1229.1853221288516
418,,546888,1273.8899999999999,1229.1853221288516
419,,546891,1464.43,1229.1853221288516
420,,546892,1191.71,1229.1853221288516
421,,546896,2398.2,1229.1853221288516
422,,546933,498.79,1229.1853221288516
423,,546949,43.25,1229.1853221288516
424,,546957,51.45,1229.1853221288516
425,,546972,1750.62,1229.1853221288516
426,,546973,461.52,1229.1853221288516
427,,546974,404.64,1229.1853221288516
428,,546976,651.1800000000001,1229.1853221288516
429,,546977,895.2,1229.1853221288516
430,,547006,10.15,1229.1853221288516
431,,547007,1.25,1229.1853221288516
432,,547009,1.25,1229.1853221288516
433,,547025,3.75,1229.1853221288516
434,,547042,1880.11,1229.1853221288516
435,,547082,27.65,1229.1853221288516
436,,547089,160.93,1229.1853221288516
437,,547219,431.6,1229.1853221288516
438,,547224,180.9,1229.1853221288516
439,,547225,7.65,1229.1853221288516
440,,547238,35.92,1229.1853221288516
441,,547239,8.4,1229.1853221288516
442,,547248,1891.3899999999999,1229.1853221288516
443,,547249,1656.3,1229.1853221288516
444,,547250,1940.1299999999999,1229.1853221288516
445,,547364,29.1,1229.1853221288516
446,,547385,1194.37,1229.1853221288516
447,,547386,1504.91,1229.1853221288516
448,,547393,14.25,1229.1853221288516
449,,547396,2162.2599999999998,1229.1853221288516
450,,547397,500.95,1229.1853221288516
451,,547398,540.52,1229.1853221288516
452,,547399,567.6899999999999,1229.1853221288516
453,,547400,449.42,1229.1853221288516
454,,547411,33.9,1229.1853221288516
455,,547547,1254.42,1229.1853221288516
456,,547551,501.09000000000003,1229.1853221288516
457,,547552,723.46,1229.1853221288516
458,,547723,15.85,1229.1853221288516
459,,547788,2526.98,1229.1853221288516
460,,547810,35.17,1229.1853221288516
461,,547830,1513.46,1229.1853221288516
462,,547865,16.95,1229.1853221288516
463,,547901,219.76,1229.1853221288516
464,,547964,1460.08,1229.1853221288516
465,,547967,1491.72,1229.1853221288516
466,,547993,523.15,1229.1853221288516
467,,548162,4225.29,1229.1853221288516
468,,548163,873.05,1229.1853221288516
469,,548164,638.23,1229.1853221288516
470,,548165,577.9300000000001,1229.1853221288516
471,,548166,668.51,1229.1853221288516
472,,548167,767.77,1229.1853221288516
473,,548168,489.28999999999996,1229.1853221288516
474,,548191,1385.1299999999999,1229.1853221288516
475,,548194,1536.03,1229.1853221288516
476,,548203,21627.72,1229.1853221288516
477,,548204,209.3,1229.1853221288516
478,,548219,13.77,1229.1853221288516
479,,548310,212.36,1229.1853221288516
480,,548321,46.2,1229.1853221288516
481,,548322,16.13,1229.1853221288516
482,,548373,1959.65,1229.1853221288516
483,,548384,28.049999999999997,1229.1853221288516
484,,548386,9.25,1229.1853221288516
485,,548390,7.5,1229.1853221288516
486,,548393,4.95,1229.1853221288516
487,,548502,1607.8,1229.1853221288516
488,,548504,1062.1599999999999,1229.1853221288516
489,,548505,922.34,1229.1853221288516
490,,548514,1113.33,1229.1853221288516
491,,548515,1.95,1229.1853221288516
492,,548516,2234.58,1229.1853221288516
493,,548522,1705.13,1229.1853221288516
494,,548562,110.0,1229.1853221288516
495,,548604,53.72,1229.1853221288516
496,,548624,14.43,1229.1853221288516
497,,548653,10.4,1229.1853221288516
498,,548663,863.54,1229.1853221288516
499,,548674,18.7,1229.1853221288516
500,,548692,9.9,1229.1853221288516
501,,548699,24.65,1229.1853221288516
502,,548720,1.25,1229.1853221288516
503,,548893,1908.58,1229.1853221288516
504,,548894,2295.0299999999997,1229.1853221288516
505,,548895,5.15,1229.1853221288516
506,,548901,26.46,1229.1853221288516
507,,548945,14.15,1229.1853221288516
508,,548977,13.85,1229.1853221288516
509,,548994,111.92,1229.1853221288516
510,,548996,104.3,1229.1853221288516
511,,549023,1138.84,1229.1853221288516
512,,549040,2.34,1229.1853221288516
513,,549100,3275.33,1229.1853221288516
514,,549122,23.45,1229.1853221288516
515,,549155,1341.26,1229.1853221288516
516,,549181,12.59,1229.1853221288516
517,,549236,39.4,1229.1853221288516
518,,549295,1633.13,1229.1853221288516
519,,549314,1.95,1229.1853221288516
520,,549524,1439.48,1229.1853221288516
521,,549525,1053.98,1229.1853221288516
522,,549534,0.84,1229.1853221288516
523,,549536,7.15,1229.1853221288516
524,,549537,71.53,1229.1853221288516
525,,549586,2040.58,1229.1853221288516
526,,549668,33.9,1229.1853221288516
527,,549684,30.0,1229.1853221288516
528,,549712,14.95,1229.1853221288516
529,,549714,49.7,1229.1853221288516
530,,549738,1539.6399999999999,1229.1853221288516
531,,549896,6.7,1229.1853221288516
532,,550011,9.35,1229.1853221288516
533,,550012,38.39,1229.1853221288516
534,,550123,322.48,1229.1853221288516
535,,550128,31.15,1229.1853221288516
536,,550203,289.65,1229.1853221288516
537,,550204,279.59999999999997,1229.1853221288516
538,,550205,484.92,1229.1853221288516
539,,550206,587.82,1229.1853221288516
540,,550207,535.56,1229.1853221288516
541,,550208,851.51,1229.1853221288516
542,,550209,641.3,1229.1853221288516
543,,550210,789.26,1229.1853221288516
544,,550211,410.79,1229.1853221288516
545,,550212,425.61,1229.1853221288516
546,,550213,587.61,1229.1853221288516
547,,550214,689.7,1229.1853221288516
548,,550215,876.12,1229.1853221288516
549,,550249,5.4,1229.1853221288516
550,,550278,2857.79,1229.1853221288516
551,,550458,2395.58,1229.1853221288516
552,,550470,1736.79,1229.1853221288516
553,,550471,1599.85,1229.1853221288516
554,,550474,1625.27,1229.1853221288516
555,,550496,1779.09,1229.1853221288516
556,,550499,1191.41,1229.1853221288516
557,,550500,1984.6299999999999,1229.1853221288516
558,,550541,1407.9299999999998,1229.1853221288516
559,,550542,1739.56,1229.1853221288516
560,,550636,1098.3899999999999,1229.1853221288516
561,,550638,1215.52,1229.1853221288516
562,,550640,7.15,1229.1853221288516
563,,550641,17.11,1229.1853221288516
564,,550740,2951.52,1229.1853221288516
565,,550898,13.75,1229.1853221288516
566,,550931,5.0,1229.1853221288516
567,,550953,1953.26,1229.1853221288516
568,,550963,23.7,1229.1853221288516
569,,550986,1654.97,1229.1853221288516
570,,550987,1160.48,1229.1853221288516
571,,551004,652.05,1229.1853221288516
572,,551005,674.54,1229.1853221288516
573,,551006,561.04,1229.1853221288516
574,,551007,562.77,1229.1853221288516
575,,551008,521.38,1229.1853221288516
576,,551009,1065.19,1229.1853221288516
577,,551010,535.05,1229.1853221288516
578,,551012,3036.22,1229.1853221288516
579,,551173,773.01,1229.1853221288516
580,,551174,1055.17,1229.1853221288516
581,,551176,8.1,1229.1853221288516
582,,551177,18.5,1229.1853221288516
583,,551317,23.85,1229.1853221288516
584,,551325,21.8,1229.1853221288516
585,,551339,887.23,1229.1853221288516
586,,551340,1416.36,1229.1853221288516
587,,551423,98.01,1229.1853221288516
588,,551425,6.6,1229.1853221288516
589,,551468,1071.13,1229.1853221288516
590,,551506,2.52,1229.1853221288516
591,,551536,4.2,1229.1853221288516
592,,551537,34.39,1229.1853221288516
593,,551538,0.85,1229.1853221288516
594,,551547,3579.67,1229.1853221288516
595,,551716,5.95,1229.1853221288516
596,,551718,1445.61,1229.1853221288516
597,,551719,1248.33,1229.1853221288516
598,,551847,4.95,1229.1853221288516
599,,551848,5.1,1229.1853221288516
600,,551853,2.1,1229.1853221288516
601,,551995,1388.59,1229.1853221288516
602,,551997,1353.1299999999999,1229.1853221288516
603,,552000,1121.57,1229.1853221288516
604,,552006,4.16,1229.1853221288516
605,,552009,30.25,1229.1853221288516
606,,552017,26.42,1229.1853221288516
607,,552035,17.5,1229.1853221288516
608,,552063,4.2,1229.1853221288516
609,,552194,6.2,1229.1853221288516
610,,552229,1514.98,1229.1853221288516
611,,552232,2293.79,1229.1853221288516
612,,552234,1520.48,1229.1853221288516
613,,552338,155.4,1229.1853221288516
614,,552493,1388.46,1229.1853221288516
615,,552508,1513.36,1229.1853221288516
616,,552514,1777.7,1229.1853221288516
617,,552520,1401.3799999999999,1229.1853221288516
618,,552522,18.450000000000003,1229.1853221288516
619,,552524,7.8,1229.1853221288516
620,,552525,12.75,1229.1853221288516
621,,552534,4.949999999999999,1229.1853221288516
622,,552539,528.81,1229.1853221288516
623,,552540,206.84,1229.1853221288516
624,,552541,74.8,1229.1853221288516
625,,552659,3320.77,1229.1853221288516
626,,552660,795.3199999999999,1229.1853221288516
627,,552662,583.48,1229.1853221288516
628,,552663,485.32,1229.1853221288516
629,,552665,420.98,1229.1853221288516
630,,552666,468.8,1229.1853221288516
631,,552667,539.11,1229.1853221288516
632,,552668,623.79,1229.1853221288516
633,,552670,655.0,1229.1853221288516
634,,552671,487.97999999999996,1229.1853221288516
635,,552672,538.48,1229.1853221288516
636,,552673,382.64,1229.1853221288516
637,,552674,558.49,1229.1853221288516
638,,552675,674.68,1229.1853221288516
639,,552676,864.26,1229.1853221288516
640,,552677,754.5500000000001,1229.1853221288516
641,,552678,733.01,1229.1853221288516
642,,552681,718.36,1229.1853221288516
643,,552683,532.25,1229.1853221288516
644,,552684,642.55,1229.1853221288516
645,,552687,953.53,1229.1853221288516
646,,552702,1400.53,1229.1853221288516
647,,552713,8.85,1229.1853221288516
648,,552832,16.5,1229.1853221288516
649,,552834,16.5,1229.1853221288516
650,,552857,1631.61,1229.1853221288516
651,,552862,5.38,1229.1853221288516
652,,552865,68.02,1229.1853221288516
653,,552866,52.69,1229.1853221288516
654,,552892,6.28,1229.1853221288516
655,,553013,1995.25,1229.1853221288516
656,,553100,6.9,1229.1853221288516
657,,553148,1966.16,1229.1853221288516
658,,553157,8.25,1229.1853221288516
659,,553162,1348.3799999999999,1229.1853221288516
660,,553167,1529.75,1229.1853221288516
661,,553171,4.68,1229.1853221288516
662,,553175,244.23,1229.1853221288516
663,,553353,2.95,1229.1853221288516
664,,553387,1680.06,1229.1853221288516
665,,553389,1324.07,1229.1853221288516
666,,553393,937.5,1229.1853221288516
667,,553521,452.45,1229.1853221288516
668,,553523,1957.17,1229.1853221288516
669,,553535,1216.12,1229.1853221288516
670,,553539,465.87,1229.1853221288516
671,,553541,956.47,1229.1853221288516
672,,553542,763.9,1229.1853221288516
673,,553543,635.03,1229.1853221288516
674,,553544,504.41999999999996,1229.1853221288516
675,,553545,430.14,1229.1853221288516
676,,553549,1364.33,1229.1853221288516
677,,553715,12.45,1229.1853221288516
678,,553718,1588.12,1229.1853221288516
679,,553766,792.41,1229.1853221288516
680,,553767,615.12,1229.1853221288516
681,,553768,817.65,1229.1853221288516
682,,553849,3.95,1229.1853221288516
683,,553857,203.19,1229.1853221288516
684,,553858,117.89,1229.1853221288516
685,,553890,1495.6299999999999,1229.1853221288516
686,,554054,1221.03,1229.1853221288516
687,,554056,7.48,1229.1853221288516
688,,554265,33.03,1229.1853221288516
689,,554285,623.23,1229.1853221288516
690,,554293,588.22,1229.1853221288516
691,,554310,2133.63,1229.1853221288516
692,,554436,20.15,1229.1853221288516
693,,554511,1425.3799999999999,1229.1853221288516
694,,554512,1281.03,1229.1853221288516
695,,554514,2181.85,1229.1853221288516
696,,554526,174.5,1229.1853221288516
697,,554538,114.65,1229.1853221288516
698,,554546,177.3,1229.1853221288516
699,,554652,67.2,1229.1853221288516
700,,554653,8.68,1229.1853221288516
701,,554683,53.14,1229.1853221288516
702,,554694,2216.87,1229.1853221288516
703,,554714,724.74,1229.1853221288516
704,,554811,4.16,1229.1853221288516
705,,554841,3.75,1229.1853221288516
706,,554945,17.4,1229.1853221288516
707,,554956,4898.56,1229.1853221288516
708,,554957,269.37,1229.1853221288516
709,,554958,602.1,1229.1853221288516
710,,554959,274.15,1229.1853221288516
711,,554960,624.47,1229.1853221288516
712,,554961,586.71,1229.1853221288516
713,,554967,5.95,1229.1853221288516
714,,555115,1646.8,1229.1853221288516
715,,555149,934.88,1229.1853221288516
716,,555150,1937.73,1229.1853221288516
717,,555250,8.34,1229.1853221288516
718,,555275,1742.3899999999999,1229.1853221288516
719,,555276,1496.98,1229.1853221288516
720,,555277,895.71,1229.1853221288516
721,,555278,1061.3799999999999,1229.1853221288516
722,,555320,377.94,1229.1853221288516
723,,555321,223.06,1229.1853221288516
724,,555322,289.15999999999997,1229.1853221288516
725,,555323,204.09,1229.1853221288516
726,,555324,476.87,1229.1853221288516
727,,555325,195.63,1229.1853221288516
728,,555326,263.94,1229.1853221288516
729,,555327,619.78,1229.1853221288516
730,,555336,84.99,1229.1853221288516
731,,555397,1986.12,1229.1853221288516
732,,555474,11.190000000000001,1229.1853221288516
733,,555502,82.9,1229.1853221288516
734,,555510,1776.9,1229.1853221288516
735,,555722,1498.09,1229.1853221288516
736,,555869,5.15,1229.1853221288516
737,,555878,4.95,1229.1853221288516
738,,555923,1403.38,1229.1853221288516
739,,555924,1366.71,1229.1853221288516
740,,555925,1227.03,1229.1853221288516
741,,555926,18.24,1229.1853221288516
742,,555927,24.0,1229.1853221288516
743,,556033,7.95,1229.1853221288516
744,,556080,4801.22,1229.1853221288516
745,,556081,713.8299999999999,1229.1853221288516
746,,556082,788.0,1229.1853221288516
747,,556083,363.43,1229.1853221288516
748,,556085,542.31,1229.1853221288516
749,,556086,200.79,1229.1853221288516
750,,556087,480.21,1229.1853221288516
751,,556088,144.64,1229.1853221288516
752,,556089,290.18,1229.1853221288516
753,,556090,200.13,1229.1853221288516
754,,556091,410.52,1229.1853221288516
755,,556092,324.18,1229.1853221288516
756,,556093,950.51,1229.1853221288516
757,,556094,359.05,1229.1853221288516
758,,556095,796.87,1229.1853221288516
759,,556108,1698.38,1229.1853221288516
760,,556188,90.0,1229.1853221288516
761,,556237,2106.34,1229.1853221288516
762,,556243,1282.38,1229.1853221288516
763,,556427,435.69,1229.1853221288516
764,,556428,535.9,1229.1853221288516
765,,556429,257.4,1229.1853221288516
766,,556431,15.67,1229.1853221288516
767,,556433,1310.6299999999999,1229.1853221288516
768,,556459,1434.03,1229.1853221288516
769,,556499,44.85,1229.1853221288516
770,,556513,395.64,1229.1853221288516
771,,556514,23.25,1229.1853221288516
772,,556515,208.70999999999998,1229.1853221288516
773,,556516,351.42,1229.1853221288516
774,,556625,8.39,1229.1853221288516
775,,556636,1715.65,1229.1853221288516
776,,556679,35.04,1229.1853221288516
777,,556730,5.9,1229.1853221288516
778,,556803,2274.39,1229.1853221288516
779,,556810,1.69,1229.1853221288516
780,,556812,3393.04,1229.1853221288516
781,,556813,1464.52,1229.1853221288516
782,,556821,296.04,1229.1853221288516
783,,556823,77.72,1229.1853221288516
784,,556824,256.34000000000003,1229.1853221288516
785,,556825,465.28,1229.1853221288516
786,,556826,1093.31,1229.1853221288516
787,,556907,15.350000000000001,1229.1853221288516
788,,556924,269.44,1229.1853221288516
789,,556932,1456.75,1229.1853221288516
790,,556936,90.22,1229.1853221288516
791,,557024,5.88,1229.1853221288516
792,,557112,2271.0299999999997,1229.1853221288516
793,,557140,9.9,1229.1853221288516
794,,557151,35.88,1229.1853221288516
795,,557229,12.4,1229.1853221288516
796,,557231,1940.53,1229.1853221288516
797,,557253,11.629999999999999,1229.1853221288516
798,,557254,6.6,1229.1853221288516
799,,557323,4.640000000000001,1229.1853221288516
800,,557324,1674.72,1229.1853221288516
801,,557377,3133.12,1229.1853221288516
802,,557480,333.54,1229.1853221288516
803,,557481,543.94,1229.1853221288516
804,,557482,329.4,1229.1853221288516
805,,557493,520.96,1229.1853221288516
806,,557494,699.5899999999999,1229.1853221288516
807,,557495,108.28,1229.1853221288516
808,,557496,393.1,1229.1853221288516
809,,557497,167.59,1229.1853221288516
810,,557500,1259.85,1229.1853221288516
811,,557501,4.68,1229.1853221288516
812,,557502,2192.19,1229.1853221288516
813,,557511,12.65,1229.1853221288516
814,,557610,4.15,1229.1853221288516
815,,557640,1760.85,1229.1853221288516
816,,557641,252.73999999999998,1229.1853221288516
817,,557642,381.76,1229.1853221288516
818,,557643,502.32000000000005,1229.1853221288516
819,,557644,1216.03,1229.1853221288516
820,,557645,815.86,1229.1853221288516
821,,557675,633.96,1229.1853221288516
822,,557768,3.01,1229.1853221288516
823,,557780,18.6,1229.1853221288516
824,,557936,12.5,1229.1853221288516
825,,557937,1238.33,1229.1853221288516
826,,557938,1435.18,1229.1853221288516
827,,558046,542.2,1229.1853221288516
828,,558047,542.2,1229.1853221288516
829,,558055,1.07,1229.1853221288516
830,,558064,17.38,1229.1853221288516
831,,558066,1110.73,1229.1853221288516
832,,558068,1286.67,1229.1853221288516
833,,558116,869.72,1229.1853221288516
834,,558117,249.31,1229.1853221288516
835,,558118,460.13,1229.1853221288516
836,,558119,749.72,1229.1853221288516
837,,558120,214.76999999999998,1229.1853221288516
838,,558236,3.9,1229.1853221288516
839,,558240,1046.79,1229.1853221288516
840,,558242,1.65,1229.1853221288516
841,,558243,3.42,1229.1853221288516
842,,558246,4.15,1229.1853221288516
843,,558316,395.40999999999997,1229.1853221288516
844,,558319,261.73,1229.1853221288516
845,,558321,256.91999999999996,1229.1853221288516
846,,558337,10.8,1229.1853221288516
847,,558340,481.45,1229.1853221288516
848,,558371,3668.64,1229.1853221288516
849,,558388,810.1,1229.1853221288516
850,,558453,1.7,1229.1853221288516
851,,558475,8705.89,1229.1853221288516
852,,558485,34.38,1229.1853221288516
853,,558566,28.380000000000003,1229.1853221288516
854,,558569,5.1,1229.1853221288516
855,,558610,24.08,1229.1853221288516
856,,558614,2962.33,1229.1853221288516
857,,558680,207.07999999999998,1229.1853221288516
858,,558681,243.53,1229.1853221288516
859,,558682,482.52,1229.1853221288516
860,,558683,422.75,1229.1853221288516
861,,558697,4.95,1229.1853221288516
862,,558715,116.69,1229.1853221288516
863,,558720,8.25,1229.1853221288516
864,,558774,2403.32,1229.1853221288516
865,,558777,5078.83,1229.1853221288516
866,,558808,188.74,1229.1853221288516
867,,558809,506.83,1229.1853221288516
868,,558810,841.5799999999999,1229.1853221288516
869,,558811,198.8,1229.1853221288516
870,,558835,206.07,1229.1853221288516
871,,558837,460.65999999999997,1229.1853221288516
872,,558864,936.04,1229.1853221288516
873,,558865,174.95999999999998,1229.1853221288516
874,,558866,59.8,1229.1853221288516
875,,558869,20.95,1229.1853221288516
876,,558874,90.42999999999999,1229.1853221288516
877,,558896,21.45,1229.1853221288516
878,,558904,2479.2,1229.1853221288516
879,,559038,3643.81,1229.1853221288516
880,,559039,466.25,1229.1853221288516
881,,559040,146.13,1229.1853221288516
882,,559041,117.84,1229.1853221288516
883,,559042,281.74,1229.1853221288516
884,,559043,580.94,1229.1853221288516
885,,559051,1477.98,1229.1853221288516
886,,559052,4178.58,1229.1853221288516
887,,559055,3872.9,1229.1853221288516
888,,559161,7.35,1229.1853221288516
889,,559162,1618.34,1229.1853221288516
890,,559163,1799.93,1229.1853221288516
891,,559166,1.44,1229.1853221288516
892,,559304,27.84,1229.1853221288516
893,,559337,2184.93,1229.1853221288516
894,,559338,2339.28,1229.1853221288516
895,,559488,741.5999999999999,1229.1853221288516
896,,559489,252.82999999999998,1229.1853221288516
897,,559490,15.75,1229.1853221288516
898,,559491,646.04,1229.1853221288516
899,,559492,267.79,1229.1853221288516
900,,559493,569.11,1229.1853221288516
901,,559494,279.2,1229.1853221288516
902,,559496,55.28,1229.1853221288516
903,,559497,544.3199999999999,1229.1853221288516
904,,559499,2295.7400000000002,1229.1853221288516
905,,559501,29.6,1229.1853221288516
906,,559506,2382.68,1229.1853221288516
907,,559514,214.79,1229.1853221288516
908,,559515,136.32,1229.1853221288516
909,,559517,82.64,1229.1853221288516
910,,559518,367.33,1229.1853221288516
911,,559520,9.9,1229.1853221288516
912,,559521,626.93,1229.1853221288516
913,,559522,5.95,1229.1853221288516
914,,559689,66.75,1229.1853221288516
915,,559692,28.009999999999998,1229.1853221288516
916,,559693,2421.13,1229.1853221288516
917,,559694,9.100000000000001,1229.1853221288516
918,,559796,1722.05,1229.1853221288516
919,,559799,88.37,1229.1853221288516
920,,559800,239.63,1229.1853221288516
921,,559801,348.56,1229.1853221288516
922,,559802,666.8199999999999,1229.1853221288516
923,,559805,3.95,1229.1853221288516
924,,559816,3405.4,1229.1853221288516
925,,559817,1839.58,1229.1853221288516
926,,559914,798.11,1229.1853221288516
927,,559923,2387.13,1229.1853221288516
928,,559924,23.85,1229.1853221288516
929,,560050,32.39,1229.1853221288516
930,,560090,1548.83,1229.1853221288516
931,,560117,29.34,1229.1853221288516
932,,560121,9.65,1229.1853221288516
933,,560162,10.0,1229.1853221288516
934,,560217,0.79,1229.1853221288516
935,,560225,2929.35,1229.1853221288516
936,,560245,235.96,1229.1853221288516
937,,560283,277.07,1229.1853221288516
938,,560290,332.03999999999996,1229.1853221288516
939,,560291,562.5,1229.1853221288516
940,,560292,321.45,1229.1853221288516
941,,560293,526.8,1229.1853221288516
942,,560294,148.37,1229.1853221288516
943,,560296,500.34,1229.1853221288516
944,,560297,51.0,1229.1853221288516
945,,560298,645.35,1229.1853221288516
946,,560367,12.75,1229.1853221288516
947,,560373,4287.63,1229.1853221288516
948,,560411,550.64,1229.1853221288516
949,,560419,717.23,1229.1853221288516
950,,560421,1592.49,1229.1853221288516
951,,560431,611.86,1229.1853221288516
952,,560433,1721.77,1229.1853221288516
953,,560434,2953.59,1229.1853221288516
954,,560438,294.92,1229.1853221288516
955,,560439,705.45,1229.1853221288516
956,,560494,20.4,1229.1853221288516
957,,560567,3342.95,1229.1853221288516
958,,560573,112.35,1229.1853221288516
959,,560575,106.4,1229.1853221288516
960,,560591,1.65,1229.1853221288516
961,,560658,451.42,1229.1853221288516
962,,560755,343.35,1229.1853221288516
963,,560772,3105.08,1229.1853221288516
964,,560773,2330.17,1229.1853221288516
965,,560775,1.25,1229.1853221288516
966,,560777,353.52,1229.1853221288516
967,,560778,332.89,1229.1853221288516
968,,560779,895.16,1229.1853221288516
969,,560780,806.67,1229.1853221288516
970,,560865,31.8,1229.1853221288516
971,,560900,3.79,1229.1853221288516
972,,560926,3814.99,1229.1853221288516
973,,560938,1584.36,1229.1853221288516
974,,560993,20.1,1229.1853221288516
975,,560995,5.84,1229.1853221288516
976,,560999,62.5,1229.1853221288516
977,,561000,3.3,1229.1853221288516
978,,561080,302.54,1229.1853221288516
979,,561090,180.98,1229.1853221288516
980,,561091,217.44,1229.1853221288516
981,,561209,2511.4,1229.1853221288516
982,,561214,1412.75,1229.1853221288516
983,,561217,1685.6399999999999,1229.1853221288516
984,,561218,1191.6299999999999,1229.1853221288516
985,,561243,36.68,1229.1853221288516
986,,561245,20.62,1229.1853221288516
987,,561333,12.75,1229.1853221288516
988,,561367,1557.3600000000001,1229.1853221288516
989,,561369,1627.48,1229.1853221288516
990,,561371,1083.06,1229.1853221288516
991,,561372,13.31,1229.1853221288516
992,,561509,10.850000000000001,1229.1853221288516
993,,561513,1115.78,1229.1853221288516
994,,561515,1617.03,1229.1853221288516
995,,561516,3.95,1229.1853221288516
996,,561651,1634.54,1229.1853221288516
997,,561667,436.83,1229.1853221288516
998,,561691,13.81,1229.1853221288516
999,,561820,1535.98,1229.1853221288516
1000,,561892,97.32,1229.1853221288516
1001,,562024,1580.52,1229.1853221288516
1002,,562104,3358.63,1229.1853221288516
1003,,562113,1674.5,1229.1853221288516
1004,,562114,1270.42,1229.1853221288516
1005,,562225,4.75,1229.1853221288516
1006,,562264,1490.62,1229.1853221288516
1007,,562350,39.9,1229.1853221288516
1008,,562417,1691.3799999999999,1229.1853221288516
1009,,562420,1691.32,1229.1853221288516
1010,,562530,16.92,1229.1853221288516
1011,,562536,6.6,1229.1853221288516
1012,,562553,1689.66,1229.1853221288516
1013,,562588,1.95,1229.1853221288516
1014,,562715,2138.62,1229.1853221288516
1015,,562717,1480.41,1229.1853221288516
1016,,562805,3.59,1229.1853221288516
1017,,562843,1718.73,1229.1853221288516
1018,,562846,4318.93,1229.1853221288516
1019,,562916,38.28,1229.1853221288516
1020,,562933,2697.53,1229.1853221288516
1021,,562934,1763.75,1229.1853221288516
1022,,562936,110.64,1229.1853221288516
1023,,562937,1.65,1229.1853221288516
1024,,562955,16677.260000000002,1229.1853221288516
1025,,563025,1.69,1229.1853221288516
1026,,563027,5.4,1229.1853221288516
1027,,563088,43.49,1229.1853221288516
1028,,563093,1319.78,1229.1853221288516
1029,,563160,39.95,1229.1853221288516
1030,,563190,6.25,1229.1853221288516
1031,,563193,1554.35,1229.1853221288516
1032,,563195,1598.57,1229.1853221288516
1033,,563439,3148.4,1229.1853221288516
1034,,563467,10.97,1229.1853221288516
1035,,563480,2.45,1229.1853221288516
1036,,563547,619.35,1229.1853221288516
1037,,563549,4109.72,1229.1853221288516
1038,,563579,1.25,1229.1853221288516
1039,,563687,8.32,1229.1853221288516
1040,,563717,15.8,1229.1853221288516
1041,,563820,10.0,1229.1853221288516
1042,,563930,10.02,1229.1853221288516
1043,,564018,4.25,1229.1853221288516
1044,,564021,24.03,1229.1853221288516
1045,,564086,160.0,1229.1853221288516
1046,,564087,2653.95,1229.1853221288516
1047,,564184,767.02,1229.1853221288516
1048,,564185,13.600000000000001,1229.1853221288516
1049,,564205,6.95,1229.1853221288516
1050,,564221,5064.8,1229.1853221288516
1051,,564230,5234.73,1229.1853221288516
1052,,564365,111.87,1229.1853221288516
1053,,564516,1019.6700000000001,1229.1853221288516
1054,,564530,312.5,1229.1853221288516
1055,,564628,7.5,1229.1853221288516
1056,,564646,1506.2,1229.1853221288516
1057,,564665,1.1,1229.1853221288516
1058,,564754,2026.73,1229.1853221288516
1059,,564755,1088.78,1229.1853221288516
1060,,564756,1288.42,1229.1853221288516
1061,,564757,1651.18,1229.1853221288516
1062,,564758,1645.83,1229.1853221288516
1063,,564760,1424.23,1229.1853221288516
1064,,564785,7.09,1229.1853221288516
1065,,564817,1523.8799999999999,1229.1853221288516
1066,,564818,1564.23,1229.1853221288516
1067,,564820,964.92,1229.1853221288516
1068,,564825,1509.44,1229.1853221288516
1069,,564835,1525.29,1229.1853221288516
1070,,564837,1892.1399999999999,1229.1853221288516
1071,,564838,1704.22,1229.1853221288516
1072,,564840,1448.14,1229.1853221288516
1073,,564841,1750.86,1229.1853221288516
1074,,564844,3.82,1229.1853221288516
1075,,564847,13.4,1229.1853221288516
1076,,564857,3236.94,1229.1853221288516
1077,,564951,8.25,1229.1853221288516
1078,,564954,2.34,1229.1853221288516
1079,,564974,1590.15,1229.1853221288516
1080,,565076,1.65,1229.1853221288516
1081,,565231,1542.6299999999999,1229.1853221288516
1082,,565232,1423.1,1229.1853221288516
1083,,565233,1656.08,1229.1853221288516
1084,,565234,2201.61,1229.1853221288516
1085,,565286,814.53,1229.1853221288516
1086,,565303,286.85,1229.1853221288516
1087,,565346,16.5,1229.1853221288516
1088,,565378,2605.74,1229.1853221288516
1089,,565396,1476.28,1229.1853221288516
1090,,565400,1.65,1229.1853221288516
1091,,565455,114.56,1229.1853221288516
1092,,565617,1458.44,1229.1853221288516
1093,,565755,6.5,1229.1853221288516
1094,,565764,34.75,1229.1853221288516
1095,,565767,2812.84,1229.1853221288516
1096,,565840,1746.79,1229.1853221288516
1097,,565841,1528.29,1229.1853221288516
1098,,565847,5557.66,1229.1853221288516
1099,,565852,14.1,1229.1853221288516
1100,,565917,1752.59,1229.1853221288516
1101,,565919,1846.68,1229.1853221288516
1102,,565927,1132.3799999999999,1229.1853221288516
1103,,565928,958.68,1229.1853221288516
1104,,566060,1878.67,1229.1853221288516
1105,,566072,37.77,1229.1853221288516
1106,,566164,2842.46,1229.1853221288516
1107,,566179,423.73,1229.1853221288516
1108,,566221,1648.29,1229.1853221288516
1109,,566224,18.990000000000002,1229.1853221288516
1110,,566446,1748.93,1229.1853221288516
1111,,566534,2437.77,1229.1853221288516
1112,,566577,1748.1100000000001,1229.1853221288516
1113,,566602,1433.66,1229.1853221288516
1114,,566603,1335.26,1229.1853221288516
1115,,566635,244.8,1229.1853221288516
1116,,566757,1313.43,1229.1853221288516
1117,,566761,6.8,1229.1853221288516
1118,,566787,2693.5699999999997,1229.1853221288516
1119,,566874,5.9,1229.1853221288516
1120,,566949,1516.98,1229.1853221288516
1121,,566952,2008.83,1229.1853221288516
1122,,566985,2117.26,1229.1853221288516
1123,,567024,2342.8,1229.1853221288516
1124,,567135,4.68,1229.1853221288516
1125,,567146,10.5,1229.1853221288516
1126,,567301,8.71,1229.1853221288516
1127,,567353,2653.95,1229.1853221288516
1128,,567427,9.49,1229.1853221288516
1129,,567461,2064.34,1229.1853221288516
1130,,567507,4102.39,1229.1853221288516
1131,,567539,68.68,1229.1853221288516
1132,,567665,1121.46,1229.1853221288516
1133,,567667,1427.3999999999999,1229.1853221288516
1134,,567668,1838.53,1229.1853221288516
1135,,567670,1844.69,1229.1853221288516
1136,,567671,2199.2799999999997,1229.1853221288516
1137,,567673,1555.8799999999999,1229.1853221288516
1138,,567674,1.7,1229.1853221288516
1139,,567901,1485.43,1229.1853221288516
1140,,567974,20.849999999999998,1229.1853221288516
1141,,567981,2275.04,1229.1853221288516
1142,,567982,9.93,1229.1853221288516
1143,,568057,2420.57,1229.1853221288516
1144,,568134,2159.73,1229.1853221288516
1145,,568135,1934.53,1229.1853221288516
1146,,568217,5.33,1229.1853221288516
1147,,568408,2162.45,1229.1853221288516
1148,,568411,2886.66,1229.1853221288516
1149,,568514,1.36,1229.1853221288516
1150,,568565,19.85,1229.1853221288516
1151,,568567,1978.27,1229.1853221288516
1152,,568691,16.5,1229.1853221288516
1153,,568693,100.37,1229.1853221288516
1154,,568716,1086.21,1229.1853221288516
1155,,568719,1803.83,1229.1853221288516
1156,,568721,1684.26,1229.1853221288516
1157,,568914,1.36,1229.1853221288516
1158,,568949,1670.72,1229.1853221288516
1159,,569031,41.6,1229.1853221288516
1160,,569137,2455.63,1229.1853221288516
1161,,569149,8.3,1229.1853221288516
1162,,569202,1818.09,1229.1853221288516
1163,,569237,51.58,1229.1853221288516
1164,,569321,278.15,1229.1853221288516
1165,,569372,1871.1299999999999,1229.1853221288516
1166,,569374,1951.59,1229.1853221288516
1167,,569414,4701.22,1229.1853221288516
1168,,569415,1821.56,1229.1853221288516
1169,,569516,6.95,1229.1853221288516
1170,,569534,7.84,1229.1853221288516
1171,,569544,1566.25,1229.1853221288516
1172,,569545,2014.98,1229.1853221288516
1173,,569551,1.65,1229.1853221288516
1174,,569676,67.65,1229.1853221288516
1175,,569700,1417.55,1229.1853221288516
1176,,569816,2.2,1229.1853221288516
1177,,569818,8.95,1229.1853221288516
1178,,569863,9.95,1229.1853221288516
1179,,569869,270.0,1229.1853221288516
1180,,569896,175.29,1229.1853221288516
1181,,569898,2037.0,1229.1853221288516
1182,,570087,2246.03,1229.1853221288516
1183,,570187,2350.68,1229.1853221288516
1184,,570202,6.32,1229.1853221288516
1185,,570236,57.59,1229.1853221288516
1186,,570258,3210.46,1229.1853221288516
1187,,570286,2.5,1229.1853221288516
1188,,570417,3.82,1229.1853221288516
1189,,570462,17.0,1229.1853221288516
1190,,570465,1786.18,1229.1853221288516
1191,,570470,7.34,1229.1853221288516
1192,,570472,14.1,1229.1853221288516
1193,,570473,34.15,1229.1853221288516
1194,,570474,18.75,1229.1853221288516
1195,,570475,64.56,1229.1853221288516
1196,,570497,3.33,1229.1853221288516
1197,,570592,2299.61,1229.1853221288516
1198,,570688,2326.73,1229.1853221288516
1199,,570690,1506.5,1229.1853221288516
1200,,570761,65.3,1229.1853221288516
1201,,570837,313.86,1229.1853221288516
1202,,570838,20.53,1229.1853221288516
1203,,570858,16.25,1229.1853221288516
1204,,570871,2110.05,1229.1853221288516
1205,,570872,1901.92,1229.1853221288516
1206,,571052,3.29,1229.1853221288516
1207,,571061,3049.0,1229.1853221288516
1208,,571082,1354.71,1229.1853221288516
1209,,571119,2733.65,1229.1853221288516
1210,,571222,14.25,1229.1853221288516
1211,,571256,2.89,1229.1853221288516
1212,,571257,1472.17,1229.1853221288516
1213,,571305,2729.23,1229.1853221288516
1214,,571500,169.70000000000002,1229.1853221288516
1215,,571508,2144.38,1229.1853221288516
1216,,571545,13.65,1229.1853221288516
1217,,571554,2884.29,1229.1853221288516
1218,,571652,423.42,1229.1853221288516
1219,,571700,5.95,1229.1853221288516
1220,,571703,2.08,1229.1853221288516
1221,,571713,1809.6499999999999,1229.1853221288516
1222,,571714,992.49,1229.1853221288516
1223,,571716,1911.8799999999999,1229.1853221288516
1224,,571797,3071.57,1229.1853221288516
1225,,571891,7.85,1229.1853221288516
1226,,571894,5.5,1229.1853221288516
1227,,571910,3.75,1229.1853221288516
1228,,571929,4.53,1229.1853221288516
1229,,571930,24.9,1229.1853221288516
1230,,571931,2120.09,1229.1853221288516
1231,,571932,1.65,1229.1853221288516
1232,,572072,1.36,1229.1853221288516
1233,,572097,42.28,1229.1853221288516
1234,,572099,15.2,1229.1853221288516
1235,,572185,2801.92,1229.1853221288516
1236,,572190,7.46,1229.1853221288516
1237,,572515,16.919999999999998,1229.1853221288516
1238,,572540,2900.83,1229.1853221288516
1239,,572549,1892.05,1229.1853221288516
1240,,572550,2324.63,1229.1853221288516
1241,,572553,2303.2,1229.1853221288516
1242,,572665,4.48,1229.1853221288516
1243,,572680,307.21,1229.1853221288516
1244,,572704,2394.1,1229.1853221288516
1245,,572757,25.0,1229.1853221288516
1246,,572758,2347.9,1229.1853221288516
1247,,572849,33.05,1229.1853221288516
1248,,572883,23.5,1229.1853221288516
1249,,572897,3567.56,1229.1853221288516
1250,,573025,8.7,1229.1853221288516
1251,,573137,1445.8799999999999,1229.1853221288516
1252,,573154,311.09999999999997,1229.1853221288516
1253,,573174,9.02,1229.1853221288516
1254,,573176,5.86,1229.1853221288516
1255,,573177,4.15,1229.1853221288516
1256,,573181,2.08,1229.1853221288516
1257,,573267,84.38,1229.1853221288516
1258,,573274,2362.83,1229.1853221288516
1259,,573286,398.74,1229.1853221288516
1260,,573290,11.25,1229.1853221288516
1261,,573307,11.27,1229.1853221288516
1262,,573308,34.05,1229.1853221288516
1263,,573310,9.89,1229.1853221288516
1264,,573313,30.509999999999998,1229.1853221288516
1265,,573426,1540.73,1229.1853221288516
1266,,573540,10.5,1229.1853221288516
1267,,573553,2534.37,1229.1853221288516
1268,,573580,1042.4,1229.1853221288516
1269,,573585,16874.58,1229.1853221288516
1270,,573589,0.55,1229.1853221288516
1271,,573601,1943.34,1229.1853221288516
1272,,573633,371.65,1229.1853221288516
1273,,573669,2.46,1229.1853221288516
1274,,573916,22.34,1229.1853221288516
1275,,574074,3638.9,1229.1853221288516
1276,,574076,3514.74,1229.1853221288516
1277,,574270,6.58,1229.1853221288516
1278,,574298,2880.25,1229.1853221288516
1279,,574309,2.55,1229.1853221288516
1280,,574356,3803.96,1229.1853221288516
1281,,574428,12.05,1229.1853221288516
1282,,574432,5.34,1229.1853221288516
1283,,574519,8.25,1229.1853221288516
1284,,574556,16.9,1229.1853221288516
1285,,574561,3016.47,1229.1853221288516
1286,,574574,15.149999999999999,1229.1853221288516
1287,,574742,5.0,1229.1853221288516
1288,,574856,3872.96,1229.1853221288516
1289,,574918,288.67,1229.1853221288516
1290,,574941,52940.94,1229.1853221288516
1291,,574950,3346.73,1229.1853221288516
1292,,574967,2898.19,1229.1853221288516
1293,,575057,4.15,1229.1853221288516
1294,,575084,17.35,1229.1853221288516
1295,,575130,12.01,1229.1853221288516
1296,,575138,5269.78,1229.1853221288516
1297,,575162,5.95,1229.1853221288516
1298,,575176,4363.88,1229.1853221288516
1299,,575177,3487.08,1229.1853221288516
1300,,575477,4638.39,1229.1853221288516
1301,,575601,83.8,1229.1853221288516
1302,,575649,383.46999999999997,1229.1853221288516
1303,,575677,17.7,1229.1853221288516
1304,,575696,10.0,1229.1853221288516
1305,,575739,4312.6,1229.1853221288516
1306,,575748,4365.75,1229.1853221288516
1307,,575759,132.95000000000002,1229.1853221288516
1308,,575844,14.28,1229.1853221288516
1309,,575875,4688.65,1229.1853221288516
1310,,575881,1.34,1229.1853221288516
1311,,575900,22.79,1229.1853221288516
1312,,575901,1.69,1229.1853221288516
1313,,575906,96.92,1229.1853221288516
1314,,575925,5.0,1229.1853221288516
1315,,575928,7.5,1229.1853221288516
1316,,575930,4526.33,1229.1853221288516
1317,,575934,4.199999999999999,1229.1853221288516
1318,,575947,4357.43,1229.1853221288516
1319,,575973,1068.91,1229.1853221288516
1320,,575974,31.6,1229.1853221288516
1321,,576234,326.1,1229.1853221288516
1322,,576329,4662.17,1229.1853221288516
1323,,576365,50653.91,1229.1853221288516
1324,,576391,3153.19,1229.1853221288516
1325,,576588,5.8100000000000005,1229.1853221288516
1326,,576617,5046.62,1229.1853221288516
1327,,576618,4872.67,1229.1853221288516
1328,,576644,5508.5199999999995,1229.1853221288516
1329,,576646,333.2,1229.1853221288516
1330,,576828,62.96,1229.1853221288516
1331,,576829,164.51,1229.1853221288516
1332,,576837,6081.09,1229.1853221288516
1333,,576840,5368.13,1229.1853221288516
1334,,577078,5217.83,1229.1853221288516
1335,,577150,7043.69,1229.1853221288516
1336,,577181,1496.04,1229.1853221288516
1337,,577231,22.5,1229.1853221288516
1338,,577358,5957.66,1229.1853221288516
1339,,577401,4.25,1229.1853221288516
1340,,577489,81.76,1229.1853221288516
1341,,577531,4785.89,1229.1853221288516
1342,,577768,4444.83,1229.1853221288516
1343,,577777,8.73,1229.1853221288516
1344,,577780,2.95,1229.1853221288516
1345,,577803,16.080000000000002,1229.1853221288516
1346,,577844,6167.53,1229.1853221288516
1347,,578037,9.5,1229.1853221288516
1348,,578065,4381.48,1229.1853221288516
1349,,578066,40.14,1229.1853221288516
1350,,578067,3826.2799999999997,1229.1853221288516
1351,,578149,8124.25,1229.1853221288516
1352,,578332,24.85,1229.1853221288516
1353,,578344,6215.59,1229.1853221288516
1354,,578347,5526.53,1229.1853221288516
1355,,578539,632.55,1229.1853221288516
1356,,578746,6778.73,1229.1853221288516
1357,,578788,12.46,1229.1853221288516
1358,,578823,75.0,1229.1853221288516
1359,,578827,5078.0199999999995,1229.1853221288516
1360,,578828,11.54,1229.1853221288516
1361,,578833,7483.83,1229.1853221288516
1362,,578842,12.3,1229.1853221288516
1363,,578844,4688.19,1229.1853221288516
1364,,578845,3.75,1229.1853221288516
1365,,578847,4.25,1229.1853221288516
1366,,578940,3310.12,1229.1853221288516
1367,,579187,5333.5199999999995,1229.1853221288516
1368,,579289,7.0600000000000005,1229.1853221288516
1369,,579291,4584.66,1229.1853221288516
1370,,579297,5402.23,1229.1853221288516
1371,,579352,54.14,1229.1853221288516
1372,,579361,21.85,1229.1853221288516
1373,,579463,16.4,1229.1853221288516
1374,,579471,3063.88,1229.1853221288516
1375,,579508,5805.01,1229.1853221288516
1376,,579512,4789.02,1229.1853221288516
1377,,579537,18.15,1229.1853221288516
1378,,579546,306.97,1229.1853221288516
1379,,579557,2739.38,1229.1853221288516
1380,,579694,3982.55,1229.1853221288516
1381,,579740,32.07,1229.1853221288516
1382,,579744,611.66,1229.1853221288516
1383,,579751,1058.71,1229.1853221288516
1384,,579777,6769.0599999999995,1229.1853221288516
1385,,579787,3127.18,1229.1853221288516
1386,,579909,75.51,1229.1853221288516
1387,,580115,7225.78,1229.1853221288516
1388,,580124,361.97,1229.1853221288516
1389,,580146,4992.68,1229.1853221288516
1390,,580148,862.49,1229.1853221288516
1391,,580150,16.53,1229.1853221288516
1392,,580366,198.26,1229.1853221288516
1393,,580367,6821.21,1229.1853221288516
1394,,580369,59.21,1229.1853221288516
1395,,580508,36.6,1229.1853221288516
1396,,580519,4171.41,1229.1853221288516
1397,,580521,7.95,1229.1853221288516
1398,,580537,29.51,1229.1853221288516
1399,,580610,7574.48,1229.1853221288516
1400,,580612,7000.88,1229.1853221288516
1401,,580674,4.97,1229.1853221288516
1402,,580683,8.3,1229.1853221288516
1403,,580699,7.5,1229.1853221288516
1404,,580709,6.7,1229.1853221288516
1405,,580715,6.25,1229.1853221288516
1406,,580724,4.54,1229.1853221288516
1407,,580729,9020.83,1229.1853221288516
1408,,580730,6870.2,1229.1853221288516
1409,,580732,35.099999999999994,1229.1853221288516
1410,,580739,10.440000000000001,1229.1853221288516
1411,,580748,9.95,1229.1853221288516
1412,,580754,4429.46,1229.1853221288516
1413,,580976,5.29,1229.1853221288516
1414,,580983,6114.03,1229.1853221288516
1415,,581023,6061.34,1229.1853221288516
1416,,581197,23.61,1229.1853221288516
1417,,581217,6947.75,1229.1853221288516
1418,,581219,8159.03,1229.1853221288516
1419,,581238,5370.55,1229.1853221288516
1420,,581256,4839.42,1229.1853221288516
1421,,581431,17.9,1229.1853221288516
1422,,581435,3.35,1229.1853221288516
1423,,581439,6637.59,1229.1853221288516
1424,,581492,7689.23,1229.1853221288516
1425,,581497,3217.2000000000003,1229.1853221288516
1426,,581498,5664.89,1229.1853221288516
1427,,A563185,11062.06,1229.1853221288516
1428,12346,541431,77183.6,77183.6
1429,12347,537626,711.79,615.7142857142857
1430,12347,542237,475.39,615.7142857142857
1431,12347,549222,636.25,615.7142857142857
1432,12347,556201,382.52,615.7142857142857
1433,12347,562032,584.91,615.7142857142857
1434,12347,573511,1294.32,615.7142857142857
1435,12347,581180,224.82,615.7142857142857
1436,12348,539318,892.8,449.31
1437,12348,541998,227.44,449.31
1438,12348,548955,367.0,449.31
1439,12348,568172,310.0,449.31
1440,12349,577609,1757.55,1757.55
1441,12350,543037,334.4,334.4
1442,12352,544156,296.5,313.255
1443,12352,545323,144.35,313.255
1444,12352,545332,840.3,313.255
1445,12352,546869,120.33,313.255
1446,12352,547390,160.32999999999998,313.255
1447,12352,567505,366.25,313.255
1448,12352,568699,266.25,313.255
1449,12352,574275,311.73,313.255
1450,12353,553900,89.0,89.0
1451,12354,550911,1079.4,1079.4
1452,12355,552449,459.4,459.4
1453,12356,541430,2271.62,937.1433333333333
1454,12356,549435,481.46,937.1433333333333
1455,12356,576895,58.35,937.1433333333333
1456,12357,574740,6207.67,6207.67
1457,12358,559707,484.86,584.03
1458,12358,581232,683.2,584.03
1459,12359,540946,547.5,1593.145
1460,12359,543370,1838.9099999999999,1593.145
1461,12359,555477,1109.32,1593.145
1462,12359,571034,2876.85,1593.145
1463,12360,554132,1083.58,887.3533333333334
1464,12360,563749,534.7,887.3533333333334
1465,12360,571705,1043.78,887.3533333333334
1466,12361,545017,189.9,189.9
1467,12362,544203,479.1,522.623
1468,12362,551346,495.24,522.623
1469,12362,559295,303.76,522.623
1470,12362,563037,469.25,522.623
1471,12362,568651,829.99,522.623
1472,12362,570667,355.8,522.623
1473,12362,572887,786.95,522.623
1474,12362,573173,499.16,522.623
1475,12362,574329,477.94,522.623
1476,12362,580979,529.04,522.623
1477,12363,549687,299.1,276.0
1478,12363,563947,252.89999999999998,276.0
1479,12364,563854,623.92,328.275
1480,12364,567897,79.8,328.275
1481,12364,573401,299.06,328.275
1482,12364,580152,310.32,328.275
1483,12365,544574,320.69,320.69
1484,12365,544578,320.69,320.69
1485,12367,580716,168.9,168.9
1486,12370,538826,1590.82,886.4224999999999
1487,12370,539330,277.2,886.4224999999999
1488,12370,546236,938.39,886.4224999999999
1489,12370,571905,739.28,886.4224999999999
1490,12371,570521,1527.96,943.98
1491,12371,572770,360.0,943.98
1492,12372,544157,399.21999999999997,432.68
1493,12372,552731,515.7,432.68
1494,12372,568872,383.12,432.68
1495,12373,542887,364.6,364.6
1496,12374,576345,742.93,742.93
1497,12375,565333,230.3,228.75
1498,12375,579281,227.2,228.75
1499,12377,539488,1001.52,814.06
1500,12377,542586,626.6,814.06
1501,12378,562046,4008.62,4008.62
1502,12379,557789,459.84,426.12
1503,12379,567196,392.4,426.12
1504,12380,555739,607.55,681.2025
1505,12380,567928,626.01,681.2025
1506,12380,571187,450.86,681.2025
1507,12380,577180,1040.39,681.2025
1508,12381,563100,1268.74,369.062
1509,12381,570681,6.0,369.062
1510,12381,570725,4.5,369.062
1511,12381,574694,419.06,369.062
1512,12381,580638,147.01,369.062
1513,12383,539840,600.72,370.11199999999997
1514,12383,540971,651.16,370.11199999999997
1515,12383,546434,357.07,370.11199999999997
1516,12383,550284,142.16,370.11199999999997
1517,12383,555928,99.45,370.11199999999997
1518,12384,562882,292.69,292.635
1519,12384,575734,292.58,292.635
1520,12386,537676,258.90000000000003,200.95000000000002
1521,12386,540280,143.0,200.95000000000002
1522,12388,541271,431.3,463.4433333333333
1523,12388,543357,124.05,463.4433333333333
1524,12388,546135,210.9,463.4433333333333
1525,12388,560033,902.09,463.4433333333333
1526,12388,568145,825.92,463.4433333333333
1527,12388,578459,286.4,463.4433333333333
1528,12390,567530,549.84,549.84
1529,12391,577228,460.89,460.89
1530,12393,540700,462.5,395.65
1531,12393,541149,177.0,395.65
1532,12393,549313,421.6,395.65
1533,12393,568708,521.5,395.65
1534,12394,552188,381.08,636.24
1535,12394,569997,891.4000000000001,636.24
1536,12395,537026,346.1,251.5525
1537,12395,539447,333.82,251.5525
1538,12395,543733,231.51,251.5525
1539,12395,547517,326.5,251.5525
1540,12395,551985,149.97,251.5525
1541,12395,552884,181.82,251.5525
1542,12395,558623,163.9,251.5525
1543,12395,563852,165.95,251.5525
1544,12395,569496,346.68,251.5525
1545,12395,575151,263.08,251.5525
1546,12395,575154,243.47,251.5525
1547,12395,577551,265.83,251.5525
1548,12397,561507,1214.81,1204.9499999999998
1549,12397,574336,1195.09,1204.9499999999998
1550,12398,572567,1635.6599999999999,1635.6599999999999
1551,12399,547412,288.05,277.1625
1552,12399,552543,480.9,277.1625
1553,12399,556203,130.08,277.1625
1554,12399,563172,209.62,277.1625
1555,12401,543537,84.3,84.3
1556,12402,541675,225.6,225.6
1557,12403,572184,427.7,427.7
1558,12405,559928,1710.3899999999999,1710.3899999999999
1559,12406,556127,1621.25,1707.65
1560,12406,577126,1794.05,1707.65
1561,12407,547061,226.29999999999998,341.62399999999997
1562,12407,550440,269.65999999999997,341.62399999999997
1563,12407,559058,719.06,341.62399999999997
1564,12407,561662,192.34,341.62399999999997
1565,12407,572133,300.76,341.62399999999997
1566,12408,547684,762.89,577.71
1567,12408,547685,74.7,577.71
1568,12408,557147,654.18,577.71
1569,12408,565246,642.28,577.71
1570,12408,574862,754.5,577.71
1571,12409,556415,6207.08,3690.89
1572,12409,567642,4.95,3690.89
1573,12409,567721,4860.64,3690.89
1574,12410,543180,625.33,346.665
1575,12410,543181,68.0,346.665
1576,12412,557889,514.5,408.96000000000004
1577,12412,561102,376.24,408.96000000000004
1578,12412,568223,336.14,408.96000000000004
1579,12413,540365,479.25,252.70000000000002
1580,12413,550338,84.65,252.70000000000002
1581,12413,569402,194.2,252.70000000000002
1582,12414,543027,153.76,187.47000000000003
1583,12414,550998,242.8,187.47000000000003
1584,12414,552202,165.85000000000002,187.47000000000003
1585,12415,540267,7011.38,5948.310952380953
1586,12415,540557,81.6,5948.310952380953
1587,12415,543989,14022.92,5948.310952380953
1588,12415,545475,16726.84,5948.310952380953
1589,12415,548661,350.0,5948.310952380953
1590,12415,553546,11924.8,5948.310952380953
1591,12415,554037,766.36,5948.310952380953
1592,12415,556917,22775.93,5948.310952380953
1593,12415,556918,650.88,5948.310952380953
1594,12415,559919,2735.16,5948.310952380953
1595,12415,559920,61.2,5948.310952380953
1596,12415,560491,158.65,5948.310952380953
1597,12415,563614,21880.44,5948.310952380953
1598,12415,565145,2732.92,5948.310952380953
1599,12415,565146,208.8,5948.310952380953
1600,12415,569647,828.0,5948.310952380953
1601,12415,569650,15643.77,5948.310952380953
1602,12415,574014,624.24,5948.310952380953
1603,12415,574138,375.24,5948.310952380953
1604,12415,576394,4925.8,5948.310952380953
1605,12415,576586,429.6,5948.310952380953
1606,12417,539391,291.34,405.4555555555555
1607,12417,541991,323.44,405.4555555555555
1608,12417,545536,410.0,405.4555555555555
1609,12417,551398,436.29999999999995,405.4555555555555
1610,12417,555574,437.19,405.4555555555555
1611,12417,562445,355.56,405.4555555555555
1612,12417,564378,562.69,405.4555555555555
1613,12417,573656,462.85,405.4555555555555
1614,12417,580965,369.73,405.4555555555555
1615,12418,563756,668.58,668.58
1616,12420,570000,600.39,600.39
1617,12421,541980,157.45,201.76
1618,12421,557297,239.35,201.76
1619,12421,563518,231.76,201.76
1620,12421,578339,178.48000000000002,201.76
1621,12422,541520,238.5,267.8533333333333
1622,12422,558041,417.36,267.8533333333333
1623,12422,565466,147.7,267.8533333333333
1624,12423,539676,237.93,232.41375
1625,12423,544474,192.31,232.41375
1626,12423,547109,347.35,232.41375
1627,12423,549249,255.36,232.41375
1628,12423,554147,333.82,232.41375
1629,12423,555161,84.92,232.41375
1630,12423,564853,198.98,232.41375
1631,12423,581493,208.64,232.41375
1632,12424,558536,1466.32,880.48
1633,12424,558537,294.64,880.48
1634,12425,567929,777.2,777.2
1635,12426,554985,582.73,582.73
1636,12427,536861,303.5,275.26666666666665
1637,12427,570452,282.58,275.26666666666665
1638,12427,577135,239.72000000000003,275.26666666666665
1639,12428,545226,1943.4,884.0511111111111
1640,12428,545227,2474.62,884.0511111111111
1641,12428,545336,551.2,884.0511111111111
1642,12428,547086,409.2,884.0511111111111
1643,12428,548363,558.4,884.0511111111111
1644,12428,549588,373.72,884.0511111111111
1645,12428,559004,632.44,884.0511111111111
1646,12428,563020,605.14,884.0511111111111
1647,12428,576082,408.34000000000003,884.0511111111111
1648,12429,538003,1281.5,937.6
1649,12429,551054,437.98,937.6
1650,12429,557427,1125.4,937.6
1651,12429,579881,905.52,937.6
1652,12430,573108,256.4,256.4
1653,12431,536389,358.25,432.49666666666667
1654,12431,539419,415.7,432.49666666666667
1655,12431,542542,384.68,432.49666666666667
1656,12431,544193,640.1,432.49666666666667
1657,12431,545065,412.55,432.49666666666667
1658,12431,552956,475.16,432.49666666666667
1659,12431,554126,472.09,432.49666666666667
1660,12431,560473,483.02,432.49666666666667
1661,12431,561040,505.46,432.49666666666667
1662,12431,561228,118.8,432.49666666666667
1663,12431,563179,608.76,432.49666666666667
1664,12431,569722,588.96,432.49666666666667
1665,12431,569723,89.80000000000001,432.49666666666667
1666,12431,570446,332.68,432.49666666666667
1667,12431,574469,601.44,432.49666666666667
1668,12432,557472,2862.06,1011.8639999999999
1669,12432,557474,454.6,1011.8639999999999
1670,12432,557754,700.0,1011.8639999999999
1671,12432,573195,978.06,1011.8639999999999
1672,12432,573200,64.6,1011.8639999999999
1673,12433,536532,1919.14,1910.8385714285716
1674,12433,537868,1867.98,1910.8385714285716
1675,12433,566195,2608.11,1910.8385714285716
1676,12433,573035,1498.66,1910.8385714285716
1677,12433,579692,2843.29,1910.8385714285716
1678,12433,581476,2618.89,1910.8385714285716
1679,12433,581491,19.8,1910.8385714285716
1680,12434,547659,286.25,403.07
1681,12434,567085,519.89,403.07
1682,12435,546780,3978.99,3914.9449999999997
1683,12435,567526,3850.9,3914.9449999999997
1684,12436,565124,509.01,509.01
1685,12437,540972,392.7,275.0783333333333
1686,12437,543030,150.5,275.0783333333333
1687,12437,544817,344.0,275.0783333333333
1688,12437,544818,95.76,275.0783333333333
1689,12437,546765,147.71,275.0783333333333
1690,12437,551389,209.1,275.0783333333333
1691,12437,553577,368.2,275.0783333333333
1692,12437,554555,267.12,275.0783333333333
1693,12437,556816,501.64,275.0783333333333
1694,12437,565321,269.58,275.0783333333333
1695,12437,565322,65.1,275.0783333333333
1696,12437,567910,222.6,275.0783333333333
1697,12437,573036,263.46,275.0783333333333
1698,12437,574093,736.55,275.0783333333333
1699,12437,574252,260.48,275.0783333333333
1700,12437,577344,198.6,275.0783333333333
1701,12437,579870,292.40999999999997,275.0783333333333
1702,12437,581279,165.9,275.0783333333333
1703,12438,560991,890.0699999999999,1453.425
1704,12438,578811,2016.78,1453.425
1705,12441,537693,173.55,173.55
1706,12442,580955,172.06,172.06
1707,12444,557621,1870.2,1001.092
1708,12444,562844,757.0699999999999,1001.092
1709,12444,566773,562.54,1001.092
1710,12444,570793,879.01,1001.092
1711,12444,577314,936.64,1001.092
1712,12445,577125,133.4,133.4
1713,12446,571035,1002.31,1002.31
1714,12447,549559,476.49,476.49
1715,12448,572886,449.45,449.45
1716,12449,555572,858.93,1016.8225
1717,12449,562034,777.95,1016.8225
1718,12449,566076,1087.7,1016.8225
1719,12449,577046,1342.71,1016.8225
1720,12450,557303,101.88,98.94
1721,12450,559148,96.0,98.94
1722,12451,541518,2919.51,1807.104
1723,12451,552013,2388.31,1807.104
1724,12451,569653,2539.56,1807.104
1725,12451,577157,925.64,1807.104
1726,12451,579259,262.5,1807.104
1727,12452,578099,350.57,215.285
1728,12452,578123,80.0,215.285
1729,12453,561627,707.09,707.09
1730,12454,571255,3528.34,3528.34
1731,12455,544097,1683.9,411.1433333333334
1732,12455,544331,15.0,411.1433333333334
1733,12455,555470,264.4,411.1433333333334
1734,12455,559135,134.5,411.1433333333334
1735,12455,562287,78.56,411.1433333333334
1736,12455,568554,290.5,411.1433333333334
1737,12456,548212,940.17,1060.3466666666666
1738,12456,561898,1325.23,1060.3466666666666
1739,12456,572896,915.64,1060.3466666666666
1740,12457,550188,669.25,337.6042857142857
1741,12457,550281,219.0,337.6042857142857
1742,12457,550671,179.0,337.6042857142857
1743,12457,566756,743.28,337.6042857142857
1744,12457,566916,160.0,337.6042857142857
1745,12457,567188,196.35,337.6042857142857
1746,12457,569489,196.35,337.6042857142857
1747,12458,545084,441.91999999999996,473.7
1748,12458,568950,505.48,473.7
1749,12461,559372,626.88,413.44
1750,12461,565785,200.0,413.44
1751,12462,543541,762.11,594.7950000000001
1752,12462,577606,427.48,594.7950000000001
1753,12463,549825,350.57,336.195
1754,12463,553415,297.38,336.195
1755,12463,557232,337.84,336.195
1756,12463,571445,358.99,336.195
1757,12464,543117,213.89999999999998,151.50625
1758,12464,545140,149.95,151.50625
1759,12464,554159,147.0,151.50625
1760,12464,554161,34.0,151.50625
1761,12464,559890,45.6,151.50625
1762,12464,564481,190.1,151.50625
1763,12464,577087,149.6,151.50625
1764,12464,579441,281.9,151.50625
1765,12465,557885,440.94,371.095
1766,12465,578084,301.25,371.095
1767,12468,542371,220.59,364.77
1768,12468,555523,508.95,364.77
1769,12471,538174,1982.4099999999999,660.8016666666666
1770,12471,538175,378.0,660.8016666666666
1771,12471,539395,1484.25,660.8016666666666
1772,12471,539398,29.7,660.8016666666666
1773,12471,541093,753.45,660.8016666666666
1774,12471,543056,947.4,660.8016666666666
1775,12471,544811,388.3,660.8016666666666
1776,12471,546920,845.3199999999999,660.8016666666666
1777,12471,546921,33.0,660.8016666666666
1778,12471,548745,624.29,660.8016666666666
1779,12471,548746,50.0,660.8016666666666
1780,12471,553037,774.5999999999999,660.8016666666666
1781,12471,553038,106.6,660.8016666666666
1782,12471,558841,30.0,660.8016666666666
1783,12471,559298,739.64,660.8016666666666
1784,12471,559300,208.62,660.8016666666666
1785,12471,563950,1127.02,660.8016666666666
1786,12471,564309,83.58,660.8016666666666
1787,12471,564360,530.22,660.8016666666666
1788,12471,566984,440.5,660.8016666666666
1789,12471,567924,223.26,660.8016666666666
1790,12471,569639,240.0,660.8016666666666
1791,12471,569640,2145.38,660.8016666666666
1792,12471,574097,725.72,660.8016666666666
1793,12471,576909,1072.1200000000001,660.8016666666666
1794,12471,578333,332.96,660.8016666666666
1795,12471,578469,590.32,660.8016666666666
1796,12471,579416,604.86,660.8016666666666
1797,12471,579419,94.02,660.8016666666666
1798,12471,581179,2238.5099999999998,660.8016666666666
1799,12472,537201,1631.3,938.8728571428572
1800,12472,542215,825.36,938.8728571428572
1801,12472,546843,592.18,938.8728571428572
1802,12472,556578,1266.66,938.8728571428572
1803,12472,561037,612.1,938.8728571428572
1804,12472,571824,1376.43,938.8728571428572
1805,12472,574885,268.08,938.8728571428572
1806,12473,555162,672.19,787.71
1807,12473,563540,514.06,787.71
1808,12473,571328,1697.98,787.71
1809,12473,575632,1013.86,787.71
1810,12473,575636,40.46,787.71
1811,12474,541125,47.5,409.7661111111111
1812,12474,541224,201.89999999999998,409.7661111111111
1813,12474,542229,350.4,409.7661111111111
1814,12474,544996,287.58,409.7661111111111
1815,12474,547005,806.47,409.7661111111111
1816,12474,547934,257.2,409.7661111111111
1817,12474,553547,760.28,409.7661111111111
1818,12474,554263,7.8,409.7661111111111
1819,12474,557569,427.76,409.7661111111111
1820,12474,558109,44.25,409.7661111111111
1821,12474,559710,191.6,409.7661111111111
1822,12474,561094,513.64,409.7661111111111
1823,12474,565261,465.68,409.7661111111111
1824,12474,570640,522.36,409.7661111111111
1825,12474,571312,572.23,409.7661111111111
1826,12474,572061,740.41,409.7661111111111
1827,12474,576607,762.56,409.7661111111111
1828,12474,578043,416.17,409.7661111111111
1829,12475,571308,723.38,723.38
1830,12476,538644,12.45,619.6745454545454
1831,12476,542648,549.58,619.6745454545454
1832,12476,543833,160.2,619.6745454545454
1833,12476,550527,1411.67,619.6745454545454
1834,12476,552008,311.2,619.6745454545454
1835,12476,560901,746.57,619.6745454545454
1836,12476,566987,533.6,619.6745454545454
1837,12476,572559,448.88,619.6745454545454
1838,12476,572560,648.28,619.6745454545454
1839,12476,576327,243.53,619.6745454545454
1840,12476,578472,1750.46,619.6745454545454
1841,12477,543737,2355.95,2203.29
1842,12477,550137,2221.02,2203.29
1843,12477,564856,4257.06,2203.29
1844,12477,570002,1059.24,2203.29
1845,12477,571227,1288.78,2203.29
1846,12477,576910,2037.6899999999998,2203.29
1847,12478,580752,680.99,680.99
1848,12479,579152,527.2,527.2
1849,12480,540480,816.25,820.4075
1850,12480,546851,771.02,820.4075
1851,12480,560569,557.6800000000001,820.4075
1852,12480,575896,1136.68,820.4075
1853,12481,537892,159.38,559.6320000000001
1854,12481,539636,631.96,559.6320000000001
1855,12481,540414,603.09,559.6320000000001
1856,12481,547925,602.86,559.6320000000001
1857,12481,547926,229.48,559.6320000000001
1858,12481,553731,738.96,559.6320000000001
1859,12481,553732,134.82,559.6320000000001
1860,12481,556517,1001.21,559.6320000000001
1861,12481,569563,1307.76,559.6320000000001
1862,12481,576893,186.8,559.6320000000001
1863,12483,540040,547.56,310.6225
1864,12483,551278,323.0,310.6225
1865,12483,552717,8.5,310.6225
1866,12483,553674,115.6,310.6225
1867,12483,556194,319.95,310.6225
1868,12483,565287,309.45,310.6225
1869,12483,573333,454.2,310.6225
1870,12483,578089,406.72,310.6225
1871,12484,540469,1138.67,756.9533333333334
1872,12484,557007,1137.99,756.9533333333334
1873,12484,564734,1246.49,756.9533333333334
1874,12484,564858,140.0,756.9533333333334
1875,12484,574550,738.57,756.9533333333334
1876,12484,574838,140.0,756.9533333333334
1877,12488,568137,553.39,432.8866666666667
1878,12488,573442,214.06,432.8866666666667
1879,12488,579529,531.21,432.8866666666667
1880,12489,540463,334.93,334.93
1881,12490,541120,864.22,541.793
1882,12490,552325,331.5,541.793
1883,12490,557489,484.06,541.793
1884,12490,561029,412.93,541.793
1885,12490,564912,424.06,541.793
1886,12490,565854,1035.82,541.793
1887,12490,574068,633.44,541.793
1888,12490,576222,411.71999999999997,541.793
1889,12490,577856,357.88,541.793
1890,12490,580536,462.3,541.793
1891,12491,573868,460.4,460.4
1892,12492,564666,126.39,131.605
1893,12492,570189,136.82,131.605
1894,12493,554826,232.5,216.87
1895,12493,558124,201.24,216.87
1896,12494,537967,57.599999999999994,178.0142857142857
1897,12494,539113,4.95,178.0142857142857
1898,12494,544200,250.0,178.0142857142857
1899,12494,554940,403.09,178.0142857142857
1900,12494,558699,153.22,178.0142857142857
1901,12494,573402,214.74,178.0142857142857
1902,12494,578348,162.5,178.0142857142857
1903,12497,567298,1043.1,1043.1
1904,12498,570881,247.25,134.56666666666666
1905,12498,577299,126.0,134.56666666666666
1906,12498,577301,30.45,134.56666666666666
1907,12500,540553,344.94,387.07454545454544
1908,12500,544281,373.97999999999996,387.07454545454544
1909,12500,545557,249.83999999999997,387.07454545454544
1910,12500,546919,241.44,387.07454545454544
1911,12500,557972,185.64000000000001,387.07454545454544
1912,12500,564475,378.0,387.07454545454544
1913,12500,569727,150.25,387.07454545454544
1914,12500,571729,617.04,387.07454545454544
1915,12500,571739,3.0,387.07454545454544
1916,12500,572134,1096.65,387.07454545454544
1917,12500,576869,617.04,387.07454545454544
1918,12501,540458,2169.39,2169.39
1919,12502,543055,617.25,744.774
1920,12502,546755,702.8,744.774
1921,12502,552040,522.6,744.774
1922,12502,562273,788.87,744.774
1923,12502,565519,1092.35,744.774
1924,12504,575352,449.4,241.02499999999998
1925,12504,577776,32.65,241.02499999999998
1926,12506,550821,73.5,73.5
1927,12507,543822,446.15999999999997,434.93666666666667
1928,12507,559187,46.75,434.93666666666667
1929,12507,561669,811.9,434.93666666666667
1930,12508,575692,275.19,199.135
1931,12508,576064,123.08,199.135
1932,12509,545181,176.5,176.5
1933,12510,541491,681.05,491.28499999999997
1934,12510,560607,301.52,491.28499999999997
1935,12512,569527,122.33,69.015
1936,12512,569529,15.7,69.015
1937,12513,563753,612.29,612.29
1938,12514,546875,1017.6800000000001,1017.6800000000001
1939,12515,539752,383.7,383.7
1940,12516,556469,583.2,656.03
1941,12516,567959,728.86,656.03
1942,12517,555383,766.95,500.56800000000004
1943,12517,562537,771.75,500.56800000000004
1944,12517,568472,417.2,500.56800000000004
1945,12517,575886,492.94,500.56800000000004
1946,12517,575888,54.0,500.56800000000004
1947,12518,563914,324.83,411.378
1948,12518,568103,524.9,411.378
1949,12518,570718,381.06,411.378
1950,12518,575787,486.96,411.378
1951,12518,581494,339.14,411.378
1952,12519,570007,340.84,340.84
1953,12520,546365,987.42,526.8520000000001
1954,12520,547715,246.54,526.8520000000001
1955,12520,553741,463.6,526.8520000000001
1956,12520,560728,348.29,526.8520000000001
1957,12520,567666,588.41,526.8520000000001
1958,12521,560635,599.68,599.68
1959,12522,571904,89.4,96.36
1960,12522,573629,103.32,96.36
1961,12523,540851,102.95,162.70636363636365
1962,12523,544585,143.4,162.70636363636365
1963,12523,546770,115.09,162.70636363636365
1964,12523,548553,138.75,162.70636363636365
1965,12523,561470,204.75,162.70636363636365
1966,12523,563897,128.55,162.70636363636365
1967,12523,564226,184.26,162.70636363636365
1968,12523,567657,124.38,162.70636363636365
1969,12523,569921,157.0,162.70636363636365
1970,12523,572925,228.22,162.70636363636365
1971,12523,577512,262.42,162.70636363636365
1972,12524,540562,337.39,560.715
1973,12524,544483,525.34,560.715
1974,12524,545533,475.44,560.715
1975,12524,551529,1094.33,560.715
1976,12524,553842,400.88,560.715
1977,12524,558608,289.1,560.715
1978,12524,570082,1055.44,560.715
1979,12524,579786,307.8,560.715
1980,12526,565765,520.3,438.8866666666666
1981,12526,571304,519.28,438.8866666666666
1982,12526,581574,277.08,438.8866666666666
1983,12527,541480,132.52,116.23666666666668
1984,12527,544340,152.4,116.23666666666668
1985,12527,567291,63.79,116.23666666666668
1986,12528,542621,493.53,322.24666666666667
1987,12528,545916,278.13,322.24666666666667
1988,12528,559899,281.71,322.24666666666667
1989,12528,563548,234.0,322.24666666666667
1990,12528,570095,274.51,322.24666666666667
1991,12528,579747,371.6,322.24666666666667
1992,12530,540410,387.4,415.57
1993,12530,550665,417.6,415.57
1994,12530,562605,416.65,415.57
1995,12530,570637,440.63,415.57
1996,12531,578705,125.22,125.22
1997,12532,575326,349.83,349.83
1998,12534,561911,1089.18,1089.18
1999,12535,555637,371.45,358.17499999999995
2000,12535,566074,344.9,358.17499999999995
2001,12536,570672,4279.71,4200.610000000001
2002,12536,573077,4161.06,4200.610000000001
2003,12536,573080,4161.06,4200.610000000001
2004,12538,575707,363.95,363.95
2005,12539,540550,1715.85,1392.0875
2006,12539,542303,1715.85,1392.0875
2007,12539,547387,1085.99,1392.0875
2008,12539,577039,1050.66,1392.0875
2009,12540,538525,881.01,788.2494117647059
2010,12540,540801,1147.1799999999998,788.2494117647059
2011,12540,542905,288.98,788.2494117647059
2012,12540,547703,1140.76,788.2494117647059
2013,12540,551868,1380.11,788.2494117647059
2014,12540,555095,1306.49,788.2494117647059
2015,12540,555726,357.99,788.2494117647059
2016,12540,559173,416.62,788.2494117647059
2017,12540,561093,1358.3899999999999,788.2494117647059
2018,12540,564201,509.34,788.2494117647059
2019,12540,566040,459.99,788.2494117647059
2020,12540,567340,971.65,788.2494117647059
2021,12540,568001,277.48,788.2494117647059
2022,12540,569998,422.8,788.2494117647059
2023,12540,571665,1019.47,788.2494117647059
2024,12540,575144,573.71,788.2494117647059
2025,12540,577476,888.27,788.2494117647059
2026,12541,545585,312.4,327.06
2027,12541,557314,223.73999999999998,327.06
2028,12541,575514,445.03999999999996,327.06
2029,12544,574301,372.7,372.7
2030,12545,547790,628.15,500.195
2031,12545,568179,372.24,500.195
2032,12546,567968,760.2,580.75
2033,12546,572442,401.3,580.75
2034,12547,545647,159.4,103.9
2035,12547,554792,48.4,103.9
2036,12548,558108,95.19999999999999,95.19999999999999
2037,12550,567653,964.83,964.83
2038,12551,539351,168.0,168.0
2039,12552,573508,317.82,218.91
2040,12552,573768,120.0,218.91
2041,12553,541138,700.31,369.22799999999995
2042,12553,544423,6.3,369.22799999999995
2043,12553,545583,317.25,369.22799999999995
2044,12553,547722,357.90999999999997,369.22799999999995
2045,12553,553843,352.85,369.22799999999995
2046,12553,559422,284.75,369.22799999999995
2047,12553,563926,400.22,369.22799999999995
2048,12553,570841,477.55,369.22799999999995
2049,12553,576245,518.12,369.22799999999995
2050,12553,580120,277.02,369.22799999999995
2051,12556,559665,312.9,301.855
2052,12556,572065,290.81,301.855
2053,12557,536944,620.0,2398.192
2054,12557,540785,3417.1200000000003,2398.192
2055,12557,547972,817.5,2398.192
2056,12557,558871,4146.34,2398.192
2057,12557,578321,2990.0,2398.192
2058,12558,580158,269.96,269.96
2059,12559,541877,486.11,280.855
2060,12559,542926,75.6,280.855
2061,12560,560590,1292.31,711.3366666666667
2062,12560,563853,144.0,711.3366666666667
2063,12560,580511,697.7,711.3366666666667
2064,12561,543587,238.85,238.85
2065,12562,554648,444.96000000000004,540.2485714285714
2066,12562,557069,510.27,540.2485714285714
2067,12562,562450,650.0,540.2485714285714
2068,12562,567191,388.64,540.2485714285714
2069,12562,571240,513.6,540.2485714285714
2070,12562,576941,619.9,540.2485714285714
2071,12562,580126,654.37,540.2485714285714
2072,12564,547520,456.9,456.9
2073,12565,544838,145.92,145.92
2074,12566,566739,351.65,351.65
2075,12567,537065,1526.92,940.1279999999999
2076,12567,537468,415.46,940.1279999999999
2077,12567,543188,1236.73,940.1279999999999
2078,12567,554097,705.21,940.1279999999999
2079,12567,555933,286.34,940.1279999999999
2080,12567,555936,286.34,940.1279999999999
2081,12567,556507,1650.1,940.1279999999999
2082,12567,564173,851.06,940.1279999999999
2083,12567,565443,891.8199999999999,940.1279999999999
2084,12567,576927,1551.3,940.1279999999999
2085,12569,548654,348.68,128.89656250000002
2086,12569,550004,279.18,128.89656250000002
2087,12569,550162,168.54000000000002,128.89656250000002
2088,12569,551818,238.74,128.89656250000002
2089,12569,551886,129.18,128.89656250000002
2090,12569,556114,142.14,128.89656250000002
2091,12569,558626,95.28,128.89656250000002
2092,12569,560544,60.65,128.89656250000002
2093,12569,560545,105.6,128.89656250000002
2094,12569,562729,102.98,128.89656250000002
2095,12569,563373,115.3,128.89656250000002
2096,12569,564329,96.75,128.89656250000002
2097,12569,565423,91.86,128.89656250000002
2098,12569,565777,106.80000000000001,128.89656250000002
2099,12569,566059,86.0,128.89656250000002
2100,12569,569867,320.4,128.89656250000002
2101,12569,569907,77.4,128.89656250000002
2102,12569,570784,103.5,128.89656250000002
2103,12569,572060,85.68,128.89656250000002
2104,12569,572894,52.0,128.89656250000002
2105,12569,572895,67.74000000000001,128.89656250000002
2106,12569,574255,92.25,128.89656250000002
2107,12569,576390,130.85,128.89656250000002
2108,12569,576789,60.12,128.89656250000002
2109,12569,576790,67.75,128.89656250000002
2110,12569,578295,204.3,128.89656250000002
2111,12569,579901,208.19,128.89656250000002
2112,12569,580154,67.0,128.89656250000002
2113,12569,580531,92.55,128.89656250000002
2114,12569,580548,69.0,128.89656250000002
2115,12569,581183,151.38,128.89656250000002
2116,12569,581184,106.89999999999999,128.89656250000002
2117,12571,562894,248.35,259.805
2118,12571,573428,271.26,259.805
2119,12572,571724,532.74,510.21000000000004
2120,12572,579927,487.68,510.21000000000004
2121,12573,551163,160.54,160.54
2122,12574,542425,218.45,218.45
2123,12576,543411,266.85,263.166
2124,12576,551988,154.8,263.166
2125,12576,559834,239.2,263.166
2126,12576,565470,275.7,263.166
2127,12576,574343,379.28,263.166
2128,12577,539050,195.89,219.26666666666665
2129,12577,574501,327.89,219.26666666666665
2130,12577,574506,134.02,219.26666666666665
2131,12578,541115,1608.66,1397.255
2132,12578,577316,1185.85,1397.255
2133,12579,567915,440.42,440.42
2134,12580,549193,415.7,415.7
2135,12581,573417,197.71,197.71
2136,12582,544886,205.16,255.68
2137,12582,550192,306.2,255.68
2138,12583,536370,855.86,485.42533333333336
2139,12583,540455,730.16,485.42533333333336
2140,12583,543625,321.56,485.42533333333336
2141,12583,546373,712.85,485.42533333333336
2142,12583,554134,421.96000000000004,485.42533333333336
2143,12583,556463,360.18,485.42533333333336
2144,12583,557627,257.3,485.42533333333336
2145,12583,559441,329.24,485.42533333333336
2146,12583,564471,243.1,485.42533333333336
2147,12583,567552,540.8,485.42533333333336
2148,12583,569120,327.23,485.42533333333336
2149,12583,570851,314.20000000000005,485.42533333333336
2150,12583,575067,774.45,485.42533333333336
2151,12583,577687,397.71999999999997,485.42533333333336
2152,12583,581001,694.77,485.42533333333336
2153,12584,545664,463.63,259.7944444444445
2154,12584,555843,159.11,259.7944444444445
2155,12584,561259,147.1,259.7944444444445
2156,12584,562424,12.75,259.7944444444445
2157,12584,567478,279.8,259.7944444444445
2158,12584,570919,318.06,259.7944444444445
2159,12584,573365,343.0,259.7944444444445
2160,12584,577809,414.25,259.7944444444445
2161,12584,580746,200.45,259.7944444444445
2162,12585,539957,1262.85,1020.05
2163,12585,550620,777.25,1020.05
2164,12586,578078,196.94,196.94
2165,12587,580265,144.0,144.0
2166,12588,573588,214.9,214.9
2167,12589,560363,131.5,323.34
2168,12589,575747,515.18,323.34
2169,12590,552978,9341.26,4932.13
2170,12590,552980,523.0,4932.13
2171,12591,542238,452.84999999999997,452.84999999999997
2172,12592,552649,231.8,218.8
2173,12592,566054,205.8,218.8
2174,12593,551887,236.0,139.36666666666667
2175,12593,562039,85.8,139.36666666666667
2176,12593,564159,96.3,139.36666666666667
2177,12594,541703,341.0,333.822
2178,12594,544399,256.0,333.822
2179,12594,547914,297.5,333.822
2180,12594,547931,28.0,333.822
2181,12594,550606,255.04,333.822
2182,12594,555107,587.45,333.822
2183,12594,556119,42.96,333.822
2184,12594,562922,721.95,333.822
2185,12594,572457,722.4,333.822
2186,12594,574022,85.92,333.822
2187,12596,549682,269.95,309.135
2188,12596,571851,348.32,309.135
2189,12597,546760,516.15,952.805
2190,12597,556241,912.66,952.805
2191,12597,573362,2176.45,952.805
2192,12597,577523,205.96,952.805
2193,12598,545105,720.86,377.885
2194,12598,551539,528.88,377.885
2195,12598,551552,36.0,377.885
2196,12598,558687,298.64,377.885
2197,12598,568994,361.76,377.885
2198,12598,575845,336.8,377.885
2199,12598,577502,576.29,377.885
2200,12598,579634,163.85,377.885
2201,12599,543459,201.86,147.51142857142855
2202,12599,545051,110.6,147.51142857142855
2203,12599,553195,151.4,147.51142857142855
2204,12599,558334,134.28,147.51142857142855
2205,12599,559685,78.6,147.51142857142855
2206,12599,562520,180.29999999999998,147.51142857142855
2207,12599,575629,175.54,147.51142857142855
2208,12600,536967,76.5,259.904
2209,12600,539327,198.3,259.904
2210,12600,543048,427.94,259.904
2211,12600,547085,124.08000000000001,259.904
2212,12600,551467,286.88,259.904
2213,12600,553884,202.26,259.904
2214,12600,560230,345.23,259.904
2215,12600,563776,275.37,259.904
2216,12600,567134,282.9,259.904
2217,12600,575750,379.58,259.904
2218,12601,540769,144.26,115.41199999999999
2219,12601,543550,113.1,115.41199999999999
2220,12601,548412,111.0,115.41199999999999
2221,12601,553885,140.6,115.41199999999999
2222,12601,555417,68.1,115.41199999999999
2223,12602,570724,153.12,153.12
2224,12603,577168,739.2,739.2
2225,12604,547492,178.5,127.09
2226,12604,567640,75.67999999999999,127.09
2227,12607,570467,1579.51,1579.51
2228,12609,542128,287.93,375.6166666666666
2229,12609,555719,512.8,375.6166666666666
2230,12609,567904,326.12,375.6166666666666
2231,12610,562528,946.75,419.908
2232,12610,564476,309.5,419.908
2233,12610,572695,435.09,419.908
2234,12610,572934,160.0,419.908
2235,12610,576907,248.2,419.908
2236,12611,571670,1193.32,1193.32
2237,12612,568350,704.04,704.04
2238,12613,547383,803.66,668.876
2239,12613,547384,18.0,668.876
2240,12613,554699,501.83000000000004,668.876
2241,12613,554700,139.02999999999997,668.876
2242,12613,571065,1881.86,668.876
2243,12614,545718,315.6,315.6
2244,12615,558045,634.74,572.7975
2245,12615,568798,576.65,572.7975
2246,12615,574104,656.95,572.7975
2247,12615,581171,422.85,572.7975
2248,12616,544069,255.6,356.65
2249,12616,565612,457.7,356.65
2250,12617,575661,355.53000000000003,355.53000000000003
2251,12618,577178,177.31,177.31
2252,12619,548489,205.98,404.5822222222222
2253,12619,550625,425.68,404.5822222222222
2254,12619,558895,389.68,404.5822222222222
2255,12619,559987,688.0,404.5822222222222
2256,12619,563345,378.12,404.5822222222222
2257,12619,566586,199.8,404.5822222222222
2258,12619,567958,473.12,404.5822222222222
2259,12619,574653,482.15999999999997,404.5822222222222
2260,12619,578298,398.7,404.5822222222222
2261,12620,553838,561.66,446.47
2262,12620,567380,377.66,446.47
2263,12620,578698,400.09000000000003,446.47
2264,12621,537894,464.61,684.4835
2265,12621,539405,919.04,684.4835
2266,12621,543900,642.29,684.4835
2267,12621,544573,892.9499999999999,684.4835
2268,12621,547821,960.0,684.4835
2269,12621,551258,1209.8,684.4835
2270,12621,552337,667.11,684.4835
2271,12621,552874,918.4,684.4835
2272,12621,552875,186.52,684.4835
2273,12621,554325,495.1,684.4835
2274,12621,557055,633.55,684.4835
2275,12621,557056,49.8,684.4835
2276,12621,560211,561.06,684.4835
2277,12621,564140,415.17,684.4835
2278,12621,564972,1179.64,684.4835
2279,12621,567305,402.7,684.4835
2280,12621,567336,662.9,684.4835
2281,12621,571658,630.55,684.4835
2282,12621,576629,610.28,684.4835
2283,12621,581266,1188.2,684.4835
2284,12622,550960,180.1,180.1
2285,12623,545994,305.1,305.1
2286,12624,556886,299.94,320.565
2287,12624,564531,341.19,320.565
2288,12625,541965,1716.62,1341.9099999999999
2289,12625,552878,967.2,1341.9099999999999
2290,12626,541269,1096.0,735.6088888888888
2291,12626,542375,178.10000000000002,735.6088888888888
2292,12626,558628,814.74,735.6088888888888
2293,12626,560876,1159.06,735.6088888888888
2294,12626,562370,1062.84,735.6088888888888
2295,12626,563808,463.26,735.6088888888888
2296,12626,569844,1377.55,735.6088888888888
2297,12626,573106,216.96,735.6088888888888
2298,12626,576863,251.97,735.6088888888888
2299,12627,560997,768.02,639.79
2300,12627,562035,438.15999999999997,639.79
2301,12627,564079,630.39,639.79
2302,12627,564082,72.0,639.79
2303,12627,565442,819.26,639.79
2304,12627,569893,1183.72,639.79
2305,12627,579393,566.98,639.79
2306,12628,569721,333.64,262.15333333333336
2307,12628,574713,237.57,262.15333333333336
2308,12628,580648,215.25,262.15333333333336
2309,12630,572964,701.79,635.44
2310,12630,579550,569.09,635.44
2311,12631,571053,640.5,640.5
2312,12633,544933,1012.8199999999999,540.995
2313,12633,554861,716.73,540.995
2314,12633,562038,219.2,540.995
2315,12633,570754,215.23000000000002,540.995
2316,12635,559362,683.64,844.5899999999999
2317,12635,566233,1005.54,844.5899999999999
2318,12637,541631,1516.68,752.7375000000001
2319,12637,547194,201.24,752.7375000000001
2320,12637,547196,4.63,752.7375000000001
2321,12637,550145,669.2,752.7375000000001
2322,12637,559036,662.35,752.7375000000001
2323,12637,565865,1304.7,752.7375000000001
2324,12637,566163,1304.7,752.7375000000001
2325,12637,569332,358.4,752.7375000000001
2326,12638,574690,671.69,671.69
2327,12639,550277,486.1,486.1
2328,12640,567293,764.59,391.52666666666664
2329,12640,576373,332.23,391.52666666666664
2330,12640,576669,77.75999999999999,391.52666666666664
2331,12641,563443,185.9,185.9
2332,12642,564216,366.45,337.75333333333333
2333,12642,572054,291.96,337.75333333333333
2334,12642,576322,354.85,337.75333333333333
2335,12643,540789,871.2,557.44
2336,12643,551649,202.48000000000002,557.44
2337,12643,551652,338.24,557.44
2338,12643,556305,480.0,557.44
2339,12643,557483,250.5,557.44
2340,12643,562207,1202.22,557.44
2341,12644,562045,477.90999999999997,477.90999999999997
2342,12645,542369,369.3,443.795
2343,12645,551820,429.6,443.795
2344,12645,564039,511.96,443.795
2345,12645,574679,464.32,443.795
2346,12646,572215,731.69,673.485
2347,12646,580553,615.28,673.485
2348,12647,537197,286.5,310.23499999999996
2349,12647,537198,85.5,310.23499999999996
2350,12647,537594,596.8,310.23499999999996
2351,12647,539403,224.8,310.23499999999996
2352,12647,546925,464.7,310.23499999999996
2353,12647,549434,350.76,310.23499999999996
2354,12647,554363,293.25,310.23499999999996
2355,12647,559316,276.6,310.23499999999996
2356,12647,562527,307.8,310.23499999999996
2357,12647,566267,356.11,310.23499999999996
2358,12647,567914,158.85,310.23499999999996
2359,12647,577027,321.15,310.23499999999996
2360,12648,559421,318.05,318.05
2361,12649,552844,375.0,207.83666666666667
2362,12649,564337,233.20999999999998,207.83666666666667
2363,12649,564338,15.3,207.83666666666667
2364,12650,580986,314.44,314.44
2365,12651,540521,114.0,114.0
2366,12652,540976,919.98,919.98
2367,12653,544108,779.1,1104.925
2368,12653,559948,1430.75,1104.925
2369,12654,544302,166.6,120.396
2370,12654,554711,123.05,120.396
2371,12654,554713,48.1,120.396
2372,12654,574071,171.23,120.396
2373,12654,579276,93.0,120.396
2374,12656,550661,541.2,810.234
2375,12656,553997,1118.4,810.234
2376,12656,563288,1161.07,810.234
2377,12656,568645,644.75,810.234
2378,12656,578033,585.75,810.234
2379,12657,567793,618.4399999999999,410.79499999999996
2380,12657,573316,42.5,410.79499999999996
2381,12657,579190,491.12,410.79499999999996
2382,12657,579193,491.12,410.79499999999996
2383,12658,577615,686.05,686.05
2384,12659,575581,91.68,91.68
2385,12660,579153,245.1,245.1
2386,12662,536527,261.48,349.97999999999996
2387,12662,543121,336.7,349.97999999999996
2388,12662,545988,301.4,349.97999999999996
2389,12662,550178,444.82,349.97999999999996
2390,12662,555553,493.68,349.97999999999996
2391,12662,560566,431.66,349.97999999999996
2392,12662,564328,383.92,349.97999999999996
2393,12662,571556,521.62,349.97999999999996
2394,12662,576890,328.65,349.97999999999996
2395,12662,576891,120.9,349.97999999999996
2396,12662,581570,224.95,349.97999999999996
2397,12664,541756,661.58,542.4311111111111
2398,12664,550924,642.0,542.4311111111111
2399,12664,560549,653.9,542.4311111111111
2400,12664,566598,319.6,542.4311111111111
2401,12664,569522,310.0,542.4311111111111
2402,12664,570769,334.79999999999995,542.4311111111111
2403,12664,574332,760.0,542.4311111111111
2404,12664,578300,310.0,542.4311111111111
2405,12664,580123,890.0,542.4311111111111
2406,12665,541517,63.0,63.0
2407,12667,570875,620.13,620.13
2408,12668,539466,469.87,951.7874999999999
2409,12668,542713,1009.8,951.7874999999999
2410,12668,547822,1444.8,951.7874999999999
2411,12668,579094,882.6800000000001,951.7874999999999
2412,12669,547892,1136.3,914.6766666666666
2413,12669,548913,1136.3,914.6766666666666
2414,12669,559704,471.43,914.6766666666666
2415,12670,550827,633.05,599.21
2416,12670,554356,393.34000000000003,599.21
2417,12670,565239,608.08,599.21
2418,12670,575671,665.46,599.21
2419,12670,579492,696.12,599.21
2420,12672,541121,225.9,225.9
2421,12673,541277,220.9,305.26
2422,12673,580512,389.62,305.26
2423,12674,553208,586.74,492.65
2424,12674,557669,390.06,492.65
2425,12674,566115,425.2,492.65
2426,12674,573867,568.6,492.65
2427,12676,542911,509.5,221.8983333333333
2428,12676,547645,197.89999999999998,221.8983333333333
2429,12676,555403,121.55,221.8983333333333
2430,12676,562600,169.1,221.8983333333333
2431,12676,569018,151.68,221.8983333333333
2432,12676,576519,181.66,221.8983333333333
2433,12678,539688,150.0,1469.0383333333332
2434,12678,539727,71.28,1469.0383333333332
2435,12678,545086,353.43,1469.0383333333332
2436,12678,548496,3243.13,1469.0383333333332
2437,12678,548725,134.0,1469.0383333333332
2438,12678,555531,1939.52,1469.0383333333332
2439,12678,559889,915.46,1469.0383333333332
2440,12678,564862,145.0,1469.0383333333332
2441,12678,564897,1330.44,1469.0383333333332
2442,12678,567756,398.24,1469.0383333333332
2443,12678,573153,8895.76,1469.0383333333332
2444,12678,573273,52.2,1469.0383333333332
2445,12679,545301,794.06,278.255
2446,12679,553666,112.32,278.255
2447,12679,566492,94.32,278.255
2448,12679,570798,112.32,278.255
2449,12680,563712,311.78,215.7025
2450,12680,566256,112.38,215.7025
2451,12680,568518,189.2,215.7025
2452,12680,581587,249.45,215.7025
2453,12681,537463,1033.52,626.7063636363636
2454,12681,539607,1084.59,626.7063636363636
2455,12681,540178,556.07,626.7063636363636
2456,12681,540642,1238.06,626.7063636363636
2457,12681,541567,752.75,626.7063636363636
2458,12681,542735,417.53999999999996,626.7063636363636
2459,12681,546428,343.29,626.7063636363636
2460,12681,546678,565.54,626.7063636363636
2461,12681,547327,523.98,626.7063636363636
2462,12681,550313,545.57,626.7063636363636
2463,12681,553161,415.28,626.7063636363636
2464,12681,554650,568.74,626.7063636363636
2465,12681,555547,709.91,626.7063636363636
2466,12681,559418,579.26,626.7063636363636
2467,12681,559607,532.48,626.7063636363636
2468,12681,568040,790.54,626.7063636363636
2469,12681,572986,490.19,626.7063636363636
2470,12681,572992,121.92,626.7063636363636
2471,12681,575193,718.99,626.7063636363636
2472,12681,576894,291.86,626.7063636363636
2473,12681,577121,800.96,626.7063636363636
2474,12681,578736,706.5,626.7063636363636
2475,12682,536974,336.24,396.3941935483871
2476,12682,538093,739.05,396.3941935483871
2477,12682,540239,835.11,396.3941935483871
2478,12682,542904,510.85,396.3941935483871
2479,12682,542922,490.89,396.3941935483871
2480,12682,546479,479.40000000000003,396.3941935483871
2481,12682,548737,585.55,396.3941935483871
2482,12682,553044,495.98,396.3941935483871
2483,12682,553316,139.88,396.3941935483871
2484,12682,554109,205.5,396.3941935483871
2485,12682,555096,458.84000000000003,396.3941935483871
2486,12682,556819,420.94,396.3941935483871
2487,12682,556820,364.15,396.3941935483871
2488,12682,558813,474.36,396.3941935483871
2489,12682,559699,192.8,396.3941935483871
2490,12682,559819,256.7,396.3941935483871
2491,12682,560452,99.6,396.3941935483871
2492,12682,563189,412.88,396.3941935483871
2493,12682,564479,470.40000000000003,396.3941935483871
2494,12682,564906,250.8,396.3941935483871
2495,12682,566873,240.28,396.3941935483871
2496,12682,567296,339.01,396.3941935483871
2497,12682,570267,113.4,396.3941935483871
2498,12682,570409,313.18,396.3941935483871
2499,12682,573891,825.8100000000001,396.3941935483871
2500,12682,575519,319.23,396.3941935483871
2501,12682,575584,245.4,396.3941935483871
2502,12682,577295,374.68,396.3941935483871
2503,12682,578835,153.72,396.3941935483871
2504,12682,579708,506.96000000000004,396.3941935483871
2505,12682,580753,636.63,396.3941935483871
2506,12683,537897,213.88,565.1046666666666
2507,12683,538008,849.2,565.1046666666666
2508,12683,541405,732.14,565.1046666666666
2509,12683,545235,352.2,565.1046666666666
2510,12683,547504,877.88,565.1046666666666
2511,12683,547508,378.0,565.1046666666666
2512,12683,551544,692.84,565.1046666666666
2513,12683,551545,24.9,565.1046666666666
2514,12683,552946,296.53,565.1046666666666
2515,12683,555937,669.36,565.1046666666666
2516,12683,564670,1130.95,565.1046666666666
2517,12683,565931,404.31,565.1046666666666
2518,12683,572087,1056.9,565.1046666666666
2519,12683,580705,712.48,565.1046666666666
2520,12683,580706,85.0,565.1046666666666
2521,12684,552631,489.1,326.23285714285714
2522,12684,553357,30.0,326.23285714285714
2523,12684,554840,398.0,326.23285714285714
2524,12684,557734,462.38,326.23285714285714
2525,12684,570020,247.76,326.23285714285714
2526,12684,576399,476.99,326.23285714285714
2527,12684,580144,179.4,326.23285714285714
2528,12685,565801,549.24,477.18
2529,12685,565930,1057.18,477.18
2530,12685,568176,222.6,477.18
2531,12685,570879,331.72,477.18
2532,12685,571923,289.22,477.18
2533,12685,575884,413.12,477.18
2534,12686,536852,89.14,89.14
2535,12688,563613,4873.81,4873.81
2536,12689,562275,511.03,623.8050000000001
2537,12689,576087,736.58,623.8050000000001
2538,12690,553566,389.01,389.01
2539,12691,539435,180.0,172.63333333333333
2540,12691,541981,190.2,172.63333333333333
2541,12691,542132,36.0,172.63333333333333
2542,12691,560272,150.10000000000002,172.63333333333333
2543,12691,570823,303.09999999999997,172.63333333333333
2544,12691,575916,176.4,172.63333333333333
2545,12693,541962,162.05,213.9775
2546,12693,547071,239.85,213.9775
2547,12693,552871,228.87,213.9775
2548,12693,562435,225.14,213.9775
2549,12694,556258,439.5,434.83500000000004
2550,12694,569122,430.17,434.83500000000004
2551,12695,553143,89.25,145.525
2552,12695,564314,244.65,145.525
2553,12695,569531,163.1,145.525
2554,12695,580285,85.1,145.525
2555,12697,557939,390.5,319.19666666666666
2556,12697,561890,343.41,319.19666666666666
2557,12697,575736,223.68,319.19666666666666
2558,12700,552315,1092.43,1234.9975
2559,12700,559134,1056.62,1234.9975
2560,12700,569568,1476.19,1234.9975
2561,12700,580160,1314.75,1234.9975
2562,12701,549680,337.08,398.855
2563,12701,567578,460.63,398.855
2564,12702,577406,219.0,219.0
2565,12703,569001,283.55,283.55
2566,12704,557803,329.56,292.605
2567,12704,562274,360.81,292.605
2568,12704,564558,410.55,292.605
2569,12704,567938,245.55,292.605
2570,12704,574442,561.28,292.605
2571,12704,577067,164.72,292.605
2572,12704,577069,69.61,292.605
2573,12704,580281,198.76,292.605
2574,12705,539446,858.0,763.1433333333333
2575,12705,549316,1321.25,763.1433333333333
2576,12705,554104,984.85,763.1433333333333
2577,12705,558881,998.42,763.1433333333333
2578,12705,568056,842.62,763.1433333333333
2579,12705,573289,968.45,763.1433333333333
2580,12705,578024,639.2,763.1433333333333
2581,12705,578425,72.0,763.1433333333333
2582,12705,578509,183.5,763.1433333333333
2583,12707,544470,603.42,603.42
2584,12708,537250,196.44,271.291
2585,12708,541122,284.62,271.291
2586,12708,545709,282.66,271.291
2587,12708,550946,202.5,271.291
2588,12708,554137,371.95,271.291
2589,12708,556509,289.77,271.291
2590,12708,564749,403.83,271.291
2591,12708,568674,367.37,271.291
2592,12708,574869,280.77,271.291
2593,12708,575498,33.0,271.291
2594,12709,537673,522.7,649.1013333333334
2595,12709,539401,792.99,649.1013333333334
2596,12709,542106,1116.9,649.1013333333334
2597,12709,545295,762.5,649.1013333333334
2598,12709,548320,418.7,649.1013333333334
2599,12709,550002,68.0,649.1013333333334
2600,12709,552211,246.07999999999998,649.1013333333334
2601,12709,555282,1225.26,649.1013333333334
2602,12709,560038,875.28,649.1013333333334
2603,12709,561468,440.7,649.1013333333334
2604,12709,565440,761.68,649.1013333333334
2605,12709,568987,824.8299999999999,649.1013333333334
2606,12709,570792,533.12,649.1013333333334
2607,12709,573136,268.68,649.1013333333334
2608,12709,578626,879.1,649.1013333333334
2609,12710,554106,718.96,383.00666666666666
2610,12710,558717,71.4,383.00666666666666
2611,12710,565416,358.65999999999997,383.00666666666666
2612,12712,536983,175.53,338.1638461538462
2613,12712,537995,295.1,338.1638461538462
2614,12712,540900,250.65,338.1638461538462
2615,12712,542782,314.15,338.1638461538462
2616,12712,545706,219.3,338.1638461538462
2617,12712,546759,300.7,338.1638461538462
2618,12712,552656,565.25,338.1638461538462
2619,12712,554324,146.8,338.1638461538462
2620,12712,556443,627.4,338.1638461538462
2621,12712,560202,776.0500000000001,338.1638461538462
2622,12712,564367,242.14999999999998,338.1638461538462
2623,12712,572241,250.4,338.1638461538462
2624,12712,575732,232.65,338.1638461538462
2625,12713,581578,848.55,848.55
2626,12714,544355,968.3,941.7719999999999
2627,12714,553411,793.62,941.7719999999999
2628,12714,556529,513.26,941.7719999999999
2629,12714,564372,1114.52,941.7719999999999
2630,12714,579792,1319.16,941.7719999999999
2631,12715,564539,353.86,353.86
2632,12716,561795,677.9,526.745
2633,12716,580736,375.59000000000003,526.745
2634,12717,549325,609.74,515.49
2635,12717,559680,421.24,515.49
2636,12718,568988,238.25,238.25
2637,12719,569686,283.6,322.475
2638,12719,580509,361.35,322.475
2639,12720,537212,473.39,231.26919999999998
2640,12720,539408,183.74,231.26919999999998
2641,12720,542626,279.3,231.26919999999998
2642,12720,543492,168.9,231.26919999999998
2643,12720,547379,498.32,231.26919999999998
2644,12720,549614,293.24,231.26919999999998
2645,12720,551728,133.6,231.26919999999998
2646,12720,551729,20.8,231.26919999999998
2647,12720,554794,215.51999999999998,231.26919999999998
2648,12720,555093,74.96,231.26919999999998
2649,12720,557850,276.93,231.26919999999998
2650,12720,559797,267.04,231.26919999999998
2651,12720,559798,100.32,231.26919999999998
2652,12720,562137,221.04,231.26919999999998
2653,12720,562568,107.4,231.26919999999998
2654,12720,565759,358.84,231.26919999999998
2655,12720,565760,16.5,231.26919999999998
2656,12720,567512,138.48,231.26919999999998
2657,12720,569562,485.78,231.26919999999998
2658,12720,571565,163.1,231.26919999999998
2659,12720,573424,76.96,231.26919999999998
2660,12720,576657,409.02,231.26919999999998
2661,12720,578547,324.74,231.26919999999998
2662,12720,578550,111.34,231.26919999999998
2663,12720,581000,382.47,231.26919999999998
2664,12721,539551,286.6,442.68833333333333
2665,12721,543484,455.02,442.68833333333333
2666,12721,549274,366.2,442.68833333333333
2667,12721,556259,591.09,442.68833333333333
2668,12721,567618,342.9,442.68833333333333
2669,12721,575049,614.32,442.68833333333333
2670,12722,559782,302.92,249.4075
2671,12722,563202,46.65,249.4075
2672,12722,563502,580.08,249.4075
2673,12722,566918,67.98,249.4075
2674,12723,569699,265.51,145.01399999999998
2675,12723,569701,33.9,145.01399999999998
2676,12723,578277,329.12,145.01399999999998
2677,12723,578287,19.259999999999998,145.01399999999998
2678,12723,580756,77.28,145.01399999999998
2679,12724,540835,154.9,257.85249999999996
2680,12724,557295,125.46000000000001,257.85249999999996
2681,12724,567300,542.81,257.85249999999996
2682,12724,580534,208.24,257.85249999999996
2683,12725,537022,427.8,427.8
2684,12726,539407,170.28,372.7285714285714
2685,12726,542433,401.58,372.7285714285714
2686,12726,547087,316.02,372.7285714285714
2687,12726,552464,223.4,372.7285714285714
2688,12726,555941,356.03999999999996,372.7285714285714
2689,12726,566736,357.32,372.7285714285714
2690,12726,575880,784.46,372.7285714285714
2691,12727,541857,514.5,568.6714285714286
2692,12727,544115,919.66,568.6714285714286
2693,12727,545515,534.76,568.6714285714286
2694,12727,545517,38.4,568.6714285714286
2695,12727,555569,793.0799999999999,568.6714285714286
2696,12727,565587,537.3,568.6714285714286
2697,12727,579345,643.0,568.6714285714286
2698,12728,540824,252.54,209.08249999999998
2699,12728,545180,200.72,209.08249999999998
2700,12728,547863,164.05,209.08249999999998
2701,12728,568953,219.01999999999998,209.08249999999998
2702,12729,563662,453.01,453.01
2703,12731,538196,1071.9,1574.6591666666666
2704,12731,542629,3174.43,1574.6591666666666
2705,12731,548409,1937.06,1574.6591666666666
2706,12731,548410,413.4,1574.6591666666666
2707,12731,548606,252.0,1574.6591666666666
2708,12731,552851,1381.3,1574.6591666666666
2709,12731,557247,1359.58,1574.6591666666666
2710,12731,560398,1734.58,1574.6591666666666
2711,12731,566816,2377.9,1574.6591666666666
2712,12731,569097,1192.5,1574.6591666666666
2713,12731,571864,2503.74,1574.6591666666666
2714,12731,576672,1497.52,1574.6591666666666
2715,12732,556526,236.26,236.26
2716,12733,550644,383.95,383.95
2717,12734,539829,110.39999999999999,110.39999999999999
2718,12735,540351,319.77,389.78499999999997
2719,12735,542535,459.8,389.78499999999997
2720,12736,540688,234.0,234.0
2721,12738,536840,155.35,155.35
2722,12739,565218,975.54,506.52
2723,12739,567824,37.5,506.52
2724,12740,570030,427.6,427.6
2725,12743,561658,347.35,273.21500000000003
2726,12743,561661,199.08,273.21500000000003
2727,12744,542102,2053.07,3039.8985714285714
2728,12744,548813,4037.77,3039.8985714285714
2729,12744,548820,2053.07,3039.8985714285714
2730,12744,548968,2118.74,3039.8985714285714
2731,12744,560360,3949.32,3039.8985714285714
2732,12744,571239,999.26,3039.8985714285714
2733,12744,571751,6068.0599999999995,3039.8985714285714
2734,12747,537215,358.56,381.4554545454546
2735,12747,538537,347.71,381.4554545454546
2736,12747,541677,303.04,381.4554545454546
2737,12747,545321,310.78,381.4554545454546
2738,12747,551992,442.96,381.4554545454546
2739,12747,554549,328.35,381.4554545454546
2740,12747,558265,376.3,381.4554545454546
2741,12747,563949,301.7,381.4554545454546
2742,12747,569397,675.38,381.4554545454546
2743,12747,577104,312.73,381.4554545454546
2744,12747,581163,438.5,381.4554545454546
2745,12748,536521,4.95,161.3384210526316
2746,12748,536641,4.25,161.3384210526316
2747,12748,537136,273.76,161.3384210526316
2748,12748,537140,70.42,161.3384210526316
2749,12748,537142,41.45,161.3384210526316
2750,12748,537155,75.64,161.3384210526316
2751,12748,537213,8.65,161.3384210526316
2752,12748,537225,496.48,161.3384210526316
2753,12748,537354,133.07,161.3384210526316
2754,12748,537429,82.12,161.3384210526316
2755,12748,537624,306.84000000000003,161.3384210526316
2756,12748,537800,69.78999999999999,161.3384210526316
2757,12748,537804,130.64,161.3384210526316
2758,12748,537871,167.09,161.3384210526316
2759,12748,538000,101.9,161.3384210526316
2760,12748,538049,18.4,161.3384210526316
2761,12748,538050,15.9,161.3384210526316
2762,12748,538205,336.16,161.3384210526316
2763,12748,538207,271.47,161.3384210526316
2764,12748,538209,185.06,161.3384210526316
2765,12748,538280,612.1,161.3384210526316
2766,12748,538283,10.29,161.3384210526316
2767,12748,538288,1.9,161.3384210526316
2768,12748,538667,1.9,161.3384210526316
2769,12748,538669,0.95,161.3384210526316
2770,12748,538836,234.85999999999999,161.3384210526316
2771,12748,539085,164.64,161.3384210526316
2772,12748,539181,135.44,161.3384210526316
2773,12748,539216,16.15,161.3384210526316
2774,12748,539334,25.95,161.3384210526316
2775,12748,539455,121.02,161.3384210526316
2776,12748,539754,69.29,161.3384210526316
2777,12748,539921,20.3,161.3384210526316
2778,12748,539953,12.35,161.3384210526316
2779,12748,539987,6.95,161.3384210526316
2780,12748,540251,12.75,161.3384210526316
2781,12748,540257,238.54999999999998,161.3384210526316
2782,12748,541248,8.52,161.3384210526316
2783,12748,541432,158.95,161.3384210526316
2784,12748,544315,23.95,161.3384210526316
2785,12748,544686,7.8,161.3384210526316
2786,12748,544819,69.59,161.3384210526316
2787,12748,545062,275.25,161.3384210526316
2788,12748,545159,13.05,161.3384210526316
2789,12748,545979,111.0,161.3384210526316
2790,12748,546366,106.11,161.3384210526316
2791,12748,546380,13.0,161.3384210526316
2792,12748,546381,19.740000000000002,161.3384210526316
2793,12748,546412,70.28999999999999,161.3384210526316
2794,12748,546991,167.43,161.3384210526316
2795,12748,547227,147.6,161.3384210526316
2796,12748,547669,163.46,161.3384210526316
2797,12748,547809,185.1,161.3384210526316
2798,12748,547816,25.25,161.3384210526316
2799,12748,547818,76.2,161.3384210526316
2800,12748,547819,94.19,161.3384210526316
2801,12748,548656,16.7,161.3384210526316
2802,12748,548657,8.8,161.3384210526316
2803,12748,549523,32.65,161.3384210526316
2804,12748,550320,625.27,161.3384210526316
2805,12748,551419,400.0,161.3384210526316
2806,12748,551424,16.95,161.3384210526316
2807,12748,551530,2.1,161.3384210526316
2808,12748,552036,211.15,161.3384210526316
2809,12748,552189,10.08,161.3384210526316
2810,12748,552242,62.67999999999999,161.3384210526316
2811,12748,552243,84.49,161.3384210526316
2812,12748,552244,29.89,161.3384210526316
2813,12748,552245,108.87,161.3384210526316
2814,12748,552246,19.720000000000002,161.3384210526316
2815,12748,552247,21.39,161.3384210526316
2816,12748,552248,7.15,161.3384210526316
2817,12748,552249,35.97,161.3384210526316
2818,12748,552250,3.3,161.3384210526316
2819,12748,552251,22.14,161.3384210526316
2820,12748,552304,183.29999999999998,161.3384210526316
2821,12748,552307,95.85,161.3384210526316
2822,12748,552693,21.6,161.3384210526316
2823,12748,552829,465.85999999999996,161.3384210526316
2824,12748,552861,27.310000000000002,161.3384210526316
2825,12748,552959,474.6,161.3384210526316
2826,12748,553015,56.2,161.3384210526316
2827,12748,553016,7.5,161.3384210526316
2828,12748,554924,12.85,161.3384210526316
2829,12748,554947,100.47999999999999,161.3384210526316
2830,12748,555091,170.02,161.3384210526316
2831,12748,555620,13.0,161.3384210526316
2832,12748,555854,167.81,161.3384210526316
2833,12748,555875,7.25,161.3384210526316
2834,12748,556067,269.9,161.3384210526316
2835,12748,556068,5.76,161.3384210526316
2836,12748,556456,3.75,161.3384210526316
2837,12748,556910,873.87,161.3384210526316
2838,12748,556922,14.25,161.3384210526316
2839,12748,557250,68.44,161.3384210526316
2840,12748,557524,38.08,161.3384210526316
2841,12748,557635,194.89,161.3384210526316
2842,12748,557783,4.94,161.3384210526316
2843,12748,557800,7.95,161.3384210526316
2844,12748,557953,35.01,161.3384210526316
2845,12748,558330,299.71,161.3384210526316
2846,12748,558527,1.65,161.3384210526316
2847,12748,558702,156.17000000000002,161.3384210526316
2848,12748,558705,37.78,161.3384210526316
2849,12748,558707,100.33,161.3384210526316
2850,12748,558708,10.76,161.3384210526316
2851,12748,558770,115.55,161.3384210526316
2852,12748,559508,103.97,161.3384210526316
2853,12748,559688,5.8,161.3384210526316
2854,12748,560089,82.53,161.3384210526316
2855,12748,560412,207.94,161.3384210526316
2856,12748,560863,127.83,161.3384210526316
2857,12748,561629,1.68,161.3384210526316
2858,12748,561802,161.68,161.3384210526316
2859,12748,561895,1.25,161.3384210526316
2860,12748,562199,174.0,161.3384210526316
2861,12748,562426,29.7,161.3384210526316
2862,12748,562552,9.9,161.3384210526316
2863,12748,562590,53.52,161.3384210526316
2864,12748,562591,46.56,161.3384210526316
2865,12748,563576,146.19,161.3384210526316
2866,12748,564336,101.66,161.3384210526316
2867,12748,564534,106.03,161.3384210526316
2868,12748,564540,38.41,161.3384210526316
2869,12748,564555,51.3,161.3384210526316
2870,12748,564556,66.87,161.3384210526316
2871,12748,564815,74.1,161.3384210526316
2872,12748,565251,11.309999999999999,161.3384210526316
2873,12748,565399,3.12,161.3384210526316
2874,12748,565782,303.92,161.3384210526316
2875,12748,565860,9.36,161.3384210526316
2876,12748,566190,211.49,161.3384210526316
2877,12748,566281,2026.7,161.3384210526316
2878,12748,566861,59.8,161.3384210526316
2879,12748,567157,663.6,161.3384210526316
2880,12748,568374,31.6,161.3384210526316
2881,12748,568703,1313.52,161.3384210526316
2882,12748,569100,381.87,161.3384210526316
2883,12748,569123,1132.55,161.3384210526316
2884,12748,569635,287.94,161.3384210526316
2885,12748,569837,15.03,161.3384210526316
2886,12748,569865,54.6,161.3384210526316
2887,12748,569906,1.9,161.3384210526316
2888,12748,570119,5.9,161.3384210526316
2889,12748,570214,224.53,161.3384210526316
2890,12748,570445,12.12,161.3384210526316
2891,12748,571779,318.3,161.3384210526316
2892,12748,572293,50.0,161.3384210526316
2893,12748,572308,54.51,161.3384210526316
2894,12748,572310,20.08,161.3384210526316
2895,12748,572663,60.44,161.3384210526316
2896,12748,572833,30.82,161.3384210526316
2897,12748,572834,64.32,161.3384210526316
2898,12748,572881,907.0,161.3384210526316
2899,12748,572889,185.35,161.3384210526316
2900,12748,573890,27.8,161.3384210526316
2901,12748,574025,263.53999999999996,161.3384210526316
2902,12748,574470,71.7,161.3384210526316
2903,12748,574531,37.29,161.3384210526316
2904,12748,574738,249.64,161.3384210526316
2905,12748,574840,248.59,161.3384210526316
2906,12748,574866,252.27,161.3384210526316
2907,12748,575117,242.6,161.3384210526316
2908,12748,575652,469.65,161.3384210526316
2909,12748,575694,171.85,161.3384210526316
2910,12748,575837,349.73,161.3384210526316
2911,12748,575894,220.7,161.3384210526316
2912,12748,576389,850.5,161.3384210526316
2913,12748,576623,1301.0,161.3384210526316
2914,12748,576857,228.58,161.3384210526316
2915,12748,576864,206.28,161.3384210526316
2916,12748,576865,103.69,161.3384210526316
2917,12748,576889,293.92,161.3384210526316
2918,12748,577057,539.97,161.3384210526316
2919,12748,577177,4.16,161.3384210526316
2920,12748,578021,30.349999999999998,161.3384210526316
2921,12748,578147,193.51,161.3384210526316
2922,12748,578153,193.29,161.3384210526316
2923,12748,578155,176.94,161.3384210526316
2924,12748,578211,319.71,161.3384210526316
2925,12748,578264,123.64,161.3384210526316
2926,12748,578266,141.68,161.3384210526316
2927,12748,578267,12.75,161.3384210526316
2928,12748,578268,5.45,161.3384210526316
2929,12748,578278,488.25,161.3384210526316
2930,12748,578285,81.06,161.3384210526316
2931,12748,578288,49.0,161.3384210526316
2932,12748,578308,34.29,161.3384210526316
2933,12748,578400,168.13,161.3384210526316
2934,12748,578461,193.75,161.3384210526316
2935,12748,578630,170.51999999999998,161.3384210526316
2936,12748,578757,420.41,161.3384210526316
2937,12748,578783,364.13,161.3384210526316
2938,12748,578814,266.1,161.3384210526316
2939,12748,579188,466.71999999999997,161.3384210526316
2940,12748,579430,198.33,161.3384210526316
2941,12748,579453,108.74000000000001,161.3384210526316
2942,12748,579517,34.12,161.3384210526316
2943,12748,579518,78.22,161.3384210526316
2944,12748,579520,186.68,161.3384210526316
2945,12748,580048,139.03,161.3384210526316
2946,12748,580149,5.45,161.3384210526316
2947,12748,580460,52.09,161.3384210526316
2948,12748,580468,118.53999999999999,161.3384210526316
2949,12748,580611,363.79,161.3384210526316
2950,12748,581449,138.82,161.3384210526316
2951,12748,581473,96.89,161.3384210526316
2952,12748,581474,61.55,161.3384210526316
2953,12748,581580,94.11,161.3384210526316
2954,12749,552694,859.1,818.176
2955,12749,561926,1866.43,818.176
2956,12749,561928,29.7,818.176
2957,12749,577009,572.59,818.176
2958,12749,580750,763.06,818.176
2959,12750,562130,275.88,275.88
2960,12752,567306,4366.78,4366.78
2961,12753,538397,3590.59,3571.565
2962,12753,543518,5735.24,3571.565
2963,12753,545448,15.3,3571.565
2964,12753,548993,3599.38,3571.565
2965,12753,561388,3680.4,3571.565
2966,12753,576923,4808.48,3571.565
2967,12754,543179,45.57,1003.5799999999999
2968,12754,545845,16.05,1003.5799999999999
2969,12754,550344,2949.12,1003.5799999999999
2970,12755,537899,3794.4,1905.9750000000001
2971,12755,545645,17.549999999999997,1905.9750000000001
2972,12756,566623,112.08,112.08
2973,12757,553017,602.83,604.3923076923077
2974,12757,553018,557.72,604.3923076923077
2975,12757,554155,1241.98,604.3923076923077
2976,12757,554301,1241.98,604.3923076923077
2977,12757,554305,557.72,604.3923076923077
2978,12757,555862,243.2,604.3923076923077
2979,12757,560694,835.65,604.3923076923077
2980,12757,569866,1578.8700000000001,604.3923076923077
2981,12757,569870,151.9,604.3923076923077
2982,12757,571901,149.75,604.3923076923077
2983,12757,575743,305.3,604.3923076923077
2984,12757,576257,49.5,604.3923076923077
2985,12757,578463,340.7,604.3923076923077
2986,12758,545937,1570.19,1395.795
2987,12758,563241,1221.4,1395.795
2988,12759,546027,444.8,510.48
2989,12759,557525,637.72,510.48
2990,12759,571697,448.91999999999996,510.48
2991,12762,576269,461.59,949.26
2992,12762,580153,1436.93,949.26
2993,12763,537218,320.08,247.04
2994,12763,561063,174.0,247.04
2995,12764,542276,1693.88,1693.88
2996,12766,537818,1149.29,998.5185714285715
2997,12766,540546,686.48,998.5185714285715
2998,12766,544495,973.65,998.5185714285715
2999,12766,549953,1206.29,998.5185714285715
3000,12766,559907,936.48,998.5185714285715
3001,12766,570964,1319.01,998.5185714285715
3002,12766,580734,718.4300000000001,998.5185714285715
3003,12769,550201,1143.6,1143.6
3004,12770,553045,1351.45,1351.45
3005,12772,570499,892.47,892.47
3006,12775,542894,214.45,277.20799999999997
3007,12775,547365,235.71,277.20799999999997
3008,12775,554038,294.72,277.20799999999997
3009,12775,555407,419.8,277.20799999999997
3010,12775,578082,221.36,277.20799999999997
3011,12778,542720,134.48,137.03833333333333
3012,12778,546433,117.92999999999999,137.03833333333333
3013,12778,547825,155.65,137.03833333333333
3014,12778,556235,84.0,137.03833333333333
3015,12778,570191,171.93,137.03833333333333
3016,12778,577474,158.24,137.03833333333333
3017,12779,536971,248.16,497.67
3018,12779,541267,613.22,497.67
3019,12779,543214,337.2,497.67
3020,12779,546642,317.78,497.67
3021,12779,548909,705.84,497.67
3022,12779,554651,752.21,497.67
3023,12779,555422,25.0,497.67
3024,12779,573999,981.9499999999999,497.67
3025,12781,545072,549.26,413.37
3026,12781,570026,277.48,413.37
3027,12782,539353,463.5,466.184
3028,12782,542147,683.93,466.184
3029,12782,548470,415.52,466.184
3030,12782,559862,515.72,466.184
3031,12782,580545,252.25,466.184
3032,12783,568208,339.02,370.98499999999996
3033,12783,571188,642.01,370.98499999999996
3034,12783,571324,283.02,370.98499999999996
3035,12783,571326,339.02,370.98499999999996
3036,12783,574844,222.26,370.98499999999996
3037,12783,581182,400.58,370.98499999999996
3038,12784,578488,518.42,287.21
3039,12784,579790,56.0,287.21
3040,12785,538311,311.95,311.95
3041,12787,555003,158.1,154.5533333333333
3042,12787,566173,186.56,154.5533333333333
3043,12787,579528,119.0,154.5533333333333
3044,12789,569665,91.85,91.85
3045,12790,555106,324.91999999999996,324.91999999999996
3046,12791,536403,192.6,192.6
3047,12792,547897,400.53999999999996,400.53999999999996
3048,12793,536990,131.8,272.74
3049,12793,540519,413.68,272.74
3050,12794,565295,317.0,430.205
3051,12794,571477,543.41,430.205
3052,12795,577618,430.48,430.48
3053,12797,537915,254.03,254.03
3054,12798,557670,1607.04,2325.68
3055,12798,572869,1718.4,2325.68
3056,12798,579498,3651.6,2325.68
3057,12802,555589,427.58,427.58
3058,12808,537246,129.4,161.21666666666667
3059,12808,556024,151.95,161.21666666666667
3060,12808,574099,202.3,161.21666666666667
3061,12809,556829,489.31,489.31
3062,12811,545191,240.25,171.61666666666667
3063,12811,547444,247.6,171.61666666666667
3064,12811,547566,27.0,171.61666666666667
3065,12812,572763,229.64,229.64
3066,12814,564819,125.92,125.92
3067,12815,554654,615.36,531.73
3068,12815,560119,448.1,531.73
3069,12816,557027,318.65000000000003,286.1
3070,12816,565583,253.55,286.1
3071,12817,545570,166.04,166.04
3072,12818,547493,1542.08,1542.08
3073,12820,541283,170.46,235.585
3074,12820,568236,217.76999999999998,235.585
3075,12820,572873,343.76,235.585
3076,12820,580973,210.35,235.585
3077,12821,552479,92.72,92.72
3078,12822,566580,690.9,474.44
3079,12822,569024,257.98,474.44
3080,12823,544155,306.0,351.9
3081,12823,544807,229.5,351.9
3082,12823,548245,459.0,351.9
3083,12823,562434,229.5,351.9
3084,12823,568214,535.5,351.9
3085,12824,570646,397.12,397.12
3086,12826,538107,155.0,210.67428571428573
3087,12826,541574,212.72,210.67428571428573
3088,12826,542347,329.38,210.67428571428573
3089,12826,556681,121.52,210.67428571428573
3090,12826,568805,234.0,210.67428571428573
3091,12826,575682,279.5,210.67428571428573
3092,12826,581022,142.6,210.67428571428573
3093,12827,572907,217.75,143.38333333333333
3094,12827,574833,100.95,143.38333333333333
3095,12827,580438,111.44999999999999,143.38333333333333
3096,12828,562025,227.0,169.785
3097,12828,563743,111.2,169.785
3098,12828,565212,77.31,169.785
3099,12828,569577,245.79999999999998,169.785
3100,12828,580163,273.78,169.785
3101,12828,581005,83.62,169.785
3102,12829,538870,85.75,146.5
3103,12829,540420,207.25,146.5
3104,12830,557571,2221.84,1135.7733333333333
3105,12830,559096,647.92,1135.7733333333333
3106,12830,561671,1746.72,1135.7733333333333
3107,12830,561672,587.52,1135.7733333333333
3108,12830,566207,1210.32,1135.7733333333333
3109,12830,574012,400.32,1135.7733333333333
3110,12831,547366,215.05,215.05
3111,12832,565327,267.8,191.51500000000001
3112,12832,574881,115.23,191.51500000000001
3113,12833,560264,417.38,417.38
3114,12834,545346,312.38,312.38
3115,12836,542806,846.69,653.215
3116,12836,551855,814.71,653.215
3117,12836,561204,451.13,653.215
3118,12836,570677,500.33,653.215
3119,12837,557317,134.1,134.1
3120,12838,536415,390.78999999999996,341.565
3121,12838,574670,292.34000000000003,341.565
3122,12839,537648,402.61,399.38714285714286
3123,12839,539459,334.84,399.38714285714286
3124,12839,544937,351.56,399.38714285714286
3125,12839,554658,306.88,399.38714285714286
3126,12839,556229,304.48,399.38714285714286
3127,12839,559028,330.6,399.38714285714286
3128,12839,561806,322.4,399.38714285714286
3129,12839,563619,330.44,399.38714285714286
3130,12839,566035,413.58,399.38714285714286
3131,12839,568882,278.66,399.38714285714286
3132,12839,573078,387.8,399.38714285714286
3133,12839,576381,508.42,399.38714285714286
3134,12839,579131,566.76,399.38714285714286
3135,12839,581122,752.39,399.38714285714286
3136,12840,551269,854.07,681.6925
3137,12840,552453,723.9,681.6925
3138,12840,556304,572.8,681.6925
3139,12840,560448,576.0,681.6925
3140,12841,536859,294.25,160.894
3141,12841,537128,211.74,160.894
3142,12841,540348,224.11,160.894
3143,12841,541571,169.68,160.894
3144,12841,542631,123.95,160.894
3145,12841,543647,106.8,160.894
3146,12841,544109,112.45,160.894
3147,12841,544941,169.94,160.894
3148,12841,545874,79.4,160.894
3149,12841,547862,190.5,160.894
3150,12841,550138,162.35,160.894
3151,12841,551528,116.09,160.894
3152,12841,556477,199.73,160.894
3153,12841,558763,209.52,160.894
3154,12841,560261,207.16,160.894
3155,12841,562162,158.43,160.894
3156,12841,564439,115.34,160.894
3157,12841,566251,220.07000000000002,160.894
3158,12841,569641,196.65,160.894
3159,12841,571849,191.12,160.894
3160,12841,573001,122.62,160.894
3161,12841,577089,166.15,160.894
3162,12841,578791,123.28999999999999,160.894
3163,12841,580600,146.01,160.894
3164,12841,580601,5.0,160.894
3165,12842,543197,310.73,559.495
3166,12842,569147,808.26,559.495
3167,12843,547077,93.4,212.7825
3168,12843,551623,214.15,212.7825
3169,12843,552554,319.51,212.7825
3170,12843,555691,444.45,212.7825
3171,12843,556906,306.1,212.7825
3172,12843,558070,20.4,212.7825
3173,12843,558756,294.3,212.7825
3174,12843,569634,9.95,212.7825
3175,12844,561967,174.88,162.98000000000002
3176,12844,575628,151.08,162.98000000000002
3177,12845,544662,65.09,88.52250000000001
3178,12845,546462,208.8,88.52250000000001
3179,12845,546724,6.7,88.52250000000001
3180,12845,546853,73.5,88.52250000000001
3181,12847,577034,871.54,871.54
3182,12849,546742,704.5,525.4449999999999
3183,12849,575085,346.39,525.4449999999999
3184,12851,565426,135.18,135.18
3185,12852,544338,311.55,311.55
3186,12853,542431,427.4,326.18333333333334
3187,12853,550124,328.1,326.18333333333334
3188,12853,550126,129.5,326.18333333333334
3189,12853,561595,897.8,326.18333333333334
3190,12853,561597,126.6,326.18333333333334
3191,12853,561599,47.7,326.18333333333334
3192,12854,542105,389.9,441.5
3193,12854,549844,420.46999999999997,441.5
3194,12854,567805,514.13,441.5
3195,12855,536608,38.099999999999994,38.099999999999994
3196,12856,570116,393.74,363.32166666666666
3197,12856,571212,603.44,363.32166666666666
3198,12856,573544,356.14,363.32166666666666
3199,12856,575766,264.12,363.32166666666666
3200,12856,577690,349.39,363.32166666666666
3201,12856,580162,213.1,363.32166666666666
3202,12857,543597,801.6,553.2
3203,12857,553053,304.8,553.2
3204,12863,571685,521.2,521.2
3205,12864,561049,147.12,147.12
3206,12865,562602,981.38,784.115
3207,12865,576019,586.85,784.115
3208,12866,545314,559.12,559.12
3209,12867,538890,362.79,576.6885714285714
3210,12867,543978,424.15999999999997,576.6885714285714
3211,12867,547223,500.34,576.6885714285714
3212,12867,552469,451.25,576.6885714285714
3213,12867,558237,613.91,576.6885714285714
3214,12867,565434,673.29,576.6885714285714
3215,12867,576062,1011.08,576.6885714285714
3216,12868,536523,203.29999999999998,267.8433333333333
3217,12868,540981,287.46,267.8433333333333
3218,12868,542389,182.45,267.8433333333333
3219,12868,546683,248.27,267.8433333333333
3220,12868,551994,437.52,267.8433333333333
3221,12868,555743,248.06,267.8433333333333
3222,12871,553350,132.0,190.32
3223,12871,567144,248.64,190.32
3224,12872,538086,378.53,299.985
3225,12872,541268,221.44,299.985
3226,12873,545431,374.0,374.0
3227,12875,538420,293.76,171.615
3228,12875,560582,49.47,171.615
3229,12876,554938,726.43,1109.01
3230,12876,571030,1491.59,1109.01
3231,12877,539213,150.06,127.98083333333334
3232,12877,541181,100.2,127.98083333333334
3233,12877,544923,79.2,127.98083333333334
3234,12877,547879,83.16,127.98083333333334
3235,12877,548634,87.1,127.98083333333334
3236,12877,551895,89.4,127.98083333333334
3237,12877,554135,92.92,127.98083333333334
3238,12877,556914,276.79,127.98083333333334
3239,12877,562567,100.4,127.98083333333334
3240,12877,567826,101.14,127.98083333333334
3241,12877,576560,275.74,127.98083333333334
3242,12877,580760,99.66,127.98083333333334
3243,12878,547002,315.18,427.495
3244,12878,550327,539.8100000000001,427.495
3245,12879,566170,140.5,191.07333333333335
3246,12879,567324,367.2,191.07333333333335
3247,12879,572852,65.52,191.07333333333335
3248,12881,546088,298.0,298.0
3249,12882,574631,471.84,731.52
3250,12882,579837,991.1999999999999,731.52
3251,12883,566288,291.63,175.8675
3252,12883,576382,32.55,175.8675
3253,12883,576383,216.47,175.8675
3254,12883,576384,162.82,175.8675
3255,12884,566398,309.05,309.05
3256,12885,562607,645.35,391.74
3257,12885,570129,519.47,391.74
3258,12885,570130,10.4,391.74
3259,12886,551775,775.0,689.2
3260,12886,569248,603.4,689.2
3261,12888,548177,272.76,177.06
3262,12888,552492,81.36,177.06
3263,12890,576626,380.46999999999997,380.46999999999997
3264,12891,544446,42.0,110.33333333333333
3265,12891,551595,204.0,110.33333333333333
3266,12891,555834,85.0,110.33333333333333
3267,12893,575303,188.14,188.14
3268,12895,566616,267.8,186.4
3269,12895,573281,105.0,186.4
3270,12897,543693,128.8,108.25
3271,12897,553839,87.7,108.25
3272,12901,546443,349.8,630.5192857142857
3273,12901,547583,562.3199999999999,630.5192857142857
3274,12901,547706,2278.8,630.5192857142857
3275,12901,549022,83.4,630.5192857142857
3276,12901,550608,970.2,630.5192857142857
3277,12901,550797,54.72,630.5192857142857
3278,12901,551162,339.24,630.5192857142857
3279,12901,552837,140.04,630.5192857142857
3280,12901,552840,36.24,630.5192857142857
3281,12901,554272,2843.6,630.5192857142857
3282,12901,554277,127.2,630.5192857142857
3283,12901,556047,276.24,630.5192857142857
3284,12901,556684,83.4,630.5192857142857
3285,12901,557212,610.56,630.5192857142857
3286,12901,557760,542.7,630.5192857142857
3287,12901,558418,259.98,630.5192857142857
3288,12901,560581,611.76,630.5192857142857
3289,12901,561713,689.27,630.5192857142857
3290,12901,564132,780.0,630.5192857142857
3291,12901,567309,1519.8,630.5192857142857
3292,12901,571259,306.0,630.5192857142857
3293,12901,571261,306.0,630.5192857142857
3294,12901,573008,1146.96,630.5192857142857
3295,12901,573982,306.0,630.5192857142857
3296,12901,576827,612.0,630.5192857142857
3297,12901,579450,967.5,630.5192857142857
3298,12901,579454,70.81,630.5192857142857
3299,12901,579936,780.0,630.5192857142857
3300,12902,547051,138.68,138.68
3301,12904,557469,244.69,254.79
3302,12904,577751,264.89,254.79
3303,12906,567882,1546.86,583.962
3304,12906,567883,389.73,583.962
3305,12906,579014,552.48,583.962
3306,12906,579015,42.96,583.962
3307,12906,579016,387.78,583.962
3308,12908,542694,318.0,375.0
3309,12908,557092,432.0,375.0
3310,12909,548486,278.65,435.73400000000004
3311,12909,548490,624.8,435.73400000000004
3312,12909,554084,624.92,435.73400000000004
3313,12909,566563,328.98,435.73400000000004
3314,12909,573531,321.32,435.73400000000004
3315,12910,549742,720.22,384.38
3316,12910,554705,364.38,384.38
3317,12910,554706,57.9,384.38
3318,12910,561636,344.4,384.38
3319,12910,567823,563.28,384.38
3320,12910,569836,566.4,384.38
3321,12910,576824,408.65999999999997,384.38
3322,12910,576826,49.8,384.38
3323,12912,573334,318.06,332.46000000000004
3324,12912,576636,139.92000000000002,332.46000000000004
3325,12912,578820,400.08,332.46000000000004
3326,12912,580053,616.32,332.46000000000004
3327,12912,581007,187.92000000000002,332.46000000000004
3328,12913,537433,417.62,496.726
3329,12913,543748,313.8,496.726
3330,12913,545348,134.97,496.726
3331,12913,578362,1082.14,496.726
3332,12913,580630,535.1,496.726
3333,12915,536707,199.65,181.825
3334,12915,559982,164.0,181.825
3335,12916,541838,847.85,751.5375
3336,12916,547839,649.78,751.5375
3337,12916,554066,815.15,751.5375
3338,12916,561024,693.37,751.5375
3339,12917,562270,594.0,594.0
3340,12919,557797,206.2,222.53166666666667
3341,12919,559823,52.8,222.53166666666667
3342,12919,563251,182.65,222.53166666666667
3343,12919,574963,336.12,222.53166666666667
3344,12919,578128,269.52,222.53166666666667
3345,12919,580070,287.9,222.53166666666667
3346,12920,578057,164.23,164.23
3347,12921,536561,322.4,448.29972972972973
3348,12921,537683,365.4,448.29972972972973
3349,12921,540149,481.7,448.29972972972973
3350,12921,543759,377.48,448.29972972972973
3351,12921,545022,522.75,448.29972972972973
3352,12921,545023,678.15,448.29972972972973
3353,12921,545154,425.5,448.29972972972973
3354,12921,547066,562.63,448.29972972972973
3355,12921,547067,501.24,448.29972972972973
3356,12921,552185,464.01,448.29972972972973
3357,12921,552186,483.02,448.29972972972973
3358,12921,552715,305.26,448.29972972972973
3359,12921,552716,24.9,448.29972972972973
3360,12921,556021,477.68,448.29972972972973
3361,12921,556022,79.2,448.29972972972973
3362,12921,558879,369.56,448.29972972972973
3363,12921,558880,70.8,448.29972972972973
3364,12921,559144,312.75,448.29972972972973
3365,12921,559146,615.3,448.29972972972973
3366,12921,561794,462.91,448.29972972972973
3367,12921,561817,361.46000000000004,448.29972972972973
3368,12921,561906,660.4499999999999,448.29972972972973
3369,12921,565317,598.38,448.29972972972973
3370,12921,565318,560.54,448.29972972972973
3371,12921,566721,490.95,448.29972972972973
3372,12921,566774,272.1,448.29972972972973
3373,12921,567145,549.46,448.29972972972973
3374,12921,572451,792.76,448.29972972972973
3375,12921,572452,354.98,448.29972972972973
3376,12921,572453,180.33,448.29972972972973
3377,12921,575198,71.25,448.29972972972973
3378,12921,575199,725.22,448.29972972972973
3379,12921,575200,12.48,448.29972972972973
3380,12921,577741,467.11,448.29972972972973
3381,12921,578485,810.76,448.29972972972973
3382,12921,579843,1348.58,448.29972972972973
3383,12921,579846,427.64,448.29972972972973
3384,12922,558738,405.38,405.38
3385,12923,569901,176.97,176.97
3386,12924,541242,58.190000000000005,233.425
3387,12924,546035,229.8,233.425
3388,12924,554655,367.28,233.425
3389,12924,566421,278.43,233.425
3390,12925,568230,368.31,347.025
3391,12925,580599,325.74,347.025
3392,12928,539043,392.34,412.53999999999996
3393,12928,549749,387.7,412.53999999999996
3394,12928,560107,356.1,412.53999999999996
3395,12928,572563,334.0,412.53999999999996
3396,12928,574533,592.56,412.53999999999996
3397,12929,542865,117.85,117.85
3398,12930,557616,221.56,207.9
3399,12930,567886,194.24,207.9
3400,12931,539332,144.0,2803.730666666667
3401,12931,539460,33.0,2803.730666666667
3402,12931,543994,1696.4,2803.730666666667
3403,12931,546560,62.5,2803.730666666667
3404,12931,550122,1488.0,2803.730666666667
3405,12931,553928,392.4,2803.730666666667
3406,12931,553929,104.4,2803.730666666667
3407,12931,562439,18841.48,2803.730666666667
3408,12931,562440,204.0,2803.730666666667
3409,12931,563074,9349.72,2803.730666666667
3410,12931,564814,214.8,2803.730666666667
3411,12931,569334,1909.36,2803.730666666667
3412,12931,575335,4961.2,2803.730666666667
3413,12931,577021,2209.74,2803.730666666667
3414,12931,577289,444.96000000000004,2803.730666666667
3415,12933,545276,110.75,202.51
3416,12933,557639,246.74,202.51
3417,12933,576614,250.04,202.51
3418,12935,541972,431.63,308.6714285714285
3419,12935,554009,434.6,308.6714285714285
3420,12935,559903,353.09,308.6714285714285
3421,12935,564034,316.02,308.6714285714285
3422,12935,575937,281.58,308.6714285714285
3423,12935,581195,12.48,308.6714285714285
3424,12935,581196,331.3,308.6714285714285
3425,12936,567859,798.46,265.975
3426,12936,577166,102.0,265.975
3427,12936,578096,83.96000000000001,265.975
3428,12936,578098,79.48,265.975
3429,12937,546857,217.43,376.0675
3430,12937,554822,210.8,376.0675
3431,12937,568919,398.21,376.0675
3432,12937,578551,677.83,376.0675
3433,12938,576182,114.14,114.14
3434,12939,540507,1933.2,1447.725
3435,12939,543829,3376.08,1447.725
3436,12939,546411,1919.04,1447.725
3437,12939,561048,761.76,1447.725
3438,12939,567633,346.32,1447.725
3439,12939,567634,699.72,1447.725
3440,12939,569857,1658.16,1447.725
3441,12939,569858,887.52,1447.725
3442,12940,566488,361.27,456.77
3443,12940,571270,552.27,456.77
3444,12942,537885,258.75,227.96666666666667
3445,12942,554718,137.77,227.96666666666667
3446,12942,561893,287.38,227.96666666666667
3447,12944,539497,286.95,302.255
3448,12944,574387,317.56,302.255
3449,12945,544907,462.95,462.95
3450,12947,536582,304.03999999999996,267.33166666666665
3451,12947,540404,301.66,267.33166666666665
3452,12947,550522,429.57,267.33166666666665
3453,12947,556125,303.62,267.33166666666665
3454,12947,556454,40.8,267.33166666666665
3455,12947,560454,224.3,267.33166666666665
3456,12948,547030,371.8,294.99285714285713
3457,12948,547573,157.16,294.99285714285713
3458,12948,552330,357.3,294.99285714285713
3459,12948,564661,537.7,294.99285714285713
3460,12948,570682,303.37,294.99285714285713
3461,12948,572914,127.67999999999999,294.99285714285713
3462,12948,578322,209.94,294.99285714285713
3463,12949,548648,1534.3,520.9025
3464,12949,553505,677.8,520.9025
3465,12949,553506,38.6,520.9025
3466,12949,561933,678.47,520.9025
3467,12949,561952,59.400000000000006,520.9025
3468,12949,561955,35.099999999999994,520.9025
3469,12949,563578,425.75,520.9025
3470,12949,575221,717.8,520.9025
3471,12950,576571,311.6,614.3333333333334
3472,12950,580111,1171.4,614.3333333333334
3473,12950,581138,360.0,614.3333333333334
3474,12951,541002,188.69,177.345
3475,12951,541876,117.4,177.345
3476,12951,548911,155.19,177.345
3477,12951,553909,163.6,177.345
3478,12951,557258,126.89999999999999,177.345
3479,12951,580030,312.29,177.345
3480,12952,567905,731.54,346.9475
3481,12952,573134,74.65,346.9475
3482,12952,573135,283.87,346.9475
3483,12952,580389,297.73,346.9475
3484,12953,579533,329.85,329.85
3485,12955,546781,473.82,432.4690909090909
3486,12955,551872,206.6,432.4690909090909
3487,12955,553926,17.0,432.4690909090909
3488,12955,557973,293.96,432.4690909090909
3489,12955,560483,355.53999999999996,432.4690909090909
3490,12955,566023,496.44,432.4690909090909
3491,12955,571708,269.76,432.4690909090909
3492,12955,574029,994.8,432.4690909090909
3493,12955,578118,842.02,432.4690909090909
3494,12955,580057,460.3,432.4690909090909
3495,12955,581438,346.92,432.4690909090909
3496,12956,543282,108.07,108.07
3497,12957,540019,413.68,502.1925
3498,12957,547962,330.51,502.1925
3499,12957,553832,384.58,502.1925
3500,12957,555647,586.52,502.1925
3501,12957,568868,872.23,502.1925
3502,12957,568869,53.2,502.1925
3503,12957,576259,407.92,502.1925
3504,12957,579536,968.9,502.1925
3505,12962,563696,170.54,133.195
3506,12962,580351,95.85,133.195
3507,12963,537880,365.8,232.07875
3508,12963,566971,253.91,232.07875
3509,12963,571457,105.22,232.07875
3510,12963,576642,138.21,232.07875
3511,12963,576667,498.06,232.07875
3512,12963,577806,82.0,232.07875
3513,12963,579509,148.78,232.07875
3514,12963,580051,264.65,232.07875
3515,12965,566291,771.91,771.91
3516,12966,579671,160.18,160.18
3517,12967,536851,1368.3999999999999,830.4499999999999
3518,12967,539319,292.5,830.4499999999999
3519,12968,563857,135.95,135.95
3520,12970,541797,17.2,113.06
3521,12970,541799,6.6,113.06
3522,12970,580305,385.56,113.06
3523,12970,580307,42.879999999999995,113.06
3524,12971,536806,45.12,130.11523255813952
3525,12971,537472,111.53999999999999,130.11523255813952
3526,12971,537862,111.53,130.11523255813952
3527,12971,539400,53.4,130.11523255813952
3528,12971,539675,114.6,130.11523255813952
3529,12971,540363,185.1,130.11523255813952
3530,12971,540534,25.2,130.11523255813952
3531,12971,540844,71.5,130.11523255813952
3532,12971,540974,112.08,130.11523255813952
3533,12971,542004,88.8,130.11523255813952
3534,12971,542142,174.6,130.11523255813952
3535,12971,543128,64.0,130.11523255813952
3536,12971,543523,38.099999999999994,130.11523255813952
3537,12971,544066,181.5,130.11523255813952
3538,12971,544197,105.5,130.11523255813952
3539,12971,544198,84.0,130.11523255813952
3540,12971,544821,109.0,130.11523255813952
3541,12971,545225,161.8,130.11523255813952
3542,12971,546082,221.4,130.11523255813952
3543,12971,546083,38.98,130.11523255813952
3544,12971,546397,153.75,130.11523255813952
3545,12971,546766,52.8,130.11523255813952
3546,12971,546767,77.16,130.11523255813952
3547,12971,547688,137.4,130.11523255813952
3548,12971,547944,106.95,130.11523255813952
3549,12971,547946,116.4,130.11523255813952
3550,12971,548216,91.8,130.11523255813952
3551,12971,548873,214.2,130.11523255813952
3552,12971,549942,136.2,130.11523255813952
3553,12971,550343,174.6,130.11523255813952
3554,12971,550673,379.0,130.11523255813952
3555,12971,550674,244.8,130.11523255813952
3556,12971,550967,47.4,130.11523255813952
3557,12971,551894,64.95,130.11523255813952
3558,12971,552567,77.2,130.11523255813952
3559,12971,553753,259.20000000000005,130.11523255813952
3560,12971,554078,40.56,130.11523255813952
3561,12971,554934,65.9,130.11523255813952
3562,12971,554936,100.19999999999999,130.11523255813952
3563,12971,555394,126.44000000000001,130.11523255813952
3564,12971,555395,94.68,130.11523255813952
3565,12971,557014,87.44,130.11523255813952
3566,12971,557498,107.04,130.11523255813952
3567,12971,557523,100.91999999999999,130.11523255813952
3568,12971,558054,60.9,130.11523255813952
3569,12971,559002,72.0,130.11523255813952
3570,12971,559323,203.6,130.11523255813952
3571,12971,559324,158.4,130.11523255813952
3572,12971,560182,254.35,130.11523255813952
3573,12971,560183,105.6,130.11523255813952
3574,12971,560184,52.98,130.11523255813952
3575,12971,560204,154.20000000000002,130.11523255813952
3576,12971,560469,220.15,130.11523255813952
3577,12971,560897,139.2,130.11523255813952
3578,12971,561389,411.08000000000004,130.11523255813952
3579,12971,561699,152.4,130.11523255813952
3580,12971,562272,83.1,130.11523255813952
3581,12971,562545,137.76,130.11523255813952
3582,12971,563560,103.19999999999999,130.11523255813952
3583,12971,563898,151.2,130.11523255813952
3584,12971,564222,239.9,130.11523255813952
3585,12971,565206,117.06,130.11523255813952
3586,12971,565216,114.6,130.11523255813952
3587,12971,566046,78.9,130.11523255813952
3588,12971,566628,167.0,130.11523255813952
3589,12971,566630,157.2,130.11523255813952
3590,12971,568389,164.28,130.11523255813952
3591,12971,569373,162.64,130.11523255813952
3592,12971,569559,171.6,130.11523255813952
3593,12971,571742,47.62,130.11523255813952
3594,12971,573372,78.9,130.11523255813952
3595,12971,574330,63.06,130.11523255813952
3596,12971,574961,94.74,130.11523255813952
3597,12971,575388,188.04,130.11523255813952
3598,12971,575389,97.63,130.11523255813952
3599,12971,575390,55.32,130.11523255813952
3600,12971,576237,65.4,130.11523255813952
3601,12971,576853,93.39000000000001,130.11523255813952
3602,12971,577018,163.74,130.11523255813952
3603,12971,577443,172.79999999999998,130.11523255813952
3604,12971,578015,291.36,130.11523255813952
3605,12971,578668,195.0,130.11523255813952
3606,12971,579122,309.82,130.11523255813952
3607,12971,579513,123.15,130.11523255813952
3608,12971,580093,59.1,130.11523255813952
3609,12971,580882,102.8,130.11523255813952
3610,12974,554701,144.8,144.8
3611,12976,552879,738.6,738.6
3612,12977,559165,39.239999999999995,39.239999999999995
3613,12980,539144,889.32,819.4333333333333
3614,12980,540908,721.9200000000001,819.4333333333333
3615,12980,543650,790.8,819.4333333333333
3616,12980,544689,432.9,819.4333333333333
3617,12980,545414,838.8,819.4333333333333
3618,12980,553102,892.62,819.4333333333333
3619,12980,555513,892.62,819.4333333333333
3620,12980,556968,1077.1200000000001,819.4333333333333
3621,12980,558917,838.8,819.4333333333333
3622,12981,561801,187.18,186.11
3623,12981,575586,185.04,186.11
3624,12982,549646,390.54,390.54
3625,12984,577724,97.5,97.5
3626,12985,575868,754.38,619.69
3627,12985,581501,485.0,619.69
3628,12987,554788,304.3,279.35
3629,12987,568493,254.4,279.35
3630,12988,544463,535.32,535.32
3631,12989,538306,202.5,461.6073333333333
3632,12989,541247,810.0,461.6073333333333
3633,12989,543935,901.6,461.6073333333333
3634,12989,546847,437.4,461.6073333333333
3635,12989,550276,277.56,461.6073333333333
3636,12989,554307,457.68,461.6073333333333
3637,12989,554309,241.2,461.6073333333333
3638,12989,558910,1141.2,461.6073333333333
3639,12989,566447,637.92,461.6073333333333
3640,12989,569411,566.4,461.6073333333333
3641,12989,569418,284.15999999999997,461.6073333333333
3642,12989,571302,482.4,461.6073333333333
3643,12989,577202,354.96000000000004,461.6073333333333
3644,12989,580047,67.92999999999999,461.6073333333333
3645,12989,580975,61.2,461.6073333333333
3646,12990,543032,97.5,136.5
3647,12990,555861,166.4,136.5
3648,12990,575071,145.6,136.5
3649,12991,563845,303.56,251.88
3650,12991,576845,200.2,251.88
3651,12993,543934,102.9,103.69
3652,12993,553223,72.4,103.69
3653,12993,563013,197.1,103.69
3654,12993,576854,42.36,103.69
3655,12994,546682,352.6,324.8066666666667
3656,12994,563091,292.87,324.8066666666667
3657,12994,580689,328.95,324.8066666666667
3658,12995,566937,211.32,211.32
3659,12997,542247,305.55,306.7225
3660,12997,550324,302.92,306.7225
3661,12997,566303,307.92,306.7225
3662,12997,577085,310.5,306.7225
3663,12999,549323,320.28,151.96
3664,12999,553722,59.099999999999994,151.96
3665,12999,554932,76.5,151.96
3666,13000,538186,201.75,178.2833333333333
3667,13000,547721,256.78,178.2833333333333
3668,13000,564381,76.32,178.2833333333333
3669,13001,541285,805.45,755.2938461538462
3670,13001,542126,564.39,755.2938461538462
3671,13001,544177,1853.52,755.2938461538462
3672,13001,545002,278.28,755.2938461538462
3673,13001,545821,591.02,755.2938461538462
3674,13001,547053,499.84,755.2938461538462
3675,13001,548351,850.82,755.2938461538462
3676,13001,550129,636.45,755.2938461538462
3677,13001,552061,1264.08,755.2938461538462
3678,13001,556039,501.5,755.2938461538462
3679,13001,558902,770.07,755.2938461538462
3680,13001,577053,612.39,755.2938461538462
3681,13001,580680,591.01,755.2938461538462
3682,13002,542129,120.95,120.95
3683,13003,552319,59.05,49.68333333333334
3684,13003,559658,30.0,49.68333333333334
3685,13003,564564,60.0,49.68333333333334
3686,13004,539325,357.01,314.21722222222223
3687,13004,540561,326.78,314.21722222222223
3688,13004,542370,318.6,314.21722222222223
3689,13004,544056,287.74,314.21722222222223
3690,13004,545080,301.90999999999997,314.21722222222223
3691,13004,548749,451.78,314.21722222222223
3692,13004,552364,404.2,314.21722222222223
3693,13004,556111,313.0,314.21722222222223
3694,13004,557042,15.8,314.21722222222223
3695,13004,558073,371.76,314.21722222222223
3696,13004,561857,308.44,314.21722222222223
3697,13004,563567,328.07,314.21722222222223
3698,13004,567954,340.21,314.21722222222223
3699,13004,570108,467.2,314.21722222222223
3700,13004,570144,16.5,314.21722222222223
3701,13004,574368,384.93,314.21722222222223
3702,13004,575939,316.54,314.21722222222223
3703,13004,579100,345.44,314.21722222222223
3704,13005,549283,321.65,256.85
3705,13005,557261,192.05,256.85
3706,13006,571226,81.57,81.57
3707,13008,541681,229.47,229.47
3708,13011,536823,50.55,50.55
3709,13012,544341,377.27,207.73
3710,13012,551733,313.62,207.73
3711,13012,552647,16.5,207.73
3712,13012,559934,304.92,207.73
3713,13012,567909,193.53,207.73
3714,13012,576867,285.3,207.73
3715,13012,577361,15.0,207.73
3716,13012,579674,155.7,207.73
3717,13013,536946,841.9399999999999,370.0723076923077
3718,13013,536947,686.4,370.0723076923077
3719,13013,548919,649.3199999999999,370.0723076923077
3720,13013,552779,194.63,370.0723076923077
3721,13013,559367,303.14,370.0723076923077
3722,13013,561529,257.7,370.0723076923077
3723,13013,562599,194.51,370.0723076923077
3724,13013,564223,255.15,370.0723076923077
3725,13013,565993,303.3,370.0723076923077
3726,13013,569738,216.81,370.0723076923077
3727,13013,574327,315.29,370.0723076923077
3728,13013,577332,297.65,370.0723076923077
3729,13013,581417,295.1,370.0723076923077
3730,13014,545575,515.38,346.628
3731,13014,547324,317.8,346.628
3732,13014,551702,494.84999999999997,346.628
3733,13014,557933,460.75,346.628
3734,13014,563620,233.7,346.628
3735,13014,568225,399.15,346.628
3736,13014,574260,347.35,346.628
3737,13014,574879,76.5,346.628
3738,13014,577047,315.9,346.628
3739,13014,579406,304.9,346.628
3740,13015,548868,556.77,669.256
3741,13015,548872,108.0,669.256
3742,13015,549298,314.6,669.256
3743,13015,554836,783.67,669.256
3744,13015,571433,1583.24,669.256
3745,13016,562712,425.25,263.2966666666667
3746,13016,568539,352.16,263.2966666666667
3747,13016,568540,12.48,263.2966666666667
3748,13017,580331,204.0,204.0
3749,13018,544211,331.2,259.91785714285714
3750,13018,544904,311.25,259.91785714285714
3751,13018,547095,332.6,259.91785714285714
3752,13018,548920,493.45,259.91785714285714
3753,13018,550341,365.36,259.91785714285714
3754,13018,550342,391.67,259.91785714285714
3755,13018,551199,373.44,259.91785714285714
3756,13018,553063,311.3,259.91785714285714
3757,13018,553064,51.4,259.91785714285714
3758,13018,553235,345.42,259.91785714285714
3759,13018,554929,366.87,259.91785714285714
3760,13018,556571,178.94,259.91785714285714
3761,13018,559455,251.9,259.91785714285714
3762,13018,559456,17.4,259.91785714285714
3763,13018,561871,377.28999999999996,259.91785714285714
3764,13018,561872,37.4,259.91785714285714
3765,13018,562783,251.96,259.91785714285714
3766,13018,566006,286.86,259.91785714285714
3767,13018,566862,248.07,259.91785714285714
3768,13018,566863,72.3,259.91785714285714
3769,13018,568665,282.09,259.91785714285714
3770,13018,569868,412.17,259.91785714285714
3771,13018,575202,359.7,259.91785714285714
3772,13018,575203,42.96,259.91785714285714
3773,13018,575986,240.05,259.91785714285714
3774,13018,575987,29.82,259.91785714285714
3775,13018,575988,108.3,259.91785714285714
3776,13018,578265,406.53000000000003,259.91785714285714
3777,13021,539094,157.35,290.7088888888889
3778,13021,547097,259.35,290.7088888888889
3779,13021,552273,348.3,290.7088888888889
3780,13021,558085,387.47,290.7088888888889
3781,13021,569141,441.61,290.7088888888889
3782,13021,569142,25.2,290.7088888888889
3783,13021,573907,299.1,290.7088888888889
3784,13021,576099,392.57,290.7088888888889
3785,13021,580712,305.43,290.7088888888889
3786,13023,562037,336.4,344.95
3787,13023,569904,353.5,344.95
3788,13026,546087,84.36,195.072
3789,13026,551562,159.36,195.072
3790,13026,565924,360.48,195.072
3791,13026,574943,170.64,195.072
3792,13026,581443,200.51999999999998,195.072
3793,13027,539578,1440.0,1152.0
3794,13027,546754,384.0,1152.0
3795,13027,550667,2016.0,1152.0
3796,13027,559048,768.0,1152.0
3797,13027,559255,768.0,1152.0
3798,13027,563616,1536.0,1152.0
3799,13028,572688,355.94,330.65999999999997
3800,13028,576931,305.38,330.65999999999997
3801,13029,539724,382.5,415.8333333333333
3802,13029,561032,390.7,415.8333333333333
3803,13029,575189,474.3,415.8333333333333
3804,13030,537399,427.74,399.74
3805,13030,579171,371.74,399.74
3806,13032,566607,496.3,505.09000000000003
3807,13032,571710,513.88,505.09000000000003
3808,13033,539422,190.55,190.55
3809,13034,537205,165.85999999999999,321.385
3810,13034,571273,476.90999999999997,321.385
3811,13035,547565,333.0,460.94
3812,13035,568378,588.88,460.94
3813,13037,547963,250.42,293.69
3814,13037,551857,326.9,293.69
3815,13037,561074,303.75,293.69
3816,13038,544643,395.1,302.82
3817,13038,556128,196.66,302.82
3818,13038,567506,316.7,302.82
3819,13040,574699,303.25,338.495
3820,13040,579943,373.74,338.495
3821,13043,546398,516.42,516.42
3822,13044,544591,560.47,560.47
3823,13045,565156,305.28000000000003,305.28000000000003
3824,13046,547021,197.72,314.655
3825,13046,575183,431.59,314.655
3826,13047,536367,278.73,323.754
3827,13047,536368,70.05,323.754
3828,13047,536369,17.85,323.754
3829,13047,543113,458.9,323.754
3830,13047,548331,427.15,323.754
3831,13047,551846,419.0,323.754
3832,13047,557299,562.4,323.754
3833,13047,562437,447.93,323.754
3834,13047,571185,550.58,323.754
3835,13047,575043,4.95,323.754
3836,13048,541256,477.61,458.9775
3837,13048,550280,462.31,458.9775
3838,13048,563661,435.13,458.9775
3839,13048,578809,460.86,458.9775
3840,13049,542133,153.78,328.34000000000003
3841,13049,569888,502.90000000000003,328.34000000000003
3842,13050,537672,328.01,343.3447058823529
3843,13050,538689,300.92,343.3447058823529
3844,13050,539259,301.44,343.3447058823529
3845,13050,539496,269.5,343.3447058823529
3846,13050,541846,323.09000000000003,343.3447058823529
3847,13050,543255,303.33,343.3447058823529
3848,13050,543476,303.24,343.3447058823529
3849,13050,547377,401.35,343.3447058823529
3850,13050,553872,343.08,343.3447058823529
3851,13050,555851,585.17,343.3447058823529
3852,13050,560097,339.38,343.3447058823529
3853,13050,562852,392.17,343.3447058823529
3854,13050,564496,319.06,343.3447058823529
3855,13050,571192,308.6,343.3447058823529
3856,13050,572566,306.17,343.3447058823529
3857,13050,577155,349.4,343.3447058823529
3858,13050,578686,362.95,343.3447058823529
3859,13052,552831,348.15,348.15
3860,13055,552530,344.86,404.80333333333334
3861,13055,567873,795.75,404.80333333333334
3862,13055,567874,73.8,404.80333333333334
3863,13058,559636,47.550000000000004,90.46666666666665
3864,13058,570832,90.15,90.46666666666665
3865,13058,576539,133.7,90.46666666666665
3866,13059,548734,183.4,183.4
3867,13060,548452,307.53,307.53
3868,13061,568713,248.60999999999999,248.60999999999999
3869,13062,555251,346.98,346.98
3870,13064,541252,203.3,279.8725
3871,13064,559528,455.95,279.8725
3872,13064,566422,183.07999999999998,279.8725
3873,13064,578929,277.15999999999997,279.8725
3874,13065,536590,205.85999999999999,205.85999999999999
3875,13066,574936,151.81,235.4
3876,13066,576554,318.99,235.4
3877,13067,567175,115.46000000000001,115.46000000000001
3878,13068,541865,165.0,172.0
3879,13068,579469,179.0,172.0
3880,13069,537047,326.59999999999997,184.83833333333334
3881,13069,537048,5.9,184.83833333333334
3882,13069,538558,309.71999999999997,184.83833333333334
3883,13069,538565,1.9,184.83833333333334
3884,13069,540523,340.94,184.83833333333334
3885,13069,543264,255.03,184.83833333333334
3886,13069,547664,273.98,184.83833333333334
3887,13069,550149,330.34,184.83833333333334
3888,13069,550154,103.25,184.83833333333334
3889,13069,550480,192.26,184.83833333333334
3890,13069,552271,150.35,184.83833333333334
3891,13069,552859,123.52000000000001,184.83833333333334
3892,13069,554635,117.75,184.83833333333334
3893,13069,555259,90.6,184.83833333333334
3894,13069,555412,61.3,184.83833333333334
3895,13069,556478,226.49,184.83833333333334
3896,13069,559783,302.04,184.83833333333334
3897,13069,562431,47.29,184.83833333333334
3898,13069,563155,138.68,184.83833333333334
3899,13069,565122,476.76000000000005,184.83833333333334
3900,13069,571434,110.53,184.83833333333334
3901,13069,571437,14.56,184.83833333333334
3902,13069,578836,156.09,184.83833333333334
3903,13069,581475,280.24,184.83833333333334
3904,13070,555101,228.8,228.8
3905,13072,546914,177.15,177.15
3906,13075,562042,919.61,919.61
3907,13077,537837,313.71999999999997,182.3175
3908,13077,544678,254.12,182.3175
3909,13077,544680,9.6,182.3175
3910,13077,581467,151.83,182.3175
3911,13078,537670,514.39,485.69
3912,13078,538900,366.77,485.69
3913,13078,540795,355.8,485.69
3914,13078,542372,408.78000000000003,485.69
3915,13078,544169,348.57,485.69
3916,13078,546118,846.45,485.69
3917,13078,548255,383.07,485.69
3918,13078,549448,306.18,485.69
3919,13078,551332,450.45,485.69
3920,13078,554181,486.7,485.69
3921,13078,556490,302.24,485.69
3922,13078,558435,474.18,485.69
3923,13078,560927,572.93,485.69
3924,13078,563348,434.74,485.69
3925,13078,564375,665.9,485.69
3926,13078,566708,737.8,485.69
3927,13078,567166,757.7,485.69
3928,13078,569768,659.0799999999999,485.69
3929,13078,569769,100.8,485.69
3930,13078,570852,333.6,485.69
3931,13078,571917,318.8,485.69
3932,13078,574755,372.24,485.69
3933,13078,576574,832.01,485.69
3934,13078,578116,314.81,485.69
3935,13078,579505,444.87,485.69
3936,13078,580978,839.08,485.69
3937,13079,561003,23.8,44.019999999999996
3938,13079,566218,35.7,44.019999999999996
3939,13079,568182,112.9,44.019999999999996
3940,13079,577138,17.7,44.019999999999996
3941,13079,580718,30.0,44.019999999999996
3942,13080,556631,58.08,58.08
3943,13081,537034,2355.18,2576.1254545454544
3944,13081,537035,11.6,2576.1254545454544
3945,13081,540372,3527.64,2576.1254545454544
3946,13081,544918,836.24,2576.1254545454544
3947,13081,544920,736.95,2576.1254545454544
3948,13081,547209,2340.0499999999997,2576.1254545454544
3949,13081,552039,4655.85,2576.1254545454544
3950,13081,560504,4406.61,2576.1254545454544
3951,13081,574328,7271.34,2576.1254545454544
3952,13081,575579,72.0,2576.1254545454544
3953,13081,579093,2123.92,2576.1254545454544
3954,13082,540245,379.44,401.51444444444445
3955,13082,546552,271.5,401.51444444444445
3956,13082,548336,435.0,401.51444444444445
3957,13082,550361,840.24,401.51444444444445
3958,13082,550377,34.0,401.51444444444445
3959,13082,556970,245.75,401.51444444444445
3960,13082,556971,39.6,401.51444444444445
3961,13082,559047,1278.1,401.51444444444445
3962,13082,562550,90.0,401.51444444444445
3963,13083,568139,192.39,151.875
3964,13083,580681,111.36,151.875
3965,13085,544306,278.09999999999997,208.03999999999996
3966,13085,558996,137.98,208.03999999999996
3967,13089,537040,734.4000000000001,606.4518556701031
3968,13089,537393,2415.04,606.4518556701031
3969,13089,537394,81.17999999999999,606.4518556701031
3970,13089,538653,1247.64,606.4518556701031
3971,13089,538654,91.9,606.4518556701031
3972,13089,539030,755.3,606.4518556701031
3973,13089,539077,314.55,606.4518556701031
3974,13089,539096,313.2,606.4518556701031
3975,13089,540162,95.65,606.4518556701031
3976,13089,540163,958.93,606.4518556701031
3977,13089,540261,730.88,606.4518556701031
3978,13089,540994,704.59,606.4518556701031
3979,13089,541410,1207.13,606.4518556701031
3980,13089,542145,419.4,606.4518556701031
3981,13089,542275,702.4,606.4518556701031
3982,13089,542591,119.85,606.4518556701031
3983,13089,542620,343.55,606.4518556701031
3984,13089,542722,261.6,606.4518556701031
3985,13089,542932,1341.96,606.4518556701031
3986,13089,543976,1380.4,606.4518556701031
3987,13089,544190,193.01,606.4518556701031
3988,13089,544191,772.8,606.4518556701031
3989,13089,544192,17.7,606.4518556701031
3990,13089,544788,354.56,606.4518556701031
3991,13089,545999,1195.95,606.4518556701031
3992,13089,546000,72.0,606.4518556701031
3993,13089,546731,961.56,606.4518556701031
3994,13089,547578,485.89,606.4518556701031
3995,13089,547579,120.0,606.4518556701031
3996,13089,548497,1622.41,606.4518556701031
3997,13089,548992,838.08,606.4518556701031
3998,13089,549273,312.0,606.4518556701031
3999,13089,549696,153.0,606.4518556701031
4000,13089,549751,737.42,606.4518556701031
4001,13089,549752,50.0,606.4518556701031
4002,13089,550151,140.25,606.4518556701031
4003,13089,550312,379.32,606.4518556701031
4004,13089,550336,246.74,606.4518556701031
4005,13089,551181,600.9,606.4518556701031
4006,13089,551647,62.279999999999994,606.4518556701031
4007,13089,551650,1110.72,606.4518556701031
4008,13089,552195,204.3,606.4518556701031
4009,13089,552728,765.4,606.4518556701031
4010,13089,552729,39.6,606.4518556701031
4011,13089,553151,692.96,606.4518556701031
4012,13089,553152,375.45,606.4518556701031
4013,13089,553153,17.4,606.4518556701031
4014,13089,553155,34.0,606.4518556701031
4015,13089,553352,239.48,606.4518556701031
4016,13089,554365,688.06,606.4518556701031
4017,13089,554367,237.15,606.4518556701031
4018,13089,555543,627.04,606.4518556701031
4019,13089,555815,916.74,606.4518556701031
4020,13089,555816,47.2,606.4518556701031
4021,13089,557278,1152.52,606.4518556701031
4022,13089,557764,987.08,606.4518556701031
4023,13089,557767,17.4,606.4518556701031
4024,13089,559057,561.34,606.4518556701031
4025,13089,559691,795.56,606.4518556701031
4026,13089,559900,214.2,606.4518556701031
4027,13089,560892,877.36,606.4518556701031
4028,13089,560895,1021.92,606.4518556701031
4029,13089,561743,221.8,606.4518556701031
4030,13089,562102,1490.82,606.4518556701031
4031,13089,562103,24.6,606.4518556701031
4032,13089,563246,695.26,606.4518556701031
4033,13089,563247,256.08,606.4518556701031
4034,13089,563747,481.6,606.4518556701031
4035,13089,564958,682.19,606.4518556701031
4036,13089,565116,2297.52,606.4518556701031
4037,13089,565117,2016.32,606.4518556701031
4038,13089,567379,761.4399999999999,606.4518556701031
4039,13089,567798,886.63,606.4518556701031
4040,13089,567799,80.76,606.4518556701031
4041,13089,567800,51.0,606.4518556701031
4042,13089,567801,310.24,606.4518556701031
4043,13089,568209,234.6,606.4518556701031
4044,13089,569027,712.0600000000001,606.4518556701031
4045,13089,569871,330.15,606.4518556701031
4046,13089,569872,33.0,606.4518556701031
4047,13089,569873,33.0,606.4518556701031
4048,13089,570514,1018.51,606.4518556701031
4049,13089,571738,311.76,606.4518556701031
4050,13089,571892,431.2,606.4518556701031
4051,13089,573166,706.36,606.4518556701031
4052,13089,573394,456.92,606.4518556701031
4053,13089,575060,1095.29,606.4518556701031
4054,13089,576355,1364.74,606.4518556701031
4055,13089,576736,356.1,606.4518556701031
4056,13089,577093,426.06,606.4518556701031
4057,13089,578101,105.0,606.4518556701031
4058,13089,578102,409.0,606.4518556701031
4059,13089,579177,705.9,606.4518556701031
4060,13089,580112,300.84,606.4518556701031
4061,13089,580125,313.5,606.4518556701031
4062,13089,580673,3705.48,606.4518556701031
4063,13089,581008,361.8,606.4518556701031
4064,13090,536598,160.6,636.4871428571429
4065,13090,538005,832.8,636.4871428571429
4066,13090,538147,15.0,636.4871428571429
4067,13090,541203,302.76,636.4871428571429
4068,13090,544816,485.03999999999996,636.4871428571429
4069,13090,546929,555.3,636.4871428571429
4070,13090,550202,760.1,636.4871428571429
4071,13090,557143,832.02,636.4871428571429
4072,13090,561355,968.4,636.4871428571429
4073,13090,569803,902.07,636.4871428571429
4074,13090,571430,331.9,636.4871428571429
4075,13090,575137,1833.69,636.4871428571429
4076,13090,577488,575.76,636.4871428571429
4077,13090,580045,355.38,636.4871428571429
4078,13091,575908,345.82,345.82
4079,13092,539000,185.45,95.566
4080,13092,545873,110.2,95.566
4081,13092,551143,103.3,95.566
4082,13092,552887,40.8,95.566
4083,13092,569077,38.08,95.566
4084,13093,536560,799.4,979.05875
4085,13093,539087,1168.2,979.05875
4086,13093,539088,1827.91,979.05875
4087,13093,540357,1374.46,979.05875
4088,13093,541021,898.5,979.05875
4089,13093,542934,991.98,979.05875
4090,13093,545013,467.52,979.05875
4091,13093,546103,304.5,979.05875
4092,13094,537247,223.68,160.60999999999999
4093,13094,540004,76.32,160.60999999999999
4094,13094,540370,76.32,160.60999999999999
4095,13094,543738,76.32,160.60999999999999
4096,13094,545347,76.32,160.60999999999999
4097,13094,553177,205.73999999999998,160.60999999999999
4098,13094,553654,205.73999999999998,160.60999999999999
4099,13094,555213,152.64,160.60999999999999
4100,13094,559108,223.68,160.60999999999999
4101,13094,562088,228.95999999999998,160.60999999999999
4102,13094,567511,228.95999999999998,160.60999999999999
4103,13094,577325,152.64,160.60999999999999
4104,13095,569087,74.4,74.4
4105,13097,538872,304.9,601.042
4106,13097,540260,771.29,601.042
4107,13097,544455,589.11,601.042
4108,13097,547785,878.02,601.042
4109,13097,550781,460.94,601.042
4110,13097,557265,341.81,601.042
4111,13097,557268,655.79,601.042
4112,13097,562772,641.85,601.042
4113,13097,568059,835.57,601.042
4114,13097,574824,531.14,601.042
4115,13098,542233,648.8,1031.5157142857142
4116,13098,543413,244.79999999999998,1031.5157142857142
4117,13098,546372,349.2,1031.5157142857142
4118,13098,548806,357.7,1031.5157142857142
4119,13098,549115,1722.02,1031.5157142857142
4120,13098,552547,1077.4,1031.5157142857142
4121,13098,552710,1974.06,1031.5157142857142
4122,13098,554556,829.63,1031.5157142857142
4123,13098,555836,531.36,1031.5157142857142
4124,13098,557067,1221.55,1031.5157142857142
4125,13098,557900,617.7,1031.5157142857142
4126,13098,559015,396.9,1031.5157142857142
4127,13098,559654,865.62,1031.5157142857142
4128,13098,560854,473.09999999999997,1031.5157142857142
4129,13098,561528,498.04,1031.5157142857142
4130,13098,562282,2022.6,1031.5157142857142
4131,13098,563686,637.6,1031.5157142857142
4132,13098,565781,701.38,1031.5157142857142
4133,13098,566576,2180.2999999999997,1031.5157142857142
4134,13098,570268,1978.22,1031.5157142857142
4135,13098,570275,2482.44,1031.5157142857142
4136,13098,573143,951.48,1031.5157142857142
4137,13098,575725,1955.68,1031.5157142857142
4138,13098,577357,867.64,1031.5157142857142
4139,13098,579545,931.46,1031.5157142857142
4140,13098,580532,587.9200000000001,1031.5157142857142
4141,13098,580533,96.3,1031.5157142857142
4142,13098,581410,1681.54,1031.5157142857142
4143,13099,565217,207.36,207.36
4144,13101,550628,101.19,101.19
4145,13102,538057,316.82,267.67041666666665
4146,13102,538854,357.09999999999997,267.67041666666665
4147,13102,540522,301.28,267.67041666666665
4148,13102,540826,447.28,267.67041666666665
4149,13102,541782,8.5,267.67041666666665
4150,13102,543098,255.76,267.67041666666665
4151,13102,543199,195.06,267.67041666666665
4152,13102,546189,300.53999999999996,267.67041666666665
4153,13102,546190,199.2,267.67041666666665
4154,13102,547074,176.34,267.67041666666665
4155,13102,549239,245.46,267.67041666666665
4156,13102,549258,329.1,267.67041666666665
4157,13102,551715,337.38,267.67041666666665
4158,13102,554545,219.78,267.67041666666665
4159,13102,554547,79.56,267.67041666666665
4160,13102,557302,236.44,267.67041666666665
4161,13102,559366,413.96,267.67041666666665
4162,13102,561701,234.12,267.67041666666665
4163,13102,561715,308.02,267.67041666666665
4164,13102,567327,331.14,267.67041666666665
4165,13102,573272,366.12,267.67041666666665
4166,13102,576832,263.0,267.67041666666665
4167,13102,580134,308.06,267.67041666666665
4168,13102,581380,194.07,267.67041666666665
4169,13103,573419,243.94,243.94
4170,13104,539567,101.76,183.08
4171,13104,546852,111.96000000000001,183.08
4172,13104,561813,162.72,183.08
4173,13104,566818,202.56,183.08
4174,13104,572328,180.0,183.08
4175,13104,580906,339.48,183.08
4176,13106,561811,76.5,76.5
4177,13107,540639,566.84,382.90500000000003
4178,13107,557132,368.38,382.90500000000003
4179,13107,566772,472.2,382.90500000000003
4180,13107,572900,124.2,382.90500000000003
4181,13108,536621,350.06,350.06
4182,13109,559034,369.85,393.27
4183,13109,570509,416.69,393.27
4184,13110,542908,271.55,212.66714285714286
4185,13110,545324,268.6,212.66714285714286
4186,13110,547881,192.34,212.66714285714286
4187,13110,561206,302.71,212.66714285714286
4188,13110,561207,7.040000000000001,212.66714285714286
4189,13110,571509,204.7,212.66714285714286
4190,13110,575129,241.73,212.66714285714286
4191,13113,537806,372.96999999999997,510.2483333333333
4192,13113,540951,676.6,510.2483333333333
4193,13113,542228,372.29,510.2483333333333
4194,13113,543232,755.05,510.2483333333333
4195,13113,544658,425.91999999999996,510.2483333333333
4196,13113,545638,235.91,510.2483333333333
4197,13113,547201,489.12,510.2483333333333
4198,13113,548318,453.05,510.2483333333333
4199,13113,549664,148.0,510.2483333333333
4200,13113,549669,2.55,510.2483333333333
4201,13113,550362,635.0,510.2483333333333
4202,13113,551211,443.25,510.2483333333333
4203,13113,551566,609.5,510.2483333333333
4204,13113,552955,483.4,510.2483333333333
4205,13113,554071,1961.05,510.2483333333333
4206,13113,555016,792.5,510.2483333333333
4207,13113,557144,600.08,510.2483333333333
4208,13113,558524,187.78,510.2483333333333
4209,13113,562771,657.4,510.2483333333333
4210,13113,563621,485.64,510.2483333333333
4211,13113,570222,475.65999999999997,510.2483333333333
4212,13113,573371,307.08,510.2483333333333
4213,13113,578699,336.96000000000004,510.2483333333333
4214,13113,581586,339.2,510.2483333333333
4215,13115,556102,878.55,573.695
4216,13115,570806,901.07,573.695
4217,13115,571182,15.6,573.695
4218,13115,579134,499.56,573.695
4219,13116,561068,501.14,501.14
4220,13117,536741,202.12,123.11375
4221,13117,538094,186.03,123.11375
4222,13117,541984,111.78,123.11375
4223,13117,545710,90.6,123.11375
4224,13117,550242,65.28,123.11375
4225,13117,552062,95.56,123.11375
4226,13117,562851,90.4,123.11375
4227,13117,577218,143.14,123.11375
4228,13118,544899,190.93,239.56199999999998
4229,13118,548545,423.55,239.56199999999998
4230,13118,553191,185.22000000000003,239.56199999999998
4231,13118,577505,378.31,239.56199999999998
4232,13118,577510,19.8,239.56199999999998
4233,13120,550198,30.6,30.6
4234,13121,546679,283.73,283.73
4235,13122,549964,903.67,461.195
4236,13122,565783,18.72,461.195
4237,13124,539039,1256.32,1288.7766666666666
4238,13124,548666,1317.8,1288.7766666666666
4239,13124,566258,1292.21,1288.7766666666666
4240,13126,537759,203.64,262.455
4241,13126,537761,19.8,262.455
4242,13126,540113,323.87,262.455
4243,13126,546275,209.94,262.455
4244,13126,548520,320.16999999999996,262.455
4245,13126,568590,308.56,262.455
4246,13126,572775,344.21999999999997,262.455
4247,13126,580550,369.44,262.455
4248,13127,567976,259.17,259.17
4249,13130,565780,64.0,64.0
4250,13131,555517,324.9,357.76666666666665
4251,13131,568996,447.3,357.76666666666665
4252,13131,576774,301.1,357.76666666666665
4253,13132,547503,77.3,77.3
4254,13133,543480,52.35,54.9
4255,13133,546331,57.449999999999996,54.9
4256,13134,549951,500.2,448.395
4257,13134,550649,25.5,448.395
4258,13134,556183,360.04,448.395
4259,13134,566789,907.84,448.395
4260,13135,554868,3096.0,3096.0
4261,13136,552817,574.46,521.5219999999999
4262,13136,560691,533.04,521.5219999999999
4263,13136,560693,119.17999999999999,521.5219999999999
4264,13136,566554,921.4,521.5219999999999
4265,13136,571224,459.53,521.5219999999999
4266,13137,543191,217.93,456.30125
4267,13137,548612,645.91,456.30125
4268,13137,561036,301.39,456.30125
4269,13137,564729,292.52,456.30125
4270,13137,566018,473.29,456.30125
4271,13137,573347,576.37,456.30125
4272,13137,575840,682.17,456.30125
4273,13137,579399,460.83,456.30125
4274,13138,536778,193.23,160.39833333333334
4275,13138,549923,193.62,160.39833333333334
4276,13138,561796,102.6,160.39833333333334
4277,13138,567516,198.44,160.39833333333334
4278,13138,572322,143.8,160.39833333333334
4279,13138,577101,130.7,160.39833333333334
4280,13139,547787,409.5,723.5628571428571
4281,13139,552313,760.52,723.5628571428571
4282,13139,563943,540.92,723.5628571428571
4283,13139,568671,1873.6200000000001,723.5628571428571
4284,13139,574834,718.9,723.5628571428571
4285,13139,574835,407.96000000000004,723.5628571428571
4286,13139,578283,353.52,723.5628571428571
4287,13140,537842,159.51,141.24
4288,13140,563441,150.15,141.24
4289,13140,564188,114.06,141.24
4290,13141,542528,215.52,477.75
4291,13141,542543,309.05,477.75
4292,13141,550519,516.28,477.75
4293,13141,552468,360.18,477.75
4294,13141,566979,987.72,477.75
4295,13142,577594,307.09000000000003,307.09000000000003
4296,13144,540777,110.95,110.95
4297,13145,536835,295.0,154.63
4298,13145,562446,118.8,154.63
4299,13145,566083,85.92,154.63
4300,13145,573532,118.8,154.63
4301,13146,576061,228.91,228.91
4302,13147,565127,118.8,178.2
4303,13147,573129,118.8,178.2
4304,13147,575205,237.6,178.2
4305,13147,579451,237.6,178.2
4306,13148,538296,309.4,308.9266666666667
4307,13148,542607,411.75,308.9266666666667
4308,13148,542610,351.56,308.9266666666667
4309,13148,542615,14.95,308.9266666666667
4310,13148,547418,369.09,308.9266666666667
4311,13148,550820,341.58,308.9266666666667
4312,13148,558757,223.92000000000002,308.9266666666667
4313,13148,558759,247.52,308.9266666666667
4314,13148,561686,505.25,308.9266666666667
4315,13148,561687,14.85,308.9266666666667
4316,13148,575640,240.16,308.9266666666667
4317,13148,575680,677.09,308.9266666666667
4318,13149,544802,376.74,419.015
4319,13149,559904,506.15999999999997,419.015
4320,13149,564482,249.72,419.015
4321,13149,578806,543.44,419.015
4322,13151,544286,1257.87,1257.87
4323,13153,580432,486.22,486.22
4324,13155,537370,379.7,242.94
4325,13155,541273,189.5,242.94
4326,13155,567545,313.3,242.94
4327,13155,574735,89.25999999999999,242.94
4328,13157,543919,197.82,435.305
4329,13157,549843,300.12,435.305
4330,13157,560870,375.26,435.305
4331,13157,572225,868.02,435.305
4332,13158,541995,256.40999999999997,300.265
4333,13158,559308,306.42,300.265
4334,13158,563095,305.34,300.265
4335,13158,565727,332.89,300.265
4336,13159,563428,457.31,359.4625
4337,13159,564536,394.28,359.4625
4338,13159,572068,303.7,359.4625
4339,13159,579991,282.56,359.4625
4340,13160,577032,91.8,91.8
4341,13161,542609,112.75,112.75
4342,13162,540501,753.26,422.0725
4343,13162,550805,548.43,422.0725
4344,13162,556099,3.75,422.0725
4345,13162,562838,382.85,422.0725
4346,13165,539978,354.64,510.74
4347,13165,572520,666.84,510.74
4348,13166,545327,417.2,417.2
4349,13167,560535,242.91,197.83249999999998
4350,13167,561922,174.64,197.83249999999998
4351,13167,569364,242.12,197.83249999999998
4352,13167,577721,131.66,197.83249999999998
4353,13168,542112,632.18,329.7975
4354,13168,544465,209.05,329.7975
4355,13168,554492,131.43,329.7975
4356,13168,574247,346.53,329.7975
4357,13169,548660,505.2,356.44
4358,13169,570098,207.68,356.44
4359,13170,575957,116.00999999999999,116.00999999999999
4360,13171,543810,140.35,156.13666666666666
4361,13171,572272,132.54,156.13666666666666
4362,13171,577165,195.52,156.13666666666666
4363,13173,537622,165.94,176.825
4364,13173,580692,187.71,176.825
4365,13174,537224,1415.97,939.0099999999999
4366,13174,542398,692.3,939.0099999999999
4367,13174,578292,708.76,939.0099999999999
4368,13176,572528,492.84,492.84
4369,13177,569732,282.45,282.45
4370,13178,538811,710.0,520.4972727272727
4371,13178,544299,414.0,520.4972727272727
4372,13178,549387,483.0,520.4972727272727
4373,13178,552460,719.8,520.4972727272727
4374,13178,553930,392.4,520.4972727272727
4375,13178,557630,591.73,520.4972727272727
4376,13178,560010,285.0,520.4972727272727
4377,13178,561797,795.8,520.4972727272727
4378,13178,568527,765.0,520.4972727272727
4379,13178,574331,262.26,520.4972727272727
4380,13178,576074,306.48,520.4972727272727
4381,13182,572678,121.18,121.18
4382,13183,540502,625.04,439.75333333333333
4383,13183,547577,513.84,439.75333333333333
4384,13183,553186,388.2,439.75333333333333
4385,13183,559005,302.18,439.75333333333333
4386,13183,561453,353.76,439.75333333333333
4387,13183,564851,211.96,439.75333333333333
4388,13183,566634,690.6,439.75333333333333
4389,13183,574066,443.14,439.75333333333333
4390,13183,580155,429.05999999999995,439.75333333333333
4391,13184,544687,212.51999999999998,170.129
4392,13184,548631,117.4,170.129
4393,13184,550626,185.08,170.129
4394,13184,551149,231.31,170.129
4395,13184,556038,173.66,170.129
4396,13184,559641,365.02,170.129
4397,13184,560200,30.0,170.129
4398,13184,561912,181.16,170.129
4399,13184,561913,8.29,170.129
4400,13184,578786,196.85,170.129
4401,13185,546828,71.4,71.4
4402,13186,562129,988.34,525.2966666666667
4403,13186,565839,313.6,525.2966666666667
4404,13186,573486,273.95,525.2966666666667
4405,13187,540397,236.02,236.02
4406,13188,579185,114.6,114.6
4407,13189,563440,127.0,130.34
4408,13189,577646,133.68,130.34
4409,13192,553703,464.32,455.97
4410,13192,565595,447.62,455.97
4411,13193,570235,117.88,117.88
4412,13194,561384,60.7,60.7
4413,13196,547375,512.13,449.445
4414,13196,567092,1074.82,449.445
4415,13196,579159,152.43,449.445
4416,13196,579160,58.4,449.445
4417,13198,538523,384.55,566.8733333333333
4418,13198,542103,800.1899999999999,566.8733333333333
4419,13198,548728,903.01,566.8733333333333
4420,13198,559095,431.57,566.8733333333333
4421,13198,563017,489.86,566.8733333333333
4422,13198,579473,392.06,566.8733333333333
4423,13199,537698,468.68,258.34526315789475
4424,13199,539254,243.12,258.34526315789475
4425,13199,540181,199.44,258.34526315789475
4426,13199,541108,76.32,258.34526315789475
4427,13199,541407,152.64,258.34526315789475
4428,13199,543017,15.0,258.34526315789475
4429,13199,544125,285.24,258.34526315789475
4430,13199,544129,434.6,258.34526315789475
4431,13199,545535,73.92,258.34526315789475
4432,13199,546831,606.84,258.34526315789475
4433,13199,549938,408.0,258.34526315789475
4434,13199,550531,35.4,258.34526315789475
4435,13199,551146,59.0,258.34526315789475
4436,13199,551955,321.48,258.34526315789475
4437,13199,554818,292.6,258.34526315789475
4438,13199,554821,67.88,258.34526315789475
4439,13199,557017,181.55999999999997,258.34526315789475
4440,13199,557490,243.83999999999997,258.34526315789475
4441,13199,560596,186.2,258.34526315789475
4442,13199,564333,116.16,258.34526315789475
4443,13199,564728,85.92,258.34526315789475
4444,13199,566052,186.32,258.34526315789475
4445,13199,569780,370.9,258.34526315789475
4446,13199,569781,159.24,258.34526315789475
4447,13199,571933,76.32,258.34526315789475
4448,13199,573179,1826.88,258.34526315789475
4449,13199,573230,85.92,258.34526315789475
4450,13199,574935,301.04,258.34526315789475
4451,13199,575027,125.92,258.34526315789475
4452,13199,576693,443.4,258.34526315789475
4453,13199,577605,400.08,258.34526315789475
4454,13199,578014,149.4,258.34526315789475
4455,13199,578694,234.24,258.34526315789475
4456,13199,578695,36.8,258.34526315789475
4457,13199,579452,225.0,258.34526315789475
4458,13199,580031,151.01999999999998,258.34526315789475
4459,13199,580138,188.76,258.34526315789475
4460,13199,580892,302.03999999999996,258.34526315789475
4461,13200,562535,319.32,217.5225
4462,13200,568326,307.69,217.5225
4463,13200,577143,142.88,217.5225
4464,13200,577555,100.2,217.5225
4465,13203,549715,165.71,217.365
4466,13203,562963,144.15,217.365
4467,13203,573552,396.38,217.365
4468,13203,579549,163.22,217.365
4469,13207,559768,197.52,125.13000000000001
4470,13207,578535,52.74,125.13000000000001
4471,13208,543164,168.45,203.98333333333335
4472,13208,549949,205.28,203.98333333333335
4473,13208,553485,326.48,203.98333333333335
4474,13208,559320,134.86,203.98333333333335
4475,13208,570685,382.35,203.98333333333335
4476,13208,570705,6.48,203.98333333333335
4477,13209,538532,318.85,736.4512500000001
4478,13209,541316,111.35,736.4512500000001
4479,13209,551014,1932.24,736.4512500000001
4480,13209,560453,1198.38,736.4512500000001
4481,13209,562166,595.26,736.4512500000001
4482,13209,575331,1049.66,736.4512500000001
4483,13209,575332,85.92,736.4512500000001
4484,13209,575333,599.95,736.4512500000001
4485,13210,565788,353.48,353.48
4486,13211,538668,110.7,399.14000000000004
4487,13211,565664,775.94,399.14000000000004
4488,13211,579462,310.78,399.14000000000004
4489,13212,570237,216.22,262.6933333333333
4490,13212,570240,75.25,262.6933333333333
4491,13212,577506,496.61,262.6933333333333
4492,13213,554441,320.48,304.11600000000004
4493,13213,554508,94.8,304.11600000000004
4494,13213,556254,136.25,304.11600000000004
4495,13213,562209,412.35,304.11600000000004
4496,13213,571189,556.7,304.11600000000004
4497,13216,546832,333.74,333.74
4498,13217,559113,85.0,177.99333333333334
4499,13217,561864,396.96,177.99333333333334
4500,13217,562812,52.02,177.99333333333334
4501,13218,562422,62.64,62.64
4502,13220,550309,83.4,204.8225
4503,13220,551791,476.29,204.8225
4504,13220,555759,166.8,204.8225
4505,13220,567855,92.8,204.8225
4506,13221,539009,498.16,423.70500000000004
4507,13221,549989,349.25,423.70500000000004
4508,13223,550937,100.8,81.6
4509,13223,554269,62.4,81.6
4510,13224,559673,1212.26,1077.975
4511,13224,570448,943.69,1077.975
4512,13225,538526,1206.72,923.4057142857143
4513,13225,540253,1263.72,923.4057142857143
4514,13225,546464,734.44,923.4057142857143
4515,13225,554919,537.0,923.4057142857143
4516,13225,560592,557.6800000000001,923.4057142857143
4517,13225,570429,801.08,923.4057142857143
4518,13225,580910,1363.2,923.4057142857143
4519,13226,546396,108.21000000000001,108.21000000000001
4520,13227,554081,257.7,257.7
4521,13228,567325,358.0,358.0
4522,13229,551392,160.95,160.95
4523,13230,538169,93.45,200.49785714285713
4524,13230,541849,155.64,200.49785714285713
4525,13230,543165,135.55,200.49785714285713
4526,13230,544336,145.57999999999998,200.49785714285713
4527,13230,545460,281.43,200.49785714285713
4528,13230,549294,203.2,200.49785714285713
4529,13230,550189,233.12,200.49785714285713
4530,13230,551152,366.96,200.49785714285713
4531,13230,554074,184.55,200.49785714285713
4532,13230,559549,280.7,200.49785714285713
4533,13230,561081,148.96,200.49785714285713
4534,13230,561082,5.04,200.49785714285713
4535,13230,575731,175.53,200.49785714285713
4536,13230,580695,397.26,200.49785714285713
4537,13232,549562,117.43,193.94285714285712
4538,13232,553184,314.26,193.94285714285712
4539,13232,554933,260.21,193.94285714285712
4540,13232,556467,186.55,193.94285714285712
4541,13232,565324,169.85,193.94285714285712
4542,13232,576025,121.4,193.94285714285712
4543,13232,578849,187.9,193.94285714285712
4544,13233,540477,304.24,302.56
4545,13233,568318,300.88,302.56
4546,13235,552864,1031.07,1031.07
4547,13236,564366,439.23,372.425
4548,13236,576543,305.62,372.425
4549,13238,538865,91.15,175.1825
4550,13238,558430,227.70000000000002,175.1825
4551,13238,576872,277.88,175.1825
4552,13238,578064,104.0,175.1825
4553,13239,547417,329.56,329.56
4554,13240,538015,224.07,165.9125
4555,13240,547873,218.34,165.9125
4556,13240,557310,111.2,165.9125
4557,13240,565441,110.03999999999999,165.9125
4558,13242,552576,41.6,90.13333333333333
4559,13242,552577,62.400000000000006,90.13333333333333
4560,13242,563835,166.4,90.13333333333333
4561,13243,554016,600.07,600.07
4562,13244,565994,121.74000000000001,121.74000000000001
4563,13245,572026,430.5,430.5
4564,13246,541094,336.07,331.21666666666664
4565,13246,541409,347.04,331.21666666666664
4566,13246,544444,400.45,331.21666666666664
4567,13246,553487,564.96,331.21666666666664
4568,13246,557020,212.47,331.21666666666664
4569,13246,577795,126.31,331.21666666666664
4570,13247,567163,305.07,125.28
4571,13247,571898,85.8,125.28
4572,13247,577048,65.7,125.28
4573,13247,577848,44.55,125.28
4574,13248,555486,387.46999999999997,232.83999999999997
4575,13248,562573,78.21000000000001,232.83999999999997
4576,13249,547546,291.84,237.13666666666666
4577,13249,565918,127.73,237.13666666666666
4578,13249,566037,291.84,237.13666666666666
4579,13253,540096,476.48,515.2
4580,13253,559062,553.92,515.2
4581,13255,536416,225.7,199.755
4582,13255,579677,173.81,199.755
4583,13258,553680,224.62,232.85999999999999
4584,13258,576780,370.35999999999996,232.85999999999999
4585,13258,579010,103.6,232.85999999999999
4586,13259,570210,292.32,292.32
4587,13260,570227,557.62,557.62
4588,13261,545042,845.1,472.05
4589,13261,546741,99.0,472.05
4590,13262,547221,200.29,200.29
4591,13263,541509,141.66,212.97342857142857
4592,13263,545690,427.03000000000003,212.97342857142857
4593,13263,546542,308.09000000000003,212.97342857142857
4594,13263,547656,217.56,212.97342857142857
4595,13263,548188,243.81,212.97342857142857
4596,13263,548860,406.82,212.97342857142857
4597,13263,550621,171.01,212.97342857142857
4598,13263,550915,133.59,212.97342857142857
4599,13263,551171,282.7,212.97342857142857
4600,13263,551717,257.86,212.97342857142857
4601,13263,553002,265.14,212.97342857142857
4602,13263,553003,7.800000000000001,212.97342857142857
4603,13263,553702,167.64,212.97342857142857
4604,13263,554598,260.04,212.97342857142857
4605,13263,555260,161.87,212.97342857142857
4606,13263,557064,324.29,212.97342857142857
4607,13263,557068,13.44,212.97342857142857
4608,13263,558461,185.85,212.97342857142857
4609,13263,559168,145.96,212.97342857142857
4610,13263,559887,163.53,212.97342857142857
4611,13263,562347,167.32,212.97342857142857
4612,13263,563031,137.5,212.97342857142857
4613,13263,564199,280.17,212.97342857142857
4614,13263,566605,276.31,212.97342857142857
4615,13263,569037,499.49,212.97342857142857
4616,13263,569518,127.85,212.97342857142857
4617,13263,570650,277.75,212.97342857142857
4618,13263,571900,15.0,212.97342857142857
4619,13263,572073,178.32,212.97342857142857
4620,13263,572746,203.44,212.97342857142857
4621,13263,573070,135.3,212.97342857142857
4622,13263,578258,338.63,212.97342857142857
4623,13263,579147,187.1,212.97342857142857
4624,13263,579980,136.85,212.97342857142857
4625,13263,581407,207.35,212.97342857142857
4626,13265,546324,307.44,421.532
4627,13265,549520,817.4399999999999,421.532
4628,13265,556112,340.78,421.532
4629,13265,566306,336.64,421.532
4630,13265,571496,305.36,421.532
4631,13266,547891,302.21999999999997,319.52166666666665
4632,13266,549102,303.95,319.52166666666665
4633,13266,550579,319.47999999999996,319.52166666666665
4634,13266,551963,305.9,319.52166666666665
4635,13266,553923,279.02,319.52166666666665
4636,13266,555849,315.86,319.52166666666665
4637,13266,558868,375.21999999999997,319.52166666666665
4638,13266,563744,333.93,319.52166666666665
4639,13266,568143,305.77,319.52166666666665
4640,13266,573102,382.34000000000003,319.52166666666665
4641,13266,575634,301.06,319.52166666666665
4642,13266,579174,309.51,319.52166666666665
4643,13267,537671,328.45,237.97315789473683
4644,13267,538795,293.85,237.97315789473683
4645,13267,540915,311.67,237.97315789473683
4646,13267,546031,201.5,237.97315789473683
4647,13267,546032,85.15,237.97315789473683
4648,13267,546033,15.9,237.97315789473683
4649,13267,547515,330.52,237.97315789473683
4650,13267,550912,313.65,237.97315789473683
4651,13267,554368,257.39,237.97315789473683
4652,13267,554369,9.96,237.97315789473683
4653,13267,554370,62.1,237.97315789473683
4654,13267,558885,227.95,237.97315789473683
4655,13267,558886,49.5,237.97315789473683
4656,13267,563905,313.35,237.97315789473683
4657,13267,566061,318.4,237.97315789473683
4658,13267,574313,367.69,237.97315789473683
4659,13267,575643,384.88,237.97315789473683
4660,13267,577851,348.38,237.97315789473683
4661,13267,581059,301.2,237.97315789473683
4662,13268,546850,653.57,292.24454545454546
4663,13268,548388,457.42,292.24454545454546
4664,13268,549787,180.43,292.24454545454546
4665,13268,551776,250.04,292.24454545454546
4666,13268,554630,296.32,292.24454545454546
4667,13268,557854,312.47,292.24454545454546
4668,13268,567043,318.57,292.24454545454546
4669,13268,573814,413.40999999999997,292.24454545454546
4670,13268,576347,8.2,292.24454545454546
4671,13268,577869,302.21999999999997,292.24454545454546
4672,13268,577906,22.04,292.24454545454546
4673,13269,537058,351.43,356.4153333333333
4674,13269,538645,310.74,356.4153333333333
4675,13269,548708,704.6,356.4153333333333
4676,13269,550784,370.68,356.4153333333333
4677,13269,552007,310.78,356.4153333333333
4678,13269,556528,312.44,356.4153333333333
4679,13269,559811,305.1,356.4153333333333
4680,13269,564022,315.68,356.4153333333333
4681,13269,566393,362.18,356.4153333333333
4682,13269,569536,476.52,356.4153333333333
4683,13269,569537,97.7,356.4153333333333
4684,13269,577140,55.6,356.4153333333333
4685,13269,577141,553.14,356.4153333333333
4686,13269,579144,485.96,356.4153333333333
4687,13269,581415,333.67999999999995,356.4153333333333
4688,13270,537833,590.0,590.0
4689,13271,574063,217.38,217.38
4690,13272,566248,140.96,138.28
4691,13272,575088,135.6,138.28
4692,13273,563703,138.98,138.98
4693,13276,565087,137.38,295.46500000000003
4694,13276,570118,453.55,295.46500000000003
4695,13277,561696,75.9,64.6
4696,13277,563357,50.0,64.6
4697,13277,576225,49.5,64.6
4698,13277,578343,83.0,64.6
4699,13278,573339,542.73,542.73
4700,13279,567922,137.75,137.75
4701,13280,540373,307.35,271.62
4702,13280,542408,392.01,271.62
4703,13280,562782,115.5,271.62
4704,13282,551653,344.7,377.37999999999994
4705,13282,558557,428.4,377.37999999999994
4706,13282,577770,359.03999999999996,377.37999999999994
4707,13283,555839,25.5,46.83
4708,13283,570506,68.16,46.83
4709,13284,540993,201.19,201.19
4710,13285,544685,666.89,677.28
4711,13285,551275,506.38,677.28
4712,13285,558731,796.83,677.28
4713,13285,576771,739.02,677.28
4714,13291,559200,361.11,361.11
4715,13292,545184,249.57,289.47
4716,13292,573769,329.37,289.47
4717,13294,548780,483.65,436.87
4718,13294,555408,390.09000000000003,436.87
4719,13295,538944,201.2,201.2
4720,13296,561193,87.4,87.4
4721,13297,569363,1315.3799999999999,522.4625
4722,13297,576633,356.39,522.4625
4723,13297,576634,94.56,522.4625
4724,13297,580143,323.52,522.4625
4725,13298,581385,360.0,360.0
4726,13299,546752,142.5,142.5
4727,13300,557875,371.89,371.89
4728,13301,544454,173.91,154.52249999999998
4729,13301,551520,153.85999999999999,154.52249999999998
4730,13301,558875,153.13,154.52249999999998
4731,13301,564718,137.19,154.52249999999998
4732,13302,559353,63.75,63.75
4733,13304,539981,300.42,300.42
4734,13305,536671,136.2,200.08599999999998
4735,13305,544195,152.7,200.08599999999998
4736,13305,546402,156.6,200.08599999999998
4737,13305,549467,194.75,200.08599999999998
4738,13305,560231,250.95,200.08599999999998
4739,13305,563454,194.55,200.08599999999998
4740,13305,565082,75.3,200.08599999999998
4741,13305,565926,310.2,200.08599999999998
4742,13305,577176,316.45,200.08599999999998
4743,13305,580684,213.16,200.08599999999998
4744,13307,563092,15.0,15.0
4745,13308,554013,814.95,461.83666666666664
4746,13308,571694,284.68,461.83666666666664
4747,13308,576905,285.88,461.83666666666664
4748,13309,543196,390.71,291.358
4749,13309,553490,155.93,291.358
4750,13309,566424,381.5,291.358
4751,13309,572673,293.77,291.358
4752,13309,580364,234.88,291.358
4753,13310,541590,410.18,377.3433333333333
4754,13310,553504,407.46999999999997,377.3433333333333
4755,13310,575929,314.38,377.3433333333333
4756,13311,559806,490.11,299.285
4757,13311,580642,108.46,299.285
4758,13313,539993,307.3,311.064
4759,13313,552288,302.44,311.064
4760,13313,560915,308.6,311.064
4761,13313,574393,324.3,311.064
4762,13313,577099,312.68,311.064
4763,13314,568394,499.62,258.6466666666667
4764,13314,570123,89.85,258.6466666666667
4765,13314,581357,186.47,258.6466666666667
4766,13316,548324,1622.48,1494.4325
4767,13316,561873,2157.5,1494.4325
4768,13316,567615,683.58,1494.4325
4769,13316,574049,1514.17,1494.4325
4770,13317,539082,205.8,378.9466666666667
4771,13317,539083,32.25,378.9466666666667
4772,13317,550125,444.63,378.9466666666667
4773,13317,554560,424.0,378.9466666666667
4774,13317,554561,207.3,378.9466666666667
4775,13317,569493,959.7,378.9466666666667
4776,13318,574047,302.96,213.58666666666667
4777,13318,580436,186.96,213.58666666666667
4778,13318,581461,150.84,213.58666666666667
4779,13319,537889,670.48,417.1365384615384
4780,13319,537891,88.8,417.1365384615384
4781,13319,539592,14.85,417.1365384615384
4782,13319,539593,776.9499999999999,417.1365384615384
4783,13319,540015,510.89,417.1365384615384
4784,13319,543486,510.07,417.1365384615384
4785,13319,543487,197.0,417.1365384615384
4786,13319,546522,373.84,417.1365384615384
4787,13319,546523,52.2,417.1365384615384
4788,13319,548740,599.84,417.1365384615384
4789,13319,553220,732.92,417.1365384615384
4790,13319,555634,210.06,417.1365384615384
4791,13319,555635,272.0,417.1365384615384
4792,13319,557801,573.54,417.1365384615384
4793,13319,559989,521.49,417.1365384615384
4794,13319,559990,87.3,417.1365384615384
4795,13319,561615,358.64,417.1365384615384
4796,13319,563723,346.2,417.1365384615384
4797,13319,566087,493.4,417.1365384615384
4798,13319,569403,678.11,417.1365384615384
4799,13319,569404,180.0,417.1365384615384
4800,13319,575656,1855.99,417.1365384615384
4801,13319,575657,112.03999999999999,417.1365384615384
4802,13319,575658,24.96,417.1365384615384
4803,13319,578085,294.88,417.1365384615384
4804,13319,580506,309.1,417.1365384615384
4805,13320,552544,319.81,387.175
4806,13320,552545,188.8,387.175
4807,13320,564437,472.54,387.175
4808,13320,567935,567.55,387.175
4809,13321,566746,259.03999999999996,283.67999999999995
4810,13321,568704,308.32,283.67999999999995
4811,13322,578040,199.48000000000002,199.48000000000002
4812,13323,567097,120.3,157.57
4813,13323,574913,97.7,157.57
4814,13323,577162,137.3,157.57
4815,13323,580090,157.75,157.57
4816,13323,580993,274.8,157.57
4817,13324,538687,650.1,712.1949999999999
4818,13324,542632,460.5,712.1949999999999
4819,13324,549590,423.0,712.1949999999999
4820,13324,549595,903.87,712.1949999999999
4821,13324,554003,504.0,712.1949999999999
4822,13324,554026,648.72,712.1949999999999
4823,13324,554034,208.79999999999998,712.1949999999999
4824,13324,566255,1783.24,712.1949999999999
4825,13324,566257,855.6,712.1949999999999
4826,13324,574303,684.12,712.1949999999999
4827,13325,567202,675.3,675.3
4828,13327,538116,685.0,453.47125
4829,13327,538117,60.0,453.47125
4830,13327,544196,202.9,453.47125
4831,13327,547805,474.05,453.47125
4832,13327,555735,450.4,453.47125
4833,13327,560432,484.1,453.47125
4834,13327,563818,382.3,453.47125
4835,13327,573773,889.02,453.47125
4836,13328,542397,1308.48,1308.48
4837,13329,537681,304.2,394.5
4838,13329,574964,484.8,394.5
4839,13330,542429,335.82,380.30999999999995
4840,13330,555829,392.4,380.30999999999995
4841,13330,566017,412.71,380.30999999999995
4842,13332,578812,350.9,350.9
4843,13334,543300,1660.44,1178.94
4844,13334,555340,1071.4,1178.94
4845,13334,567182,804.98,1178.94
4846,13336,568069,795.12,795.12
4847,13338,558908,487.02,487.02
4848,13339,554124,860.12,860.12
4849,13340,545914,3678.0299999999997,1533.782857142857
4850,13340,560257,810.09,1533.782857142857
4851,13340,560258,482.8,1533.782857142857
4852,13340,561647,3301.38,1533.782857142857
4853,13340,564561,957.24,1533.782857142857
4854,13340,572671,909.26,1533.782857142857
4855,13340,572672,597.68,1533.782857142857
4856,13341,547568,775.85,775.85
4857,13343,556883,353.43,353.43
4858,13344,545719,1656.15,847.9066666666668
4859,13344,569243,565.49,847.9066666666668
4860,13344,569244,322.08,847.9066666666668
4861,13345,544934,389.5,389.5
4862,13347,569126,341.36,341.36
4863,13348,569920,233.76,233.76
4864,13349,579256,247.32,247.32
4865,13350,567631,646.57,489.56000000000006
4866,13350,578314,332.55,489.56000000000006
4867,13351,569487,373.94,373.94
4868,13352,570426,397.98,397.98
4869,13354,568898,743.53,743.53
4870,13355,562804,674.7,674.7
4871,13356,567504,768.24,768.24
4872,13357,547867,609.95,609.95
4873,13358,546737,439.03,439.03
4874,13359,570008,439.56,439.56
4875,13362,544970,812.6999999999999,772.685
4876,13362,549300,768.83,772.685
4877,13362,571629,756.11,772.685
4878,13362,579749,753.1,772.685
4879,13363,572969,603.82,496.25
4880,13363,578006,388.68,496.25
4881,13364,569003,134.96,134.96
4882,13365,552149,700.6,1112.685
4883,13365,574678,1524.77,1112.685
4884,13366,572071,56.16,56.16
4885,13368,540279,35.4,311.7
4886,13368,547888,588.0,311.7
4887,13369,537963,308.28,308.28
4888,13370,536856,754.87,754.87
4889,13372,566261,378.64,378.64
4890,13373,545998,987.7,1104.0833333333333
4891,13373,558861,1067.8799999999999,1104.0833333333333
4892,13373,570273,1256.67,1104.0833333333333
4893,13375,566317,778.65,778.65
4894,13376,550617,376.0,339.92
4895,13376,553921,394.0,339.92
4896,13376,565197,249.76,339.92
4897,13379,561288,136.29,190.85333333333332
4898,13379,569231,299.53,190.85333333333332
4899,13379,575983,136.74,190.85333333333332
4900,13381,543832,416.11,606.5516666666666
4901,13381,553386,655.24,606.5516666666666
4902,13381,560145,709.74,606.5516666666666
4903,13381,563699,680.24,606.5516666666666
4904,13381,566292,520.9,606.5516666666666
4905,13381,575040,657.08,606.5516666666666
4906,13382,545588,222.99,222.99
4907,13384,556781,1172.6,593.1328571428572
4908,13384,562132,583.24,593.1328571428572
4909,13384,566582,1024.08,593.1328571428572
4910,13384,568458,261.55,593.1328571428572
4911,13384,568460,90.0,593.1328571428572
4912,13384,572737,298.26,593.1328571428572
4913,13384,575216,722.2,593.1328571428572
4914,13385,541123,534.57,534.57
4915,13388,561882,621.3,338.54999999999995
4916,13388,561883,55.8,338.54999999999995
4917,13389,550901,257.89,265.9866666666667
4918,13389,568218,322.26,265.9866666666667
4919,13389,579165,217.81,265.9866666666667
4920,13390,568215,544.08,544.08
4921,13391,553952,59.8,59.8
4922,13394,543054,313.76,315.0025
4923,13394,546890,320.42,315.0025
4924,13394,552372,301.15,315.0025
4925,13394,559668,301.26,315.0025
4926,13394,563369,306.86,315.0025
4927,13394,567898,302.74,315.0025
4928,13394,571310,371.72999999999996,315.0025
4929,13394,581285,302.09999999999997,315.0025
4930,13395,555872,307.72,307.72
4931,13396,541968,387.27,680.495
4932,13396,575701,973.72,680.495
4933,13397,540032,299.92,308.826
4934,13397,544395,301.85,308.826
4935,13397,556238,378.7,308.826
4936,13397,563904,247.72,308.826
4937,13397,568594,315.94,308.826
4938,13398,555094,457.34000000000003,457.34000000000003
4939,13402,536819,308.28,310.615
4940,13402,562387,312.95,310.615
4941,13403,577808,75.0,75.0
4942,13404,552770,217.81,126.245
4943,13404,581428,34.68,126.245
4944,13405,542146,160.05,190.8166666666667
4945,13405,553889,397.4,190.8166666666667
4946,13405,568375,15.0,190.8166666666667
4947,13408,536394,1024.68,453.5006451612903
4948,13408,536848,534.0,453.5006451612903
4949,13408,538631,689.04,453.5006451612903
4950,13408,539078,379.68,453.5006451612903
4951,13408,539275,403.79999999999995,453.5006451612903
4952,13408,540361,304.2,453.5006451612903
4953,13408,541883,904.66,453.5006451612903
4954,13408,542691,631.36,453.5006451612903
4955,13408,543995,793.5,453.5006451612903
4956,13408,545764,294.17,453.5006451612903
4957,13408,547500,524.82,453.5006451612903
4958,13408,547501,59.4,453.5006451612903
4959,13408,547875,612.38,453.5006451612903
4960,13408,548706,231.3,453.5006451612903
4961,13408,549969,381.0,453.5006451612903
4962,13408,549971,33.0,453.5006451612903
4963,13408,549972,408.9,453.5006451612903
4964,13408,551001,564.5,453.5006451612903
4965,13408,551438,453.2,453.5006451612903
4966,13408,553213,636.64,453.5006451612903
4967,13408,553214,464.1,453.5006451612903
4968,13408,553215,205.88,453.5006451612903
4969,13408,553216,132.8,453.5006451612903
4970,13408,553217,306.0,453.5006451612903
4971,13408,553218,134.1,453.5006451612903
4972,13408,555351,397.8,453.5006451612903
4973,13408,556783,451.26,453.5006451612903
4974,13408,556785,102.0,453.5006451612903
4975,13408,556786,109.19999999999999,453.5006451612903
4976,13408,558077,708.06,453.5006451612903
4977,13408,558078,35.4,453.5006451612903
4978,13408,558909,789.66,453.5006451612903
4979,13408,559818,515.3,453.5006451612903
4980,13408,561073,1104.31,453.5006451612903
4981,13408,562260,452.8,453.5006451612903
4982,13408,562261,119.52,453.5006451612903
4983,13408,562262,66.0,453.5006451612903
4984,13408,563014,383.96,453.5006451612903
4985,13408,564019,463.82,453.5006451612903
4986,13408,564538,601.88,453.5006451612903
4987,13408,565093,428.59999999999997,453.5006451612903
4988,13408,566228,889.4,453.5006451612903
4989,13408,566229,174.84,453.5006451612903
4990,13408,566722,466.52,453.5006451612903
4991,13408,568187,974.14,453.5006451612903
4992,13408,568195,40.0,453.5006451612903
4993,13408,569479,971.46,453.5006451612903
4994,13408,569480,23.8,453.5006451612903
4995,13408,572870,309.76,453.5006451612903
4996,13408,572871,327.98,453.5006451612903
4997,13408,572874,397.02,453.5006451612903
4998,13408,572879,118.44,453.5006451612903
4999,13408,574280,660.7,453.5006451612903
5000,13408,575256,550.44,453.5006451612903
5001,13408,576768,1145.32,453.5006451612903
5002,13408,577820,604.0,453.5006451612903
5003,13408,578127,472.6,453.5006451612903
5004,13408,579150,605.4,453.5006451612903
5005,13408,579151,139.92000000000002,453.5006451612903
5006,13408,580096,545.78,453.5006451612903
5007,13408,580894,417.0,453.5006451612903
5008,13408,581215,445.84,453.5006451612903
5009,13410,544582,250.24,200.612
5010,13410,547220,154.4,200.612
5011,13410,555576,140.4,200.612
5012,13410,568235,183.62,200.612
5013,13410,576606,274.4,200.612
5014,13411,564330,213.55,213.55
5015,13414,544154,390.0,463.5
5016,13414,559013,467.7,463.5
5017,13414,561711,532.8,463.5
5018,13416,567329,275.0,356.25
5019,13416,572924,437.5,356.25
5020,13417,553720,236.0,320.41499999999996
5021,13417,580540,404.83,320.41499999999996
5022,13418,536624,610.64,340.4127777777778
5023,13418,536626,12.6,340.4127777777778
5024,13418,538180,369.1,340.4127777777778
5025,13418,539016,571.48,340.4127777777778
5026,13418,539017,15.8,340.4127777777778
5027,13418,548659,362.24,340.4127777777778
5028,13418,552724,879.92,340.4127777777778
5029,13418,552725,72.0,340.4127777777778
5030,13418,553863,446.82,340.4127777777778
5031,13418,558375,376.92,340.4127777777778
5032,13418,558376,60.8,340.4127777777778
5033,13418,559155,221.0,340.4127777777778
5034,13418,559156,79.62,340.4127777777778
5035,13418,562592,263.19,340.4127777777778
5036,13418,565235,402.0,340.4127777777778
5037,13418,567066,324.0,340.4127777777778
5038,13418,570292,370.68,340.4127777777778
5039,13418,579037,688.62,340.4127777777778
5040,13419,570121,221.06,221.06
5041,13420,557736,55.8,79.925
5042,13420,559826,104.05,79.925
5043,13421,544673,825.04,925.54
5044,13421,573385,1026.04,925.54
5045,13422,569846,2626.3,2626.3
5046,13425,544337,401.57,541.4033333333333
5047,13425,558043,773.08,541.4033333333333
5048,13425,564197,449.56,541.4033333333333
5049,13426,539004,336.98,364.132
5050,13426,540453,302.45,364.132
5051,13426,548340,306.39,364.132
5052,13426,550264,339.2,364.132
5053,13426,556288,273.66,364.132
5054,13426,566245,451.97,364.132
5055,13426,569842,697.46,364.132
5056,13426,575965,342.95,364.132
5057,13426,579439,298.48,364.132
5058,13426,581477,291.78,364.132
5059,13427,552312,214.5,194.20000000000002
5060,13427,563018,250.35999999999999,194.20000000000002
5061,13427,577515,117.74000000000001,194.20000000000002
5062,13428,579456,218.47,218.47
5063,13429,568211,330.59999999999997,251.7
5064,13429,570405,165.72,251.7
5065,13429,572211,196.68,251.7
5066,13429,579261,313.8,251.7
5067,13430,566737,336.31,339.725
5068,13430,577598,343.14,339.725
5069,13431,566319,853.68,634.55
5070,13431,569333,415.42,634.55
5071,13434,565404,72.84,267.12
5072,13434,568332,461.4,267.12
5073,13435,555509,443.72,544.27
5074,13435,562466,251.26,544.27
5075,13435,563916,393.14,544.27
5076,13435,568203,884.9,544.27
5077,13435,572899,558.6,544.27
5078,13435,576604,835.97,544.27
5079,13435,580518,442.3,544.27
5080,13436,581233,196.89,196.89
5081,13437,555368,1440.9,486.86571428571426
5082,13437,557861,220.82999999999998,486.86571428571426
5083,13437,562100,362.52,486.86571428571426
5084,13437,565220,149.35,486.86571428571426
5085,13437,575089,422.04,486.86571428571426
5086,13437,576598,352.59999999999997,486.86571428571426
5087,13437,578822,459.82,486.86571428571426
5088,13439,548176,283.71,283.71
5089,13441,566077,296.64,296.64
5090,13447,574342,223.71,376.38000000000005
5091,13447,574661,430.3,376.38000000000005
5092,13447,576783,475.13,376.38000000000005
5093,13448,536398,426.56,589.895
5094,13448,536400,17.4,589.895
5095,13448,538343,385.58,589.895
5096,13448,551953,593.72,589.895
5097,13448,567474,1065.79,589.895
5098,13448,578243,1050.32,589.895
5099,13449,576628,291.88,291.88
5100,13450,552037,240.6,340.62
5101,13450,553844,437.94,340.62
5102,13450,558729,440.64,340.62
5103,13450,562563,302.28,340.62
5104,13450,566276,305.82,340.62
5105,13450,575951,316.44,340.62
5106,13451,540545,401.49,595.23
5107,13451,546670,610.88,595.23
5108,13451,553014,640.01,595.23
5109,13451,562558,811.01,595.23
5110,13451,576070,512.76,595.23
5111,13452,546480,295.0,295.0
5112,13452,547814,295.0,295.0
5113,13453,544697,185.0,178.49
5114,13453,558121,171.98,178.49
5115,13455,537802,692.9399999999999,529.17
5116,13455,576412,365.4,529.17
5117,13456,553381,207.66,294.4533333333333
5118,13456,557131,217.4,294.4533333333333
5119,13456,559315,430.0,294.4533333333333
5120,13456,570190,454.76,294.4533333333333
5121,13456,577170,200.45,294.4533333333333
5122,13456,577818,256.45,294.4533333333333
5123,13458,538995,1185.86,689.0407142857142
5124,13458,540268,1489.18,689.0407142857142
5125,13458,543354,818.86,689.0407142857142
5126,13458,544968,676.9200000000001,689.0407142857142
5127,13458,549833,1015.14,689.0407142857142
5128,13458,552466,443.66,689.0407142857142
5129,13458,555420,630.46,689.0407142857142
5130,13458,557871,300.78000000000003,689.0407142857142
5131,13458,561396,794.58,689.0407142857142
5132,13458,565133,322.98,689.0407142857142
5133,13458,569630,498.36,689.0407142857142
5134,13458,572933,495.86,689.0407142857142
5135,13458,576834,389.41,689.0407142857142
5136,13458,580317,584.52,689.0407142857142
5137,13460,572130,107.46000000000001,91.72
5138,13460,575708,75.98,91.72
5139,13461,558390,576.4,481.6666666666667
5140,13461,561031,307.8,481.6666666666667
5141,13461,573746,560.8,481.6666666666667
5142,13462,548608,151.5,151.5
5143,13464,570856,674.68,674.68
5144,13466,556105,307.9,307.9
5145,13467,574310,782.46,541.855
5146,13467,579274,301.25,541.855
5147,13468,536562,308.65,154.1883783783784
5148,13468,536564,51.4,154.1883783783784
5149,13468,537387,222.18,154.1883783783784
5150,13468,539112,328.77,154.1883783783784
5151,13468,540770,145.75,154.1883783783784
5152,13468,542130,146.1,154.1883783783784
5153,13468,542990,141.3,154.1883783783784
5154,13468,543618,160.15,154.1883783783784
5155,13468,544926,105.2,154.1883783783784
5156,13468,545904,126.65,154.1883783783784
5157,13468,546255,245.51999999999998,154.1883783783784
5158,13468,547017,113.35,154.1883783783784
5159,13468,547724,102.69999999999999,154.1883783783784
5160,13468,548457,102.4,154.1883783783784
5161,13468,548560,297.12,154.1883783783784
5162,13468,549021,173.23999999999998,154.1883783783784
5163,13468,550255,190.98,154.1883783783784
5164,13468,551294,154.66,154.1883783783784
5165,13468,552283,109.8,154.1883783783784
5166,13468,553749,253.8,154.1883783783784
5167,13468,554110,111.4,154.1883783783784
5168,13468,556500,102.72,154.1883783783784
5169,13468,559070,110.55,154.1883783783784
5170,13468,560252,115.87,154.1883783783784
5171,13468,561676,106.8,154.1883783783784
5172,13468,562891,107.1,154.1883783783784
5173,13468,564231,121.37,154.1883783783784
5174,13468,565643,356.75,154.1883783783784
5175,13468,565937,126.74000000000001,154.1883783783784
5176,13468,568219,116.12,154.1883783783784
5177,13468,569561,122.05,154.1883783783784
5178,13468,570840,100.58,154.1883783783784
5179,13468,573776,85.45,154.1883783783784
5180,13468,575674,125.38,154.1883783783784
5181,13468,577793,135.43,154.1883783783784
5182,13468,580208,156.4,154.1883783783784
5183,13468,581236,124.53999999999999,154.1883783783784
5184,13470,563499,115.5,82.5
5185,13470,565154,49.5,82.5
5186,13471,572294,941.67,632.895
5187,13471,577156,604.73,632.895
5188,13471,580399,892.9399999999999,632.895
5189,13471,581430,92.24000000000001,632.895
5190,13473,540690,241.26,211.32
5191,13473,570282,181.38,211.32
5192,13474,550332,229.59,229.59
5193,13475,543910,317.12,357.945
5194,13475,547413,589.4,357.945
5195,13475,552166,371.96,357.945
5196,13475,555243,153.3,357.945
5197,13476,545543,727.6,619.235
5198,13476,556734,510.87,619.235
5199,13477,544556,185.4,242.42999999999998
5200,13477,552965,330.63,242.42999999999998
5201,13477,557749,249.76,242.42999999999998
5202,13477,561056,133.76,242.42999999999998
5203,13477,570883,464.07,242.42999999999998
5204,13477,574018,90.96,242.42999999999998
5205,13479,550539,144.35,150.475
5206,13479,554146,156.6,150.475
5207,13481,547884,665.28,360.912
5208,13481,555125,313.71000000000004,360.912
5209,13481,564162,367.34000000000003,360.912
5210,13481,564163,15.0,360.912
5211,13481,572562,443.23,360.912
5212,13482,550971,184.64,184.64
5213,13483,569631,140.34,140.34
5214,13484,549907,313.8,313.8
5215,13485,550783,454.24,454.24
5216,13486,559346,202.16,374.1366666666667
5217,13486,562210,617.45,374.1366666666667
5218,13486,567846,302.8,374.1366666666667
5219,13487,539730,193.15,191.79999999999998
5220,13487,552708,215.65,191.79999999999998
5221,13487,571007,166.6,191.79999999999998
5222,13488,537604,1381.92,689.87
5223,13488,540907,1358.29,689.87
5224,13488,543166,655.55,689.87
5225,13488,547580,713.95,689.87
5226,13488,553463,927.45,689.87
5227,13488,554866,493.27000000000004,689.87
5228,13488,560361,272.81,689.87
5229,13488,560362,150.78,689.87
5230,13488,562964,642.36,689.87
5231,13488,566572,432.75,689.87
5232,13488,568669,338.06,689.87
5233,13488,573076,878.98,689.87
5234,13488,578044,722.14,689.87
5235,13489,544354,77.28,112.38000000000001
5236,13489,544797,158.4,112.38000000000001
5237,13489,558990,51.36,112.38000000000001
5238,13489,564641,162.48000000000002,112.38000000000001
5239,13491,536761,98.9,121.582
5240,13491,538909,97.5,121.582
5241,13491,540702,140.49,121.582
5242,13491,542151,187.85,121.582
5243,13491,543002,117.09,121.582
5244,13491,545663,162.07999999999998,121.582
5245,13491,547204,90.8,121.582
5246,13491,549117,136.92,121.582
5247,13491,560109,56.82,121.582
5248,13491,571725,127.37,121.582
5249,13492,552329,315.3,423.28000000000003
5250,13492,558639,360.8,423.28000000000003
5251,13492,561332,593.74,423.28000000000003
5252,13493,545034,179.35,309.315
5253,13493,546134,439.28,309.315
5254,13494,542863,316.26,316.26
5255,13495,537419,510.95,408.974
5256,13495,538967,354.48,408.974
5257,13495,550936,207.0,408.974
5258,13495,574349,659.8,408.974
5259,13495,580166,312.64,408.974
5260,13496,538903,501.01,326.66499999999996
5261,13496,579287,152.32,326.66499999999996
5262,13497,537298,153.5,174.025
5263,13497,545342,194.55,174.025
5264,13499,546553,158.23,231.82200000000003
5265,13499,551428,305.56,231.82200000000003
5266,13499,568382,150.06,231.82200000000003
5267,13499,575676,323.62,231.82200000000003
5268,13499,577857,221.64,231.82200000000003
5269,13500,562774,326.4,388.92333333333335
5270,13500,574314,342.4,388.92333333333335
5271,13500,576846,497.97,388.92333333333335
5272,13501,544931,1340.32,1340.32
5273,13502,541605,114.6,97.33333333333333
5274,13502,546157,74.56,97.33333333333333
5275,13502,578129,102.84,97.33333333333333
5276,13503,568902,216.85,216.85
5277,13504,569838,295.93,295.93
5278,13505,550899,1009.69,1098.4075
5279,13505,555147,906.4,1098.4075
5280,13505,558089,667.03,1098.4075
5281,13505,568650,1810.51,1098.4075
5282,13506,537129,301.12,229.26
5283,13506,542377,157.4,229.26
5284,13507,560239,1242.38,619.79
5285,13507,564355,394.09,619.79
5286,13507,565384,386.32,619.79
5287,13507,580907,456.37,619.79
5288,13508,549552,110.97,110.97
5289,13509,545156,209.32,139.96
5290,13509,546404,127.2,139.96
5291,13509,548325,313.5,139.96
5292,13509,559835,15.0,139.96
5293,13509,565080,40.0,139.96
5294,13509,571636,176.6,139.96
5295,13509,579937,98.1,139.96
5296,13510,556113,585.32,447.89
5297,13510,565594,312.49,447.89
5298,13510,572681,551.89,447.89
5299,13510,581403,341.86,447.89
5300,13512,547572,251.21,251.21
5301,13513,562467,205.1,205.1
5302,13514,568383,152.2,152.2
5303,13515,549055,203.4,222.78
5304,13515,560048,132.16,222.78
5305,13515,563217,188.4,222.78
5306,13515,568614,367.15999999999997,222.78
5307,13516,550216,146.0,463.1366666666667
5308,13516,568659,474.41,463.1366666666667
5309,13516,577310,769.0,463.1366666666667
5310,13517,556503,1101.86,709.4733333333334
5311,13517,564432,510.32,709.4733333333334
5312,13517,570594,516.24,709.4733333333334
5313,13518,566786,659.44,659.44
5314,13519,567941,122.75,122.75
5315,13520,536858,303.4,604.0583333333333
5316,13520,541569,685.12,604.0583333333333
5317,13520,547815,490.78000000000003,604.0583333333333
5318,13520,555943,612.6800000000001,604.0583333333333
5319,13520,561116,856.0,604.0583333333333
5320,13520,570714,676.37,604.0583333333333
5321,13521,579472,287.88,364.55
5322,13521,580520,436.82,364.55
5323,13521,581405,368.95,364.55
5324,13522,575370,125.8,125.8
5325,13523,537822,566.95,792.976
5326,13523,554348,1695.54,792.976
5327,13523,554350,106.75,792.976
5328,13523,572336,616.8,792.976
5329,13523,574732,978.84,792.976
5330,13524,551822,159.2,136.036
5331,13524,557313,88.5,136.036
5332,13524,564839,161.16,136.036
5333,13524,567299,75.0,136.036
5334,13524,573351,196.32,136.036
5335,13525,549020,282.88,314.39
5336,13525,578785,345.9,314.39
5337,13527,541272,110.44999999999999,326.7871428571429
5338,13527,554089,475.19,326.7871428571429
5339,13527,563209,444.44,326.7871428571429
5340,13527,564642,336.34,326.7871428571429
5341,13527,566249,482.75,326.7871428571429
5342,13527,566253,11.97,326.7871428571429
5343,13527,574663,426.37,326.7871428571429
5344,13529,553835,181.1,153.88
5345,13529,567698,126.66000000000001,153.88
5346,13531,537840,305.45,241.89999999999998
5347,13531,553727,178.35,241.89999999999998
5348,13532,574672,210.31,210.31
5349,13533,546846,128.49,90.26333333333332
5350,13533,546848,18.15,90.26333333333332
5351,13533,556408,124.14999999999999,90.26333333333332
5352,13534,539267,253.5,234.8032
5353,13534,539268,29.7,234.8032
5354,13534,540456,188.0,234.8032
5355,13534,542152,182.45,234.8032
5356,13534,542153,164.7,234.8032
5357,13534,542405,31.8,234.8032
5358,13534,543393,163.7,234.8032
5359,13534,543395,15.9,234.8032
5360,13534,547537,249.5,234.8032
5361,13534,547538,264.8,234.8032
5362,13534,549932,124.8,234.8032
5363,13534,550830,174.15,234.8032
5364,13534,550831,171.2,234.8032
5365,13534,553046,314.0,234.8032
5366,13534,553047,19.8,234.8032
5367,13534,554465,300.8,234.8032
5368,13534,555583,304.28,234.8032
5369,13534,558643,410.90000000000003,234.8032
5370,13534,561584,307.35,234.8032
5371,13534,561808,362.0,234.8032
5372,13534,564246,338.2,234.8032
5373,13534,571322,451.6,234.8032
5374,13534,571323,383.55,234.8032
5375,13534,574756,306.2,234.8032
5376,13534,581167,357.2,234.8032
5377,13536,568177,455.17,492.61285714285714
5378,13536,571549,369.74,492.61285714285714
5379,13536,575975,672.99,492.61285714285714
5380,13536,577484,492.94,492.61285714285714
5381,13536,579750,448.45,492.61285714285714
5382,13536,580402,659.65,492.61285714285714
5383,13536,581442,349.35,492.61285714285714
5384,13538,542432,166.8,182.97857142857146
5385,13538,546153,337.5,182.97857142857146
5386,13538,556228,115.2,182.97857142857146
5387,13538,560096,95.4,182.97857142857146
5388,13538,562942,176.85000000000002,182.97857142857146
5389,13538,565753,99.0,182.97857142857146
5390,13538,573128,290.1,182.97857142857146
5391,13539,543131,164.1,210.4466666666667
5392,13539,549957,151.55,210.4466666666667
5393,13539,566783,315.69,210.4466666666667
5394,13544,549943,122.91,145.70499999999998
5395,13544,573492,168.5,145.70499999999998
5396,13546,554202,188.16,208.99666666666667
5397,13546,571476,230.12,208.99666666666667
5398,13546,578953,208.71,208.99666666666667
5399,13548,549548,281.01,341.205
5400,13548,565445,401.4,341.205
5401,13549,549691,183.5,131.17142857142855
5402,13549,554101,223.7,131.17142857142855
5403,13549,555004,105.35,131.17142857142855
5404,13549,559708,116.55,131.17142857142855
5405,13549,560715,132.95,131.17142857142855
5406,13549,569905,70.15,131.17142857142855
5407,13549,576096,86.0,131.17142857142855
5408,13551,541978,91.80000000000001,91.80000000000001
5409,13552,542430,313.70000000000005,311.6725
5410,13552,547893,191.25,311.6725
5411,13552,547894,277.8,311.6725
5412,13552,553711,538.18,311.6725
5413,13552,553712,540.36,311.6725
5414,13552,556540,146.2,311.6725
5415,13552,556541,271.6,311.6725
5416,13552,562543,463.9,311.6725
5417,13552,562606,19.92,311.6725
5418,13552,566705,471.84000000000003,311.6725
5419,13552,566707,79.8,311.6725
5420,13552,569532,425.52,311.6725
5421,13555,554070,976.12,1037.32
5422,13555,554072,613.9300000000001,1037.32
5423,13555,568510,1693.7,1037.32
5424,13555,568513,865.53,1037.32
5425,13557,545635,240.68,292.03
5426,13557,575903,343.38,292.03
5427,13558,569219,201.99,151.265
5428,13558,570211,121.26,151.265
5429,13558,576687,159.13,151.265
5430,13558,580397,122.67999999999999,151.265
5431,13560,580278,174.37,174.37
5432,13561,552280,141.85999999999999,141.85999999999999
5433,13562,549439,603.27,599.7766666666666
5434,13562,560875,606.46,599.7766666666666
5435,13562,567206,589.6,599.7766666666666
5436,13563,561020,310.88,388.765
5437,13563,567139,466.65,388.765
5438,13564,537441,540.0,583.0066666666667
5439,13564,539653,658.38,583.0066666666667
5440,13564,560413,550.64,583.0066666666667
5441,13565,540537,110.18,120.11
5442,13565,577542,130.04,120.11
5443,13566,567170,585.1800000000001,437.355
5444,13566,573343,289.53,437.355
5445,13568,557305,192.85,192.85
5446,13569,537595,118.32,186.875
5447,13569,578017,255.43,186.875
5448,13570,549561,239.49,239.49
5449,13571,548484,145.27,174.36
5450,13571,551281,126.74,174.36
5451,13571,555114,120.59,174.36
5452,13571,556020,114.71,174.36
5453,13571,560727,126.58,174.36
5454,13571,562339,167.26,174.36
5455,13571,565971,282.68,174.36
5456,13571,569215,205.28,174.36
5457,13571,572858,136.63,174.36
5458,13571,573889,213.82,174.36
5459,13571,575969,228.97,174.36
5460,13571,578850,223.79,174.36
5461,13572,553661,1384.25,1384.25
5462,13573,548507,31.77,147.2
5463,13573,572090,262.63,147.2
5464,13575,557041,88.55,146.414
5465,13575,561708,130.2,146.414
5466,13575,569015,258.46,146.414
5467,13575,570790,147.41,146.414
5468,13575,576769,107.45,146.414
5469,13576,536595,349.15000000000003,373.18555555555554
5470,13576,540354,623.68,373.18555555555554
5471,13576,543029,349.89,373.18555555555554
5472,13576,544604,364.32,373.18555555555554
5473,13576,547486,330.24,373.18555555555554
5474,13576,550658,426.24,373.18555555555554
5475,13576,551854,302.88,373.18555555555554
5476,13576,555521,389.61,373.18555555555554
5477,13576,557089,343.44,373.18555555555554
5478,13576,558719,351.48,373.18555555555554
5479,13576,561023,354.24,373.18555555555554
5480,13576,563719,332.04,373.18555555555554
5481,13576,565418,323.73,373.18555555555554
5482,13576,568954,502.44,373.18555555555554
5483,13576,571848,283.89,373.18555555555554
5484,13576,575659,543.36,373.18555555555554
5485,13576,578174,219.23,373.18555555555554
5486,13576,579495,327.48,373.18555555555554
5487,13577,549745,356.75,421.9
5488,13577,559937,465.35,421.9
5489,13577,565990,371.7,421.9
5490,13577,576328,493.8,421.9
5491,13579,537223,164.7,233.52
5492,13579,578681,302.34000000000003,233.52
5493,13581,543126,118.0,118.0
5494,13583,559202,781.03,781.03
5495,13584,543275,142.4,142.4
5496,13587,570114,712.4,712.4
5497,13588,548197,113.3,275.43888888888887
5498,13588,561222,491.0,275.43888888888887
5499,13588,563061,471.32,275.43888888888887
5500,13588,565114,345.1,275.43888888888887
5501,13588,566620,185.22,275.43888888888887
5502,13588,572182,425.38,275.43888888888887
5503,13588,575312,222.0,275.43888888888887
5504,13588,575878,5.43,275.43888888888887
5505,13588,578364,220.2,275.43888888888887
5506,13589,556539,147.0,189.825
5507,13589,578787,232.65,189.825
5508,13590,543534,309.06,330.32
5509,13590,550164,301.42,330.32
5510,13590,554359,301.55,330.32
5511,13590,559711,204.35,330.32
5512,13590,571840,552.4,330.32
5513,13590,579138,313.14,330.32
5514,13591,546980,462.2,372.3766666666666
5515,13591,553861,314.03,372.3766666666666
5516,13591,569827,340.9,372.3766666666666
5517,13592,547072,76.72,61.99
5518,13592,552696,95.94,61.99
5519,13592,553567,32.85,61.99
5520,13592,574335,42.45,61.99
5521,13593,540489,559.85,407.41600000000005
5522,13593,547028,447.5,407.41600000000005
5523,13593,547165,15.6,407.41600000000005
5524,13593,558542,368.3,407.41600000000005
5525,13593,564165,645.83,407.41600000000005
5526,13594,571566,396.97,396.97
5527,13596,578921,411.6,348.52
5528,13596,580404,285.44,348.52
5529,13598,572296,180.17000000000002,180.17000000000002
5530,13599,537680,253.24,245.41285714285715
5531,13599,537682,99.6,245.41285714285715
5532,13599,540358,369.14,245.41285714285715
5533,13599,545322,580.5699999999999,245.41285714285715
5534,13599,549736,173.01,245.41285714285715
5535,13599,549737,158.8,245.41285714285715
5536,13599,554666,371.3,245.41285714285715
5537,13599,559121,308.18,245.41285714285715
5538,13599,566974,91.7,245.41285714285715
5539,13599,566975,428.34,245.41285714285715
5540,13599,574096,530.42,245.41285714285715
5541,13599,574882,490.79,245.41285714285715
5542,13599,576842,295.8,245.41285714285715
5543,13599,577132,184.26,245.41285714285715
5544,13599,578071,272.36,245.41285714285715
5545,13599,579262,93.84,245.41285714285715
5546,13599,579263,29.88,245.41285714285715
5547,13599,579264,44.2,245.41285714285715
5548,13599,579265,58.56,245.41285714285715
5549,13599,580049,204.22,245.41285714285715
5550,13599,581434,115.46000000000001,245.41285714285715
5551,13600,542731,219.52,219.52
5552,13601,553009,373.2,346.65999999999997
5553,13601,572755,320.12,346.65999999999997
5554,13602,569799,428.89,428.89
5555,13603,576069,164.34,164.34
5556,13606,542859,70.02000000000001,93.51333333333334
5557,13606,549555,180.4,93.51333333333334
5558,13606,575712,30.119999999999997,93.51333333333334
5559,13607,573415,678.01,678.01
5560,13610,545066,239.17000000000002,161.69714285714286
5561,13610,549566,110.55,161.69714285714286
5562,13610,555552,124.65,161.69714285714286
5563,13610,560278,173.39000000000001,161.69714285714286
5564,13610,563925,128.45000000000002,161.69714285714286
5565,13610,571291,237.43,161.69714285714286
5566,13610,578992,118.24000000000001,161.69714285714286
5567,13611,538905,303.15,390.59999999999997
5568,13611,557747,333.57,390.59999999999997
5569,13611,566285,535.08,390.59999999999997
5570,13614,541087,205.75,402.615
5571,13614,558355,589.23,402.615
5572,13614,566278,302.15,402.615
5573,13614,576592,513.33,402.615
5574,13615,541989,417.69,417.69
5575,13617,556480,131.11,181.39333333333335
5576,13617,563695,234.59,181.39333333333335
5577,13617,573376,178.48,181.39333333333335
5578,13618,557264,177.34,177.34
5579,13621,563234,213.85,213.85
5580,13623,544060,156.0,149.55599999999998
5581,13623,546849,101.35,149.55599999999998
5582,13623,548700,146.99,149.55599999999998
5583,13623,553165,147.58,149.55599999999998
5584,13623,575258,195.86,149.55599999999998
5585,13626,548558,257.23,257.23
5586,13627,539333,311.19,327.694
5587,13627,553747,294.73,327.694
5588,13627,557034,421.08,327.694
5589,13627,567625,307.18,327.694
5590,13627,570663,304.29,327.694
5591,13629,540166,660.0,708.3963636363636
5592,13629,542920,765.0,708.3963636363636
5593,13629,550031,642.0,708.3963636363636
5594,13629,553062,821.0,708.3963636363636
5595,13629,557294,778.0,708.3963636363636
5596,13629,560602,336.36,708.3963636363636
5597,13629,561224,895.0,708.3963636363636
5598,13629,565222,821.0,708.3963636363636
5599,13629,570018,537.0,708.3963636363636
5600,13629,575201,821.0,708.3963636363636
5601,13629,576775,716.0,708.3963636363636
5602,13630,545057,299.14,290.2542857142857
5603,13630,549526,431.78000000000003,290.2542857142857
5604,13630,556059,320.92,290.2542857142857
5605,13630,557662,7.7,290.2542857142857
5606,13630,564563,301.91999999999996,290.2542857142857
5607,13630,568136,438.32,290.2542857142857
5608,13630,580525,232.0,290.2542857142857
5609,13631,546878,80.0,279.1290909090909
5610,13631,553550,850.0,279.1290909090909
5611,13631,553551,100.0,279.1290909090909
5612,13631,554063,300.0,279.1290909090909
5613,13631,556831,160.0,279.1290909090909
5614,13631,556842,40.0,279.1290909090909
5615,13631,558365,250.0,279.1290909090909
5616,13631,558366,510.72,279.1290909090909
5617,13631,560586,667.2,279.1290909090909
5618,13631,560587,60.0,279.1290909090909
5619,13631,565086,52.5,279.1290909090909
5620,13632,549567,261.58,424.254
5621,13632,550750,351.45,424.254
5622,13632,557281,201.57,424.254
5623,13632,573155,854.53,424.254
5624,13632,576400,452.14,424.254
5625,13634,541258,362.0,315.032
5626,13634,549729,263.41,315.032
5627,13634,564484,158.36,315.032
5628,13634,566720,588.51,315.032
5629,13634,574696,202.88,315.032
5630,13635,569253,1071.03,1071.03
5631,13636,545064,154.5,189.824
5632,13636,547570,137.35,189.824
5633,13636,548622,249.6,189.824
5634,13636,562806,105.1,189.824
5635,13636,574103,302.57,189.824
5636,13637,551277,422.6,270.1666666666667
5637,13637,555549,262.25,270.1666666666667
5638,13637,571677,125.65,270.1666666666667
5639,13638,578361,122.64,122.64
5640,13639,568321,1033.34,1033.34
5641,13642,552277,354.8,354.8
5642,13643,555813,87.9,173.14666666666668
5643,13643,565250,171.5,173.14666666666668
5644,13643,575143,260.04,173.14666666666668
5645,13644,564630,851.09,656.065
5646,13644,568400,547.52,656.065
5647,13644,572810,446.73,656.065
5648,13644,578290,778.92,656.065
5649,13645,563075,252.1,252.1
5650,13647,550521,424.64,419.53
5651,13647,557223,379.21999999999997,419.53
5652,13647,568900,472.04,419.53
5653,13647,579600,402.22,419.53
5654,13649,537830,197.8,173.3
5655,13649,547900,148.8,173.3
5656,13650,546837,372.12,306.0566666666667
5657,13650,553363,373.4,306.0566666666667
5658,13650,566394,317.96,306.0566666666667
5659,13650,569412,447.62,306.0566666666667
5660,13650,569413,27.0,306.0566666666667
5661,13650,578234,298.24,306.0566666666667
5662,13651,573507,79.2,47.1
5663,13651,574546,15.0,47.1
5664,13652,537231,308.8,365.02666666666664
5665,13652,547886,329.44,365.02666666666664
5666,13652,572561,456.84000000000003,365.02666666666664
5667,13654,546383,312.93,451.22166666666664
5668,13654,549711,485.31,451.22166666666664
5669,13654,554062,374.59999999999997,451.22166666666664
5670,13654,560259,541.43,451.22166666666664
5671,13654,573123,893.46,451.22166666666664
5672,13654,573124,99.60000000000001,451.22166666666664
5673,13655,549741,383.65,466.48499999999996
5674,13655,563566,549.3199999999999,466.48499999999996
5675,13656,540362,162.7,189.825
5676,13656,558293,216.95,189.825
5677,13657,554091,152.34,191.07
5678,13657,579407,229.8,191.07
5679,13658,553894,933.3,527.8340000000001
5680,13658,566869,1009.27,527.8340000000001
5681,13658,566870,154.2,527.8340000000001
5682,13658,579540,434.8,527.8340000000001
5683,13658,579542,107.6,527.8340000000001
5684,13659,541843,1045.4,786.6
5685,13659,553671,527.8,786.6
5686,13662,547803,227.7,299.25333333333333
5687,13662,552828,305.24,299.25333333333333
5688,13662,566850,364.82,299.25333333333333
5689,13663,556641,189.47,189.47
5690,13666,545011,43.650000000000006,28.21666666666667
5691,13666,545012,20.4,28.21666666666667
5692,13666,570457,20.6,28.21666666666667
5693,13667,559921,305.02,305.02
5694,13668,538473,177.66,303.02809523809526
5695,13668,540504,208.56,303.02809523809526
5696,13668,543120,231.4,303.02809523809526
5697,13668,544283,1131.46,303.02809523809526
5698,13668,546751,311.66,303.02809523809526
5699,13668,547870,173.77,303.02809523809526
5700,13668,548859,221.25,303.02809523809526
5701,13668,549705,145.26,303.02809523809526
5702,13668,551059,360.03000000000003,303.02809523809526
5703,13668,551686,478.51,303.02809523809526
5704,13668,554108,318.51,303.02809523809526
5705,13668,555540,302.81,303.02809523809526
5706,13668,558104,184.82,303.02809523809526
5707,13668,560859,87.3,303.02809523809526
5708,13668,561321,170.76,303.02809523809526
5709,13668,563691,431.11,303.02809523809526
5710,13668,571069,188.94,303.02809523809526
5711,13668,575066,150.92000000000002,303.02809523809526
5712,13668,577022,331.55,303.02809523809526
5713,13668,579413,424.29,303.02809523809526
5714,13668,581104,333.02,303.02809523809526
5715,13669,559886,48.15,109.27499999999999
5716,13669,571938,170.39999999999998,109.27499999999999
5717,13670,568204,349.7,349.7
5718,13672,540825,62.13,93.19500000000001
5719,13672,543747,124.26,93.19500000000001
5720,13673,574909,213.6,198.45999999999998
5721,13673,577701,183.32,198.45999999999998
5722,13675,545148,308.44,243.41
5723,13675,559656,178.38,243.41
5724,13678,559555,232.6,232.6
5725,13680,540033,871.48,930.605
5726,13680,540275,1520.1100000000001,930.605
5727,13680,573548,692.45,930.605
5728,13680,581404,638.38,930.605
5729,13681,559327,203.46,206.9575
5730,13681,569210,327.62,206.9575
5731,13681,576060,179.67000000000002,206.9575
5732,13681,577853,117.08,206.9575
5733,13682,555557,59.5,59.5
5734,13684,545038,67.23,67.23
5735,13685,570408,1334.16,445.63428571428574
5736,13685,571309,5.930000000000001,445.63428571428574
5737,13685,572670,594.36,445.63428571428574
5738,13685,580668,5.48,445.63428571428574
5739,13685,580820,3.2,445.63428571428574
5740,13685,580916,6.3100000000000005,445.63428571428574
5741,13685,581097,1170.0,445.63428571428574
5742,13686,556285,72.0,72.0
5743,13689,570128,910.0,910.0
5744,13690,570675,172.25,172.25
5745,13692,550323,856.63,496.10666666666674
5746,13692,552538,14.95,496.10666666666674
5747,13692,576406,616.74,496.10666666666674
5748,13694,536437,842.12,1300.7923999999998
5749,13694,539307,2054.92,1300.7923999999998
5750,13694,540122,1179.6,1300.7923999999998
5751,13694,540999,1431.28,1300.7923999999998
5752,13694,542517,1521.1,1300.7923999999998
5753,13694,543168,693.48,1300.7923999999998
5754,13694,543169,376.32,1300.7923999999998
5755,13694,544651,1972.6999999999998,1300.7923999999998
5756,13694,544652,479.76,1300.7923999999998
5757,13694,544793,218.88,1300.7923999999998
5758,13694,545582,3547.3399999999997,1300.7923999999998
5759,13694,547362,3221.88,1300.7923999999998
5760,13694,547518,1320.0,1300.7923999999998
5761,13694,548554,888.1999999999999,1300.7923999999998
5762,13694,548556,237.89999999999998,1300.7923999999998
5763,13694,548613,35.28,1300.7923999999998
5764,13694,549940,1357.63,1300.7923999999998
5765,13694,549941,81.6,1300.7923999999998
5766,13694,551198,347.68,1300.7923999999998
5767,13694,551698,1132.95,1300.7923999999998
5768,13694,551981,897.6,1300.7923999999998
5769,13694,552272,1128.94,1300.7923999999998
5770,13694,552566,716.0,1300.7923999999998
5771,13694,554552,2044.8400000000001,1300.7923999999998
5772,13694,554554,262.54999999999995,1300.7923999999998
5773,13694,555007,208.79999999999998,1300.7923999999998
5774,13694,556267,3027.31,1300.7923999999998
5775,13694,556956,1084.24,1300.7923999999998
5776,13694,558552,1948.92,1300.7923999999998
5777,13694,559050,600.72,1300.7923999999998
5778,13694,560883,452.71,1300.7923999999998
5779,13694,560884,890.0,1300.7923999999998
5780,13694,562345,1505.64,1300.7923999999998
5781,13694,563659,1459.12,1300.7923999999998
5782,13694,563660,237.6,1300.7923999999998
5783,13694,564322,2736.99,1300.7923999999998
5784,13694,564323,2275.0,1300.7923999999998
5785,13694,564324,1304.44,1300.7923999999998
5786,13694,564325,189.6,1300.7923999999998
5787,13694,566866,1596.24,1300.7923999999998
5788,13694,566867,1642.18,1300.7923999999998
5789,13694,568797,2377.0,1300.7923999999998
5790,13694,572734,1632.6299999999999,1300.7923999999998
5791,13694,572888,605.52,1300.7923999999998
5792,13694,573263,3304.0299999999997,1300.7923999999998
5793,13694,576179,3419.64,1300.7923999999998
5794,13694,576180,1419.58,1300.7923999999998
5795,13694,580742,1225.0,1300.7923999999998
5796,13694,580744,1761.16,1300.7923999999998
5797,13694,580745,145.0,1300.7923999999998
5798,13695,547762,83.14,166.942
5799,13695,550340,71.42,166.942
5800,13695,551144,76.32,166.942
5801,13695,552697,54.6,166.942
5802,13695,555493,340.44,166.942
5803,13695,557774,123.62,166.942
5804,13695,559035,139.68,166.942
5805,13695,561200,95.28,166.942
5806,13695,562148,218.26999999999998,166.942
5807,13695,563147,81.0,166.942
5808,13695,563149,101.76,166.942
5809,13695,565332,381.54,166.942
5810,13695,567252,329.88,166.942
5811,13695,570100,110.4,166.942
5812,13695,575127,296.78,166.942
5813,13697,573747,151.3,151.3
5814,13699,559340,308.58,308.58
5815,13700,541249,120.73,226.512
5816,13700,541250,35.28,226.512
5817,13700,546421,301.04,226.512
5818,13700,549754,314.52,226.512
5819,13700,549954,172.09,226.512
5820,13700,557005,302.14,226.512
5821,13700,566001,14.99,226.512
5822,13700,566010,390.47,226.512
5823,13700,571675,305.76,226.512
5824,13700,575971,308.1,226.512
5825,13703,542099,99.5,99.5
5826,13704,566432,88.56,256.4511111111111
5827,13704,566600,417.08,256.4511111111111
5828,13704,567344,92.28,256.4511111111111
5829,13704,567683,269.15999999999997,256.4511111111111
5830,13704,568387,422.32,256.4511111111111
5831,13704,570807,397.29,256.4511111111111
5832,13704,572333,219.32999999999998,256.4511111111111
5833,13704,577059,237.36,256.4511111111111
5834,13704,580524,164.68,256.4511111111111
5835,13705,536392,318.14,237.28666666666666
5836,13705,560284,204.54,237.28666666666666
5837,13705,580259,189.18,237.28666666666666
5838,13706,543548,330.79,330.79
5839,13707,542534,583.41,403.205
5840,13707,546883,223.0,403.205
5841,13708,546426,296.88,296.88
5842,13709,542578,474.7,486.7730769230769
5843,13709,557962,736.78,486.7730769230769
5844,13709,557963,327.6,486.7730769230769
5845,13709,562371,788.04,486.7730769230769
5846,13709,564753,612.09,486.7730769230769
5847,13709,569687,596.22,486.7730769230769
5848,13709,569689,82.8,486.7730769230769
5849,13709,572240,1097.24,486.7730769230769
5850,13709,574149,774.9,486.7730769230769
5851,13709,574150,92.38,486.7730769230769
5852,13709,574154,216.99,486.7730769230769
5853,13709,580757,497.11,486.7730769230769
5854,13709,580758,31.2,486.7730769230769
5855,13710,574944,180.48,180.48
5856,13711,551896,170.96,126.03
5857,13711,551897,81.1,126.03
5858,13712,549259,228.84,228.84
5859,13715,536605,272.65,215.86800000000002
5860,13715,538488,212.08,215.86800000000002
5861,13715,538501,11.9,215.86800000000002
5862,13715,540168,445.22,215.86800000000002
5863,13715,545578,137.49,215.86800000000002
5864,13716,546646,138.28,138.28
5865,13717,543915,298.05,240.835
5866,13717,549916,272.54,240.835
5867,13717,557492,183.63,240.835
5868,13717,562127,201.77,240.835
5869,13717,571230,301.54,240.835
5870,13717,574887,187.48,240.835
5871,13718,544277,114.05000000000001,153.275
5872,13718,549282,192.5,153.275
5873,13719,550623,132.9,208.336
5874,13719,553675,205.84,208.336
5875,13719,571080,250.49,208.336
5876,13719,574728,330.79,208.336
5877,13719,578621,121.66,208.336
5878,13720,548214,266.2,199.975
5879,13720,550291,165.9,199.975
5880,13720,556794,120.45,199.975
5881,13720,563264,247.35,199.975
5882,13721,574262,524.14,524.14
5883,13722,545398,1463.47,791.8033333333333
5884,13722,561879,738.06,791.8033333333333
5885,13722,561880,173.88,791.8033333333333
5886,13723,552240,199.85,199.85
5887,13725,543193,947.65,247.57
5888,13725,543377,220.98,247.57
5889,13725,544443,136.0,247.57
5890,13725,544919,147.3,247.57
5891,13725,547046,146.87,247.57
5892,13725,551437,152.8,247.57
5893,13725,557942,114.1,247.57
5894,13725,572132,114.86,247.57
5895,13726,564896,292.68,539.83
5896,13726,573777,786.98,539.83
5897,13727,574669,223.08,166.74
5898,13727,575741,110.4,166.74
5899,13728,542995,158.58,169.35666666666665
5900,13728,548311,183.0,169.35666666666665
5901,13728,554570,152.35,169.35666666666665
5902,13728,561585,141.15,169.35666666666665
5903,13728,564313,161.94,169.35666666666665
5904,13728,574107,219.12,169.35666666666665
5905,13730,558703,306.75,376.3
5906,13730,561383,445.85,376.3
5907,13731,549188,308.12,305.29499999999996
5908,13731,551850,302.46999999999997,305.29499999999996
5909,13732,575905,491.86,491.86
5910,13735,550622,935.15,721.31
5911,13735,557153,474.54,721.31
5912,13735,573083,991.5600000000001,721.31
5913,13735,576405,483.99,721.31
5914,13736,547658,357.53,365.95
5915,13736,580527,374.37,365.95
5916,13737,554326,339.6,339.6
5917,13739,577738,216.9,216.9
5918,13740,549929,350.75,350.75
5919,13741,552184,162.96,222.81000000000003
5920,13741,556109,200.17,222.81000000000003
5921,13741,568787,305.3,222.81000000000003
5922,13742,541855,469.18,260.91833333333335
5923,13742,543802,526.1,260.91833333333335
5924,13742,545015,176.05,260.91833333333335
5925,13742,550296,172.72,260.91833333333335
5926,13742,552531,298.43,260.91833333333335
5927,13742,555554,319.0,260.91833333333335
5928,13742,556051,180.04,260.91833333333335
5929,13742,556052,14.5,260.91833333333335
5930,13742,556672,293.0,260.91833333333335
5931,13742,558561,199.7,260.91833333333335
5932,13742,566237,142.9,260.91833333333335
5933,13742,578146,339.4,260.91833333333335
5934,13743,547820,141.72,191.65714285714284
5935,13743,552197,211.44,191.65714285714284
5936,13743,559328,275.76,191.65714285714284
5937,13743,563438,166.32,191.65714285714284
5938,13743,564228,116.88,191.65714285714284
5939,13743,566328,153.72,191.65714285714284
5940,13743,581018,275.76,191.65714285714284
5941,13744,544461,893.16,578.18
5942,13744,565613,263.2,578.18
5943,13745,558621,300.04,300.04
5944,13747,536393,79.6,79.6
5945,13748,536371,204.0,189.65
5946,13748,549190,229.39999999999998,189.65
5947,13748,550923,147.45,189.65
5948,13748,565463,335.8,189.65
5949,13748,565464,31.6,189.65
5950,13750,540452,325.44,329.452
5951,13750,544093,363.36,329.452
5952,13750,557633,302.39,329.452
5953,13750,561002,325.44,329.452
5954,13750,571407,330.63,329.452
5955,13751,544917,296.25,296.25
5956,13752,549247,277.6,197.71333333333334
5957,13752,552452,148.07999999999998,197.71333333333334
5958,13752,553198,298.99,197.71333333333334
5959,13752,555948,166.86,197.71333333333334
5960,13752,559339,90.6,197.71333333333334
5961,13752,562584,204.15,197.71333333333334
5962,13753,545004,741.26,741.26
5963,13754,542242,156.0,141.3
5964,13754,559609,126.6,141.3
5965,13755,570197,495.66,240.14999999999998
5966,13755,571944,297.85,240.14999999999998
5967,13755,572210,124.8,240.14999999999998
5968,13755,573896,107.1,240.14999999999998
5969,13755,576236,374.25,240.14999999999998
5970,13755,577742,456.12,240.14999999999998
5971,13755,577757,43.62,240.14999999999998
5972,13755,579679,105.05,240.14999999999998
5973,13755,580887,156.9,240.14999999999998
5974,13756,537509,532.8,370.68
5975,13756,538875,307.8,370.68
5976,13756,539091,163.8,370.68
5977,13756,553570,399.21,370.68
5978,13756,556179,308.2,370.68
5979,13756,560447,525.03,370.68
5980,13756,562120,321.5,370.68
5981,13756,565853,413.99,370.68
5982,13756,570271,292.99,370.68
5983,13756,574348,610.76,370.68
5984,13756,576912,411.96000000000004,370.68
5985,13756,576913,55.08,370.68
5986,13756,581186,247.8,370.68
5987,13756,581187,598.6,370.68
5988,13758,536425,362.45,455.79285714285714
5989,13758,537851,356.4,455.79285714285714
5990,13758,540513,422.4,455.79285714285714
5991,13758,548555,316.9,455.79285714285714
5992,13758,554117,893.37,455.79285714285714
5993,13758,573762,326.22,455.79285714285714
5994,13758,579097,512.81,455.79285714285714
5995,13759,568955,560.41,329.705
5996,13759,574724,99.0,329.705
5997,13760,547919,135.09,143.39499999999998
5998,13760,571296,151.7,143.39499999999998
5999,13761,556502,491.71,535.325
6000,13761,572076,578.94,535.325
6001,13762,551883,306.72,306.72
6002,13763,570188,1714.96,1714.96
6003,13764,540353,499.89,507.25333333333333
6004,13764,560444,445.74,507.25333333333333
6005,13764,569089,576.13,507.25333333333333
6006,13767,536395,507.88,465.41513513513513
6007,13767,536794,322.8,465.41513513513513
6008,13767,537179,806.28,465.41513513513513
6009,13767,538203,186.6,465.41513513513513
6010,13767,538878,267.0,465.41513513513513
6011,13767,539295,348.8,465.41513513513513
6012,13767,540170,170.4,465.41513513513513
6013,13767,540662,500.48,465.41513513513513
6014,13767,544314,277.81,465.41513513513513
6015,13767,544602,437.9,465.41513513513513
6016,13767,545058,317.87,465.41513513513513
6017,13767,548673,291.44,465.41513513513513
6018,13767,548726,367.74,465.41513513513513
6019,13767,548896,297.28,465.41513513513513
6020,13767,549308,136.36,465.41513513513513
6021,13767,551286,397.02,465.41513513513513
6022,13767,551288,31.8,465.41513513513513
6023,13767,552533,456.55,465.41513513513513
6024,13767,553578,356.15999999999997,465.41513513513513
6025,13767,553579,19.8,465.41513513513513
6026,13767,553709,454.34,465.41513513513513
6027,13767,554036,288.98,465.41513513513513
6028,13767,558103,413.6,465.41513513513513
6029,13767,558351,273.9,465.41513513513513
6030,13767,559639,457.26,465.41513513513513
6031,13767,562429,423.84000000000003,465.41513513513513
6032,13767,562701,480.6,465.41513513513513
6033,13767,564092,385.88,465.41513513513513
6034,13767,566537,371.7,465.41513513513513
6035,13767,567346,1004.4,465.41513513513513
6036,13767,567376,1004.4,465.41513513513513
6037,13767,567425,1004.4,465.41513513513513
6038,13767,567426,242.1,465.41513513513513
6039,13767,570257,380.31,465.41513513513513
6040,13767,575703,1735.3,465.41513513513513
6041,13767,576202,915.4,465.41513513513513
6042,13767,581170,885.98,465.41513513513513
6043,13769,537612,322.3,279.651
6044,13769,541302,304.02,279.651
6045,13769,548007,300.75,279.651
6046,13769,550495,202.88,279.651
6047,13769,553219,318.06,279.651
6048,13769,562767,282.23,279.651
6049,13769,566043,421.18,279.651
6050,13769,566044,25.2,279.651
6051,13769,574048,301.97,279.651
6052,13769,581174,317.92,279.651
6053,13771,549153,871.6,658.6125
6054,13771,554483,593.25,658.6125
6055,13771,569852,850.4,658.6125
6056,13771,569853,319.2,658.6125
6057,13772,550106,228.42,377.3766666666667
6058,13772,565411,457.8,377.3766666666667
6059,13772,574657,445.91,377.3766666666667
6060,13774,567294,345.0,345.0
6061,13777,536575,1552.98,787.1866666666666
6062,13777,536576,2558.42,787.1866666666666
6063,13777,536577,497.0,787.1866666666666
6064,13777,536579,315.96000000000004,787.1866666666666
6065,13777,536581,330.0,787.1866666666666
6066,13777,536583,198.0,787.1866666666666
6067,13777,536584,1132.8,787.1866666666666
6068,13777,537848,180.0,787.1866666666666
6069,13777,537849,75.0,787.1866666666666
6070,13777,539954,121.62,787.1866666666666
6071,13777,541137,332.64,787.1866666666666
6072,13777,543024,345.02,787.1866666666666
6073,13777,544199,244.68,787.1866666666666
6074,13777,544915,179.04,787.1866666666666
6075,13777,545993,421.09000000000003,787.1866666666666
6076,13777,547041,300.0,787.1866666666666
6077,13777,548186,539.3,787.1866666666666
6078,13777,549225,326.4,787.1866666666666
6079,13777,553209,266.70000000000005,787.1866666666666
6080,13777,555478,1139.04,787.1866666666666
6081,13777,556064,300.63,787.1866666666666
6082,13777,558127,406.8,787.1866666666666
6083,13777,559911,270.9,787.1866666666666
6084,13777,562093,326.21999999999997,787.1866666666666
6085,13777,567311,313.28,787.1866666666666
6086,13777,567895,40.68,787.1866666666666
6087,13777,567960,307.3,787.1866666666666
6088,13777,570886,3953.35,787.1866666666666
6089,13777,576374,6260.9,787.1866666666666
6090,13777,576386,224.66,787.1866666666666
6091,13777,579986,2251.5099999999998,787.1866666666666
6092,13777,581583,124.6,787.1866666666666
6093,13777,581584,140.64,787.1866666666666
6094,13778,564744,178.7,178.7
6095,13780,557739,116.28,180.005
6096,13780,580296,243.73,180.005
6097,13781,548707,127.84,127.84
6098,13782,541241,191.94,152.0
6099,13782,550629,169.36,152.0
6100,13782,562571,126.63,152.0
6101,13782,569213,142.51,152.0
6102,13782,572289,111.5,152.0
6103,13782,578914,170.06,152.0
6104,13784,540829,113.64,223.89
6105,13784,542630,60.48,223.89
6106,13784,542892,155.52,223.89
6107,13784,545463,96.75,223.89
6108,13784,551881,346.08,223.89
6109,13784,555818,255.95999999999998,223.89
6110,13784,558062,603.96,223.89
6111,13784,563736,336.24,223.89
6112,13784,565736,155.52,223.89
6113,13784,570961,300.48,223.89
6114,13784,579534,38.16,223.89
6115,13786,537619,230.4,230.4
6116,13787,538345,106.4,154.51999999999998
6117,13787,568154,202.64,154.51999999999998
6118,13790,580691,348.8,348.8
6119,13791,558074,937.0,758.0
6120,13791,562332,579.0,758.0
6121,13792,545020,74.6,97.775
6122,13792,569519,120.95,97.775
6123,13798,536824,408.0,651.8219298245614
6124,13798,538353,3762.66,651.8219298245614
6125,13798,540126,1209.1,651.8219298245614
6126,13798,540130,393.9,651.8219298245614
6127,13798,540406,495.0,651.8219298245614
6128,13798,540800,302.36,651.8219298245614
6129,13798,541864,2375.42,651.8219298245614
6130,13798,543478,849.04,651.8219298245614
6131,13798,544168,314.4,651.8219298245614
6132,13798,544439,358.8,651.8219298245614
6133,13798,545030,532.72,651.8219298245614
6134,13798,545888,416.21999999999997,651.8219298245614
6135,13798,546326,583.3,651.8219298245614
6136,13798,547032,662.62,651.8219298245614
6137,13798,547373,450.5,651.8219298245614
6138,13798,548144,328.2,651.8219298245614
6139,13798,548293,1012.6,651.8219298245614
6140,13798,548979,382.82,651.8219298245614
6141,13798,549619,666.3199999999999,651.8219298245614
6142,13798,549628,274.08,651.8219298245614
6143,13798,550457,1231.6,651.8219298245614
6144,13798,550907,306.5,651.8219298245614
6145,13798,551021,326.4,651.8219298245614
6146,13798,551725,565.0,651.8219298245614
6147,13798,551726,593.52,651.8219298245614
6148,13798,552450,967.52,651.8219298245614
6149,13798,553093,558.94,651.8219298245614
6150,13798,553099,127.5,651.8219298245614
6151,13798,553713,325.4,651.8219298245614
6152,13798,554156,366.0,651.8219298245614
6153,13798,554815,589.78,651.8219298245614
6154,13798,554943,556.3,651.8219298245614
6155,13798,555632,509.2,651.8219298245614
6156,13798,556461,830.54,651.8219298245614
6157,13798,557470,589.44,651.8219298245614
6158,13798,558248,576.08,651.8219298245614
6159,13798,559204,909.24,651.8219298245614
6160,13798,560597,326.4,651.8219298245614
6161,13798,562109,465.56,651.8219298245614
6162,13798,562722,1109.34,651.8219298245614
6163,13798,564248,457.91999999999996,651.8219298245614
6164,13798,565901,1094.9,651.8219298245614
6165,13798,566334,410.08,651.8219298245614
6166,13798,566619,327.8,651.8219298245614
6167,13798,568653,522.48,651.8219298245614
6168,13798,569706,356.6,651.8219298245614
6169,13798,570115,1482.2,651.8219298245614
6170,13798,571299,358.0,651.8219298245614
6171,13798,573168,320.42,651.8219298245614
6172,13798,574485,570.92,651.8219298245614
6173,13798,575178,345.8,651.8219298245614
6174,13798,575982,718.71,651.8219298245614
6175,13798,577973,394.14,651.8219298245614
6176,13798,579126,348.32,651.8219298245614
6177,13798,580258,672.8,651.8219298245614
6178,13798,581139,822.68,651.8219298245614
6179,13798,581432,341.76,651.8219298245614
6180,13799,544411,341.7,344.42999999999995
6181,13799,563257,347.15999999999997,344.42999999999995
6182,13800,543107,558.3199999999999,558.3199999999999
6183,13801,569416,324.8,324.8
6184,13802,542864,969.74,1533.14
6185,13802,548257,2161.32,1533.14
6186,13802,561027,1468.3600000000001,1533.14
6187,13803,548151,277.07,277.07
6188,13804,544691,723.63,376.5414285714286
6189,13804,559153,321.14,376.5414285714286
6190,13804,560893,310.34000000000003,376.5414285714286
6191,13804,565406,188.29999999999998,376.5414285714286
6192,13804,567809,739.57,376.5414285714286
6193,13804,575300,304.02,376.5414285714286
6194,13804,575301,48.79,376.5414285714286
6195,13805,562107,500.24,462.3
6196,13805,571698,424.36,462.3
6197,13806,570090,256.38,256.38
6198,13807,537649,112.6,112.6
6199,13808,565419,573.46,349.532
6200,13808,565842,149.64,349.532
6201,13808,569632,639.3,349.532
6202,13808,572454,156.1,349.532
6203,13808,580441,229.16,349.532
6204,13809,543350,155.05,155.05
6205,13810,571215,653.5,499.67
6206,13810,571223,599.5,499.67
6207,13810,575733,246.01,499.67
6208,13811,550187,258.75,271.5
6209,13811,550354,222.75,271.5
6210,13811,556118,333.0,271.5
6211,13812,564638,278.74,179.66666666666666
6212,13812,569860,139.88,179.66666666666666
6213,13812,573284,120.38,179.66666666666666
6214,13813,561583,385.14,341.71500000000003
6215,13813,566268,292.24,341.71500000000003
6216,13813,569017,281.94,341.71500000000003
6217,13813,573430,407.54,341.71500000000003
6218,13814,561194,617.54,789.56
6219,13814,566041,961.5799999999999,789.56
6220,13815,542080,1012.01,1006.84
6221,13815,557466,1965.74,1006.84
6222,13815,576787,946.41,1006.84
6223,13815,577054,103.2,1006.84
6224,13816,569861,371.69,285.835
6225,13816,576630,199.98,285.835
6226,13817,539946,128.7,191.49
6227,13817,575713,254.28,191.49
6228,13819,541880,408.3,380.1166666666666
6229,13819,543122,307.0,380.1166666666666
6230,13819,543658,425.05,380.1166666666666
6231,13821,547488,270.15,192.82
6232,13821,560287,115.49,192.82
6233,13822,573405,468.38,316.0
6234,13822,580431,163.62,316.0
6235,13823,566092,650.42,478.83
6236,13823,577616,307.24,478.83
6237,13824,543008,442.88,339.788
6238,13824,549735,659.3,339.788
6239,13824,554032,130.8,339.788
6240,13824,561387,196.86,339.788
6241,13824,574868,269.1,339.788
6242,13826,557033,189.5,189.5
6243,13827,560584,112.74,137.35
6244,13827,561710,188.01999999999998,137.35
6245,13827,571032,111.29,137.35
6246,13828,577090,209.49,209.49
6247,13831,537127,408.0,367.16499999999996
6248,13831,551879,311.29999999999995,367.16499999999996
6249,13831,554278,378.69,367.16499999999996
6250,13831,561044,357.4,367.16499999999996
6251,13831,566479,340.2,367.16499999999996
6252,13831,578304,407.4,367.16499999999996
6253,13832,577556,52.2,52.2
6254,13833,558767,384.8,384.8
6255,13835,552309,328.45,208.64249999999998
6256,13835,559326,208.89,208.64249999999998
6257,13835,571657,205.57,208.64249999999998
6258,13835,576346,91.66,208.64249999999998
6259,13837,542213,113.7,135.62
6260,13837,552952,157.54,135.62
6261,13838,537042,238.11,172.9325
6262,13838,563200,148.32,172.9325
6263,13838,563201,93.16,172.9325
6264,13838,580396,212.14,172.9325
6265,13841,548623,85.0,85.0
6266,13842,537691,310.57,376.18
6267,13842,540412,303.0,376.18
6268,13842,543118,293.96,376.18
6269,13842,546376,311.07,376.18
6270,13842,551028,308.73,376.18
6271,13842,554372,301.14,376.18
6272,13842,559301,336.8,376.18
6273,13842,568696,638.66,376.18
6274,13842,570721,581.69,376.18
6275,13844,579149,361.62,361.62
6276,13845,569717,312.98,312.98
6277,13846,538886,411.4,288.3533333333333
6278,13846,549718,252.53,288.3533333333333
6279,13846,576511,201.13,288.3533333333333
6280,13848,537841,320.0,418.3333333333333
6281,13848,543991,615.0,418.3333333333333
6282,13848,566028,320.0,418.3333333333333
6283,13849,557671,593.58,768.975
6284,13849,571747,944.37,768.975
6285,13850,562101,1595.48,1595.48
6286,13851,544924,246.32,883.82
6287,13851,562218,1106.96,883.82
6288,13851,565580,1298.18,883.82
6289,13853,571058,1090.1399999999999,1090.1399999999999
6290,13854,537901,309.4,324.38079999999997
6291,13854,539328,300.04,324.38079999999997
6292,13854,541172,345.84999999999997,324.38079999999997
6293,13854,541966,304.1,324.38079999999997
6294,13854,542907,313.85,324.38079999999997
6295,13854,543591,310.5,324.38079999999997
6296,13854,544794,385.46,324.38079999999997
6297,13854,546001,329.36,324.38079999999997
6298,13854,546637,292.3,324.38079999999997
6299,13854,547105,305.52,324.38079999999997
6300,13854,549280,429.9,324.38079999999997
6301,13854,550307,308.64,324.38079999999997
6302,13854,551290,207.5,324.38079999999997
6303,13854,553706,302.64,324.38079999999997
6304,13854,554484,302.88,324.38079999999997
6305,13854,554921,411.59999999999997,324.38079999999997
6306,13854,558994,349.54,324.38079999999997
6307,13854,560640,313.76,324.38079999999997
6308,13854,564477,322.32,324.38079999999997
6309,13854,566050,324.0,324.38079999999997
6310,13854,566435,302.2,324.38079999999997
6311,13854,569654,316.76,324.38079999999997
6312,13854,574045,409.08,324.38079999999997
6313,13854,576613,310.03999999999996,324.38079999999997
6314,13854,579922,302.28000000000003,324.38079999999997
6315,13856,554014,94.4,129.5
6316,13856,556110,124.6,129.5
6317,13856,557969,169.5,129.5
6318,13858,571107,216.17000000000002,216.17000000000002
6319,13859,541413,201.16,201.16
6320,13860,566622,405.88,249.18
6321,13860,571691,184.64,249.18
6322,13860,571692,27.29,249.18
6323,13860,578815,308.64,249.18
6324,13860,581382,319.45,249.18
6325,13862,540838,425.1,276.17
6326,13862,544607,253.75,276.17
6327,13862,550974,173.46,276.17
6328,13862,555559,300.2,276.17
6329,13862,559460,300.86,276.17
6330,13862,564181,327.93,276.17
6331,13862,568574,308.4,276.17
6332,13862,577784,119.66,276.17
6333,13863,549053,305.78,305.78
6334,13865,544779,123.3,125.39
6335,13865,555581,159.22,125.39
6336,13865,561244,100.82,125.39
6337,13865,570834,118.22,125.39
6338,13866,568340,145.67,145.67
6339,13867,552011,138.85,338.43
6340,13867,568245,453.99,338.43
6341,13867,575148,422.45,338.43
6342,13868,573874,507.54,1596.27
6343,13868,580363,2685.0,1596.27
6344,13869,539439,323.62,776.2375
6345,13869,542619,574.19,776.2375
6346,13869,547253,687.15,776.2375
6347,13869,562688,1519.99,776.2375
6348,13870,544935,544.03,346.3675
6349,13870,558042,241.47,346.3675
6350,13870,558044,112.5,346.3675
6351,13870,561537,469.31,346.3675
6352,13870,564803,812.16,346.3675
6353,13870,573411,384.12,346.3675
6354,13870,573412,54.6,346.3675
6355,13870,581140,152.75,346.3675
6356,13871,543173,456.05,492.5576923076923
6357,13871,546230,397.55,492.5576923076923
6358,13871,547657,401.3,492.5576923076923
6359,13871,550446,509.34000000000003,492.5576923076923
6360,13871,553417,631.49,492.5576923076923
6361,13871,558501,615.09,492.5576923076923
6362,13871,561614,633.07,492.5576923076923
6363,13871,563842,430.35,492.5576923076923
6364,13871,566024,538.4,492.5576923076923
6365,13871,571405,45.0,492.5576923076923
6366,13871,571406,357.68,492.5576923076923
6367,13871,572719,855.17,492.5576923076923
6368,13871,576920,532.76,492.5576923076923
6369,13873,543046,121.45,129.86666666666667
6370,13873,551882,108.95,129.86666666666667
6371,13873,563103,159.2,129.86666666666667
6372,13874,539314,540.45,540.45
6373,13875,543770,340.65,357.358
6374,13875,547842,343.03,357.358
6375,13875,556104,384.2,357.358
6376,13875,561690,356.92,357.358
6377,13875,571303,361.99,357.358
6378,13876,570023,122.7,122.7
6379,13877,566755,117.24,117.24
6380,13878,571272,1281.53,1281.53
6381,13880,537620,97.8,247.67461538461538
6382,13880,544090,210.2,247.67461538461538
6383,13880,545222,200.1,247.67461538461538
6384,13880,550289,291.63,247.67461538461538
6385,13880,552168,226.9,247.67461538461538
6386,13880,555594,312.94,247.67461538461538
6387,13880,560267,129.5,247.67461538461538
6388,13880,560268,211.69,247.67461538461538
6389,13880,566483,414.82,247.67461538461538
6390,13880,566484,223.84,247.67461538461538
6391,13880,566485,181.6,247.67461538461538
6392,13880,571672,322.1,247.67461538461538
6393,13880,577320,396.65,247.67461538461538
6394,13881,542785,1025.34,857.976
6395,13881,545707,673.9,857.976
6396,13881,549681,309.88,857.976
6397,13881,552550,1560.34,857.976
6398,13881,557795,1064.22,857.976
6399,13881,557796,202.4,857.976
6400,13881,557897,382.25,857.976
6401,13881,560873,563.0699999999999,857.976
6402,13881,564351,1187.74,857.976
6403,13881,565491,2251.94,857.976
6404,13881,565492,177.6,857.976
6405,13881,568876,325.5,857.976
6406,13881,569408,1897.1599999999999,857.976
6407,13881,571431,791.0,857.976
6408,13881,573775,949.5,857.976
6409,13881,576354,938.4,857.976
6410,13881,577805,1459.76,857.976
6411,13881,579180,621.6,857.976
6412,13881,579181,208.8,857.976
6413,13881,580902,569.12,857.976
6414,13882,569887,192.76,238.22600000000003
6415,13882,573023,490.55,238.22600000000003
6416,13882,575356,49.5,238.22600000000003
6417,13882,579143,265.24,238.22600000000003
6418,13882,581064,193.08,238.22600000000003
6419,13883,548533,980.41,534.896
6420,13883,551958,263.24,534.896
6421,13883,551959,112.63,534.896
6422,13883,551961,386.5,534.896
6423,13883,579283,931.6999999999999,534.896
6424,13884,545309,138.15,157.52
6425,13884,545820,40.2,157.52
6426,13884,545822,17.9,157.52
6427,13884,566274,344.25,157.52
6428,13884,580362,247.1,157.52
6429,13885,554125,399.15,253.39999999999998
6430,13885,555498,107.65,253.39999999999998
6431,13886,568897,243.56,243.56
6432,13887,553896,349.55,349.55
6433,13888,551986,239.52,302.815
6434,13888,563104,366.11,302.815
6435,13889,565921,416.9,416.9
6436,13890,539084,190.35,188.381
6437,13890,564317,310.76,188.381
6438,13890,571935,103.85,188.381
6439,13890,573927,282.2,188.381
6440,13890,574842,114.75,188.381
6441,13890,576638,219.35,188.381
6442,13890,577065,146.35,188.381
6443,13890,580028,154.45,188.381
6444,13890,581424,154.05,188.381
6445,13890,581427,207.7,188.381
6446,13892,549248,54.519999999999996,158.2425
6447,13892,569903,341.21,158.2425
6448,13892,571550,176.04000000000002,158.2425
6449,13892,575946,61.2,158.2425
6450,13893,544035,821.1,821.1
6451,13894,543007,160.85,188.20666666666668
6452,13894,576639,282.45,188.20666666666668
6453,13894,576640,121.32,188.20666666666668
6454,13895,558271,382.46,648.2675
6455,13895,560568,554.84,648.2675
6456,13895,569460,973.81,648.2675
6457,13895,575917,681.96,648.2675
6458,13897,572086,311.16,311.16
6459,13898,541435,155.93,155.93
6460,13899,546158,298.5,194.26
6461,13899,578271,90.02,194.26
6462,13900,547252,357.58,246.98333333333335
6463,13900,555076,374.87,246.98333333333335
6464,13900,556266,8.5,246.98333333333335
6465,13901,541990,214.4,573.4399999999999
6466,13901,547938,433.9,573.4399999999999
6467,13901,558862,1561.09,573.4399999999999
6468,13901,564308,442.89,573.4399999999999
6469,13901,568692,214.92,573.4399999999999
6470,13904,544356,201.12,166.32
6471,13904,574050,131.52,166.32
6472,13908,545933,496.0,592.3875
6473,13908,552332,335.11,592.3875
6474,13908,562465,630.5,592.3875
6475,13908,567613,907.9399999999999,592.3875
6476,13911,543250,335.53,286.7677777777778
6477,13911,543921,223.74,286.7677777777778
6478,13911,547035,282.28,286.7677777777778
6479,13911,549318,247.95,286.7677777777778
6480,13911,552306,283.99,286.7677777777778
6481,13911,554843,330.42,286.7677777777778
6482,13911,559836,516.12,286.7677777777778
6483,13911,560392,217.6,286.7677777777778
6484,13911,571099,143.28,286.7677777777778
6485,13914,574302,321.07,313.225
6486,13914,579087,305.38,313.225
6487,13917,555233,65.38,136.01999999999998
6488,13917,572131,206.66,136.01999999999998
6489,13918,548542,198.2,606.42
6490,13918,572212,1014.64,606.42
6491,13919,562853,213.15,192.405
6492,13919,570666,171.66,192.405
6493,13922,539867,172.25,172.25
6494,13923,571413,351.13,351.13
6495,13924,568701,679.03,306.47499999999997
6496,13924,572884,309.9,306.47499999999997
6497,13924,574952,172.32999999999998,306.47499999999997
6498,13924,576849,23.55,306.47499999999997
6499,13924,577861,351.64,306.47499999999997
6500,13924,581220,302.4,306.47499999999997
6501,13925,561605,380.12,169.5625
6502,13925,562902,115.92999999999999,169.5625
6503,13925,566020,132.7,169.5625
6504,13925,566022,49.5,169.5625
6505,13926,576770,223.85,223.85
6506,13927,568238,348.99,348.99
6507,13928,561819,104.19999999999999,116.1425
6508,13928,564440,121.25,116.1425
6509,13928,575135,131.22,116.1425
6510,13928,579280,107.9,116.1425
6511,13929,541400,412.85,421.32500000000005
6512,13929,557935,429.8,421.32500000000005
6513,13930,561241,210.0,168.67000000000002
6514,13930,570882,127.34,168.67000000000002
6515,13931,545580,378.21,618.765
6516,13931,565471,859.3199999999999,618.765
6517,13932,544394,307.4,307.4
6518,13933,560034,300.99,304.395
6519,13933,564055,307.8,304.395
6520,13934,547094,922.1,922.1
6521,13936,556504,376.58,376.58
6522,13937,557948,158.85,158.85
6523,13938,574537,71.66,71.66
6524,13939,542835,184.5,189.51666666666665
6525,13939,564144,205.70999999999998,189.51666666666665
6526,13939,576781,178.34,189.51666666666665
6527,13940,560437,218.62,209.785
6528,13940,563268,172.44,209.785
6529,13940,569899,225.24,209.785
6530,13940,578059,222.84,209.785
6531,13941,536617,1095.1200000000001,1022.592
6532,13941,544045,1023.8399999999999,1022.592
6533,13941,557527,712.3,1022.592
6534,13941,566246,1028.04,1022.592
6535,13941,577148,1253.66,1022.592
6536,13946,546788,209.85,187.19000000000003
6537,13946,554087,276.12,187.19000000000003
6538,13946,567632,75.6,187.19000000000003
6539,13947,569684,90.6,90.6
6540,13948,538697,102.0,102.0
6541,13949,565725,537.9,404.5533333333333
6542,13949,567972,371.36,404.5533333333333
6543,13949,569590,302.90999999999997,404.5533333333333
6544,13949,573399,392.08,404.5533333333333
6545,13949,576447,304.84,404.5533333333333
6546,13949,581015,518.23,404.5533333333333
6547,13950,549237,179.31,186.265
6548,13950,568549,144.35,186.265
6549,13950,576514,140.94,186.265
6550,13950,579176,280.46,186.265
6551,13951,544421,212.56,224.8166666666667
6552,13951,550329,303.49,224.8166666666667
6553,13951,557114,158.4,224.8166666666667
6554,13952,550193,2042.76,1625.5349999999999
6555,13952,552042,1208.31,1625.5349999999999
6556,13953,539762,500.0,502.23999999999995
6557,13953,546154,500.0,502.23999999999995
6558,13953,553043,750.0,502.23999999999995
6559,13953,558333,500.0,502.23999999999995
6560,13953,563374,354.36,502.23999999999995
6561,13953,571610,500.0,502.23999999999995
6562,13953,580355,411.32,502.23999999999995
6563,13954,569060,227.41,219.95999999999998
6564,13954,581379,212.51,219.95999999999998
6565,13955,543332,205.1,161.48
6566,13955,559523,117.86,161.48
6567,13956,546424,119.72,205.28400000000002
6568,13956,549575,173.95,205.28400000000002
6569,13956,561079,386.6,205.28400000000002
6570,13956,571293,189.65,205.28400000000002
6571,13956,580503,156.5,205.28400000000002
6572,13959,538511,214.74,199.4
6573,13959,545574,122.7,199.4
6574,13959,567661,260.76,199.4
6575,13960,568881,128.1,115.10999999999999
6576,13960,577347,102.11999999999999,115.10999999999999
6577,13962,549353,117.6,84.775
6578,13962,577133,51.95,84.775
6579,13963,537447,151.3,166.135
6580,13963,540017,215.41,166.135
6581,13963,541860,115.67999999999999,166.135
6582,13963,543249,182.15,166.135
6583,13967,560241,80.7,80.7
6584,13969,538170,317.59,502.99666666666667
6585,13969,541793,345.24,502.99666666666667
6586,13969,546910,145.55,502.99666666666667
6587,13969,550989,255.69,502.99666666666667
6588,13969,552025,378.95,502.99666666666667
6589,13969,552028,64.06,502.99666666666667
6590,13969,556263,491.38,502.99666666666667
6591,13969,557957,551.72,502.99666666666667
6592,13969,560781,353.02,502.99666666666667
6593,13969,562416,301.93,502.99666666666667
6594,13969,564356,706.22,502.99666666666667
6595,13969,570680,899.0699999999999,502.99666666666667
6596,13969,573130,1204.36,502.99666666666667
6597,13969,573910,422.1,502.99666666666667
6598,13969,577071,1166.7,502.99666666666667
6599,13969,578104,308.46,502.99666666666667
6600,13969,580092,1121.79,502.99666666666667
6601,13969,580314,20.11,502.99666666666667
6602,13971,545052,333.48,344.78249999999997
6603,13971,546639,309.34,344.78249999999997
6604,13971,552418,331.7,344.78249999999997
6605,13971,556680,306.46,344.78249999999997
6606,13971,564020,373.66,344.78249999999997
6607,13971,564503,331.26,344.78249999999997
6608,13971,570517,371.65999999999997,344.78249999999997
6609,13971,577699,400.7,344.78249999999997
6610,13972,554077,145.9,95.125
6611,13972,569081,44.35,95.125
6612,13973,545028,264.7,264.7
6613,13974,572231,413.59,413.59
6614,13975,545978,678.76,421.0466666666667
6615,13975,552266,282.85,421.0466666666667
6616,13975,561800,151.76,421.0466666666667
6617,13975,562213,384.34,421.0466666666667
6618,13975,575073,741.22,421.0466666666667
6619,13975,575075,287.35,421.0466666666667
6620,13976,553408,357.98,357.98
6621,13978,572720,158.99,98.39500000000001
6622,13978,578745,37.8,98.39500000000001
6623,13979,568528,869.87,869.87
6624,13980,570421,200.14,200.14
6625,13982,538065,428.6,467.9525
6626,13982,541286,475.2,467.9525
6627,13982,558462,326.34,467.9525
6628,13982,573665,641.67,467.9525
6629,13983,537690,329.36,216.9525
6630,13983,541371,322.78,216.9525
6631,13983,541391,7.8,216.9525
6632,13983,543348,290.0,216.9525
6633,13983,546728,290.0,216.9525
6634,13983,550978,305.43,216.9525
6635,13983,555579,125.19,216.9525
6636,13983,555580,10.5,216.9525
6637,13983,566320,382.47999999999996,216.9525
6638,13983,570846,12.97,216.9525
6639,13983,573504,398.03999999999996,216.9525
6640,13983,575525,128.88,216.9525
6641,13984,537854,154.8,184.102
6642,13984,541490,129.95,184.102
6643,13984,548736,432.48,184.102
6644,13984,562531,102.1,184.102
6645,13984,575966,101.18,184.102
6646,13985,547068,393.0,470.67533333333336
6647,13985,552320,247.8,470.67533333333336
6648,13985,556058,524.5,470.67533333333336
6649,13985,559125,437.38,470.67533333333336
6650,13985,562340,407.38,470.67533333333336
6651,13985,562944,371.3,470.67533333333336
6652,13985,564316,391.68,470.67533333333336
6653,13985,568782,1018.22,470.67533333333336
6654,13985,570776,626.92,470.67533333333336
6655,13985,573276,544.1,470.67533333333336
6656,13985,574920,418.26,470.67533333333336
6657,13985,577142,344.51,470.67533333333336
6658,13985,578079,466.18,470.67533333333336
6659,13985,578696,721.34,470.67533333333336
6660,13985,580722,147.56,470.67533333333336
6661,13986,578055,320.46,320.46
6662,13988,548289,631.06,691.3266666666667
6663,13988,554131,725.02,691.3266666666667
6664,13988,558534,567.42,691.3266666666667
6665,13988,568593,1261.81,691.3266666666667
6666,13988,572946,500.21,691.3266666666667
6667,13988,577403,462.44,691.3266666666667
6668,13989,550158,896.67,633.04
6669,13989,569564,369.41,633.04
6670,13990,552692,311.3,311.3
6671,13991,560553,126.35,142.66166666666666
6672,13991,568183,213.94,142.66166666666666
6673,13991,571673,199.95999999999998,142.66166666666666
6674,13991,578246,116.46,142.66166666666666
6675,13991,578996,167.96,142.66166666666666
6676,13991,579000,31.299999999999997,142.66166666666666
6677,13992,575387,76.8,76.8
6678,13993,541006,323.15,385.15111111111105
6679,13993,544789,499.7,385.15111111111105
6680,13993,550275,278.21999999999997,385.15111111111105
6681,13993,553668,391.75,385.15111111111105
6682,13993,560253,535.59,385.15111111111105
6683,13993,564910,219.0,385.15111111111105
6684,13993,566254,384.9,385.15111111111105
6685,13993,569962,460.4,385.15111111111105
6686,13993,573164,373.65,385.15111111111105
6687,13994,560102,288.57,385.5233333333333
6688,13994,564614,130.99,385.5233333333333
6689,13994,567973,361.07,385.5233333333333
6690,13994,569367,808.11,385.5233333333333
6691,13994,573481,608.3,385.5233333333333
6692,13994,580774,116.1,385.5233333333333
6693,13995,549299,310.45,278.738
6694,13995,560776,408.25,278.738
6695,13995,563368,153.2,278.738
6696,13995,571213,306.03000000000003,278.738
6697,13995,578526,215.76,278.738
6698,13999,538567,302.09999999999997,325.1508333333333
6699,13999,541788,307.6,325.1508333333333
6700,13999,548218,301.48,325.1508333333333
6701,13999,552456,335.64,325.1508333333333
6702,13999,556630,315.05,325.1508333333333
6703,13999,559157,307.03,325.1508333333333
6704,13999,561395,358.7,325.1508333333333
6705,13999,563429,334.34000000000003,325.1508333333333
6706,13999,565479,307.03000000000003,325.1508333333333
6707,13999,569731,308.44,325.1508333333333
6708,13999,575838,328.43,325.1508333333333
6709,13999,579444,395.97,325.1508333333333
6710,14000,553007,635.66,635.66
6711,14001,536526,301.24,681.0266666666666
6712,14001,550822,1007.9,681.0266666666666
6713,14001,572568,733.9399999999999,681.0266666666666
6714,14002,559150,224.79,264.865
6715,14002,561653,304.94,264.865
6716,14004,544823,900.02,654.6628571428572
6717,14004,557274,580.34,654.6628571428572
6718,14004,562432,716.0,654.6628571428572
6719,14004,564147,765.9,654.6628571428572
6720,14004,565328,241.0,654.6628571428572
6721,14004,567819,566.23,654.6628571428572
6722,14004,573096,813.15,654.6628571428572
6723,14005,552255,187.16,574.944
6724,14005,557130,144.3,574.944
6725,14005,561695,365.09999999999997,574.944
6726,14005,568144,281.12,574.944
6727,14005,579672,1897.04,574.944
6728,14006,542728,304.44,320.73
6729,14006,549902,357.65,320.73
6730,14006,563371,300.1,320.73
6731,14009,553678,380.90999999999997,347.80499999999995
6732,14009,554671,314.7,347.80499999999995
6733,14012,545815,328.8,328.8
6734,14013,546030,118.5,157.67333333333332
6735,14013,560229,155.3,157.67333333333332
6736,14013,563927,199.22,157.67333333333332
6737,14014,568062,505.18,505.18
6738,14015,571561,917.34,917.34
6739,14016,539421,753.74,1085.3025
6740,14016,546569,1477.56,1085.3025
6741,14016,553210,1133.33,1085.3025
6742,14016,558684,976.58,1085.3025
6743,14019,561072,384.29,473.87000000000006
6744,14019,565315,416.24,473.87000000000006
6745,14019,572329,621.08,473.87000000000006
6746,14020,566444,331.14,321.4
6747,14020,578109,311.65999999999997,321.4
6748,14021,547949,198.9,210.63333333333333
6749,14021,552969,302.8,210.63333333333333
6750,14021,559332,130.2,210.63333333333333
6751,14022,551426,440.0,440.0
6752,14023,548716,273.14,292.03499999999997
6753,14023,580299,310.93,292.03499999999997
6754,14024,562580,262.45,163.85
6755,14024,562885,65.25,163.85
6756,14027,570250,104.82,104.82
6757,14029,560441,165.2,233.82999999999998
6758,14029,570184,302.46,233.82999999999998
6759,14030,537859,670.55,295.01125
6760,14030,537863,5.95,295.01125
6761,14030,543382,307.23,295.01125
6762,14030,549425,337.67,295.01125
6763,14030,549563,113.61999999999999,295.01125
6764,14030,562931,222.48,295.01125
6765,14030,566298,159.31,295.01125
6766,14030,577794,543.28,295.01125
6767,14031,536804,1714.25,909.8347368421053
6768,14031,538165,185.82,909.8347368421053
6769,14031,539443,668.88,909.8347368421053
6770,14031,540396,969.24,909.8347368421053
6771,14031,541597,456.27000000000004,909.8347368421053
6772,14031,545668,532.13,909.8347368421053
6773,14031,548531,1170.0,909.8347368421053
6774,14031,550972,99.63,909.8347368421053
6775,14031,550973,875.79,909.8347368421053
6776,14031,553172,132.0,909.8347368421053
6777,14031,554974,1100.55,909.8347368421053
6778,14031,558076,913.36,909.8347368421053
6779,14031,562534,809.11,909.8347368421053
6780,14031,568376,1592.12,909.8347368421053
6781,14031,569385,1416.0,909.8347368421053
6782,14031,569388,1416.0,909.8347368421053
6783,14031,572274,660.5,909.8347368421053
6784,14031,577393,2068.09,909.8347368421053
6785,14031,580375,507.12,909.8347368421053
6786,14032,537707,303.86,270.5081818181818
6787,14032,539462,315.56,270.5081818181818
6788,14032,546034,309.64,270.5081818181818
6789,14032,549881,303.34000000000003,270.5081818181818
6790,14032,553537,303.17,270.5081818181818
6791,14032,558027,309.8,270.5081818181818
6792,14032,566590,302.2,270.5081818181818
6793,14032,573922,102.72,270.5081818181818
6794,14032,576971,312.92,270.5081818181818
6795,14032,578312,229.26,270.5081818181818
6796,14032,581177,183.12,270.5081818181818
6797,14034,559017,455.17,217.27333333333334
6798,14034,559020,18.740000000000002,217.27333333333334
6799,14034,577051,177.91,217.27333333333334
6800,14035,544055,301.6,285.604
6801,14035,546787,398.98,285.604
6802,14035,564318,136.68,285.604
6803,14035,572311,290.44,285.604
6804,14035,575744,300.32,285.604
6805,14036,545073,626.65,626.65
6806,14037,538208,111.8,73.6
6807,14037,557038,35.4,73.6
6808,14038,553356,716.32,520.1266666666667
6809,14038,560426,370.1,520.1266666666667
6810,14038,567854,473.96000000000004,520.1266666666667
6811,14039,574698,152.2,152.2
6812,14040,540975,289.7,301.24333333333334
6813,14040,542320,203.25,301.24333333333334
6814,14040,542595,421.1,301.24333333333334
6815,14040,550054,171.1,301.24333333333334
6816,14040,552282,364.23,301.24333333333334
6817,14040,556208,506.67999999999995,301.24333333333334
6818,14040,561467,151.95,301.24333333333334
6819,14040,563205,338.06,301.24333333333334
6820,14040,563208,39.84,301.24333333333334
6821,14040,565768,262.40000000000003,301.24333333333334
6822,14040,570232,725.56,301.24333333333334
6823,14040,573354,141.05,301.24333333333334
6824,14041,546995,141.41,141.41
6825,14044,543096,173.74,163.205
6826,14044,560260,171.44,163.205
6827,14044,564740,196.93,163.205
6828,14044,575955,110.71,163.205
6829,14045,536405,326.4,414.9375
6830,14045,540258,682.8,414.9375
6831,14045,540262,242.55,414.9375
6832,14045,564076,408.0,414.9375
6833,14046,545182,154.99,154.99
6834,14047,536615,286.92,261.72200000000004
6835,14047,540399,9.3,261.72200000000004
6836,14047,554379,339.7,261.72200000000004
6837,14047,568541,321.54,261.72200000000004
6838,14047,580021,351.15,261.72200000000004
6839,14048,543371,409.93,409.93
6840,14049,542192,1031.83,1420.4299999999998
6841,14049,554151,2026.63,1420.4299999999998
6842,14049,558814,226.93,1420.4299999999998
6843,14049,578233,2396.33,1420.4299999999998
6844,14050,564483,485.97999999999996,373.17999999999995
6845,14050,574958,260.38,373.17999999999995
6846,14051,537789,623.42,678.7126086956522
6847,14051,538871,476.7,678.7126086956522
6848,14051,539635,728.04,678.7126086956522
6849,14051,542583,483.9,678.7126086956522
6850,14051,544166,337.5,678.7126086956522
6851,14051,545032,476.8,678.7126086956522
6852,14051,547378,905.0999999999999,678.7126086956522
6853,14051,550186,504.3,678.7126086956522
6854,14051,551273,665.52,678.7126086956522
6855,14051,552661,300.1,678.7126086956522
6856,14051,552664,332.1,678.7126086956522
6857,14051,557257,535.86,678.7126086956522
6858,14051,559016,672.9,678.7126086956522
6859,14051,560790,902.4,678.7126086956522
6860,14051,563729,742.8000000000001,678.7126086956522
6861,14051,566086,584.4,678.7126086956522
6862,14051,569227,973.95,678.7126086956522
6863,14051,570494,757.8,678.7126086956522
6864,14051,572769,959.7,678.7126086956522
6865,14051,575185,725.7,678.7126086956522
6866,14051,578081,958.2,678.7126086956522
6867,14051,580061,759.3,678.7126086956522
6868,14051,581495,1203.9,678.7126086956522
6869,14052,577500,225.36,225.36
6870,14053,558755,154.25,130.125
6871,14053,562585,106.0,130.125
6872,14054,569698,92.46000000000001,92.46000000000001
6873,14055,564532,725.64,725.64
6874,14056,545188,598.96,357.1586956521739
6875,14056,546305,232.43,357.1586956521739
6876,14056,546909,220.6,357.1586956521739
6877,14056,547705,229.49,357.1586956521739
6878,14056,548511,276.94,357.1586956521739
6879,14056,550297,321.83,357.1586956521739
6880,14056,552239,367.52,357.1586956521739
6881,14056,552824,508.63,357.1586956521739
6882,14056,553937,171.29,357.1586956521739
6883,14056,554839,374.29,357.1586956521739
6884,14056,556106,393.34,357.1586956521739
6885,14056,558888,659.08,357.1586956521739
6886,14056,560732,341.03,357.1586956521739
6887,14056,562269,251.94,357.1586956521739
6888,14056,562839,123.21000000000001,357.1586956521739
6889,14056,562883,6.3,357.1586956521739
6890,14056,564359,305.63,357.1586956521739
6891,14056,567153,258.01,357.1586956521739
6892,14056,569491,528.68,357.1586956521739
6893,14056,571712,611.98,357.1586956521739
6894,14056,574559,473.72,357.1586956521739
6895,14056,578510,534.73,357.1586956521739
6896,14056,581400,425.02,357.1586956521739
6897,14057,538808,632.52,365.76235294117646
6898,14057,538856,293.4,365.76235294117646
6899,14057,544368,623.78,365.76235294117646
6900,14057,545544,294.33,365.76235294117646
6901,14057,545656,99.0,365.76235294117646
6902,14057,549993,349.44,365.76235294117646
6903,14057,549994,41.6,365.76235294117646
6904,14057,554513,342.46,365.76235294117646
6905,14057,558564,482.6,365.76235294117646
6906,14057,561071,440.26,365.76235294117646
6907,14057,563434,520.93,365.76235294117646
6908,14057,564017,305.02,365.76235294117646
6909,14057,564859,386.64,365.76235294117646
6910,14057,566286,331.56,365.76235294117646
6911,14057,569483,390.26,365.76235294117646
6912,14057,569484,45.0,365.76235294117646
6913,14057,576648,639.16,365.76235294117646
6914,14059,546924,183.6,183.6
6915,14060,536673,339.84,323.18
6916,14060,537774,281.0,323.18
6917,14060,538943,253.20000000000002,323.18
6918,14060,540645,402.65999999999997,323.18
6919,14060,542148,252.1,323.18
6920,14060,544647,402.65999999999997,323.18
6921,14060,546532,140.0,323.18
6922,14060,549911,446.7,323.18
6923,14060,550991,153.84,323.18
6924,14060,553683,285.1,323.18
6925,14060,556129,438.0,323.18
6926,14060,560235,189.57999999999998,323.18
6927,14060,561907,211.14000000000001,323.18
6928,14060,564195,306.96,323.18
6929,14060,566491,294.24,323.18
6930,14060,567628,738.58,323.18
6931,14060,571200,294.78000000000003,323.18
6932,14060,577030,412.56,323.18
6933,14060,580634,297.48,323.18
6934,14062,538356,966.62,872.0708333333333
6935,14062,539591,237.6,872.0708333333333
6936,14062,539629,239.9,872.0708333333333
6937,14062,541680,1652.27,872.0708333333333
6938,14062,549980,317.26,872.0708333333333
6939,14062,550159,1420.98,872.0708333333333
6940,14062,557121,360.03999999999996,872.0708333333333
6941,14062,560286,898.44,872.0708333333333
6942,14062,563819,1708.6799999999998,872.0708333333333
6943,14062,566089,998.88,872.0708333333333
6944,14062,568790,424.8,872.0708333333333
6945,14062,579538,1239.38,872.0708333333333
6946,14064,546239,185.14999999999998,270.748
6947,14064,548491,375.35,270.748
6948,14064,552954,281.65999999999997,270.748
6949,14064,563734,255.52,270.748
6950,14064,575623,256.06,270.748
6951,14066,546981,152.55,152.55
6952,14067,565415,224.67,187.35
6953,14067,570022,150.03,187.35
6954,14068,541862,265.85,265.85
6955,14071,547044,225.4,179.8525
6956,14071,547668,131.41,179.8525
6957,14071,572298,167.95,179.8525
6958,14071,573311,265.71,179.8525
6959,14071,575059,152.53,179.8525
6960,14071,577535,341.24,179.8525
6961,14071,580876,125.16,179.8525
6962,14071,580889,29.419999999999998,179.8525
6963,14073,574911,151.04,151.04
6964,14075,547555,307.92,314.08666666666664
6965,14075,577501,317.56,314.08666666666664
6966,14075,580538,316.78000000000003,314.08666666666664
6967,14076,562106,122.47,122.47
6968,14077,546304,117.11,99.88399999999999
6969,14077,551421,82.5,99.88399999999999
6970,14077,556437,110.78999999999999,99.88399999999999
6971,14077,567856,56.3,99.88399999999999
6972,14077,573352,132.72,99.88399999999999
6973,14078,536525,136.24,174.895
6974,14078,545170,170.05,174.895
6975,14078,551197,166.4,174.895
6976,14078,552646,111.29,174.895
6977,14078,556043,243.93,174.895
6978,14078,564821,221.46,174.895
6979,14079,562570,375.1,375.1
6980,14080,574827,45.599999999999994,45.599999999999994
6981,14081,537219,423.52,467.26
6982,14081,543631,511.0,467.26
6983,14082,538199,182.25,182.25
6984,14083,536945,309.54,113.1588888888889
6985,14083,539637,112.68,113.1588888888889
6986,14083,539639,37.67,113.1588888888889
6987,14083,546390,14.4,113.1588888888889
6988,14083,554506,15.18,113.1588888888889
6989,14083,561815,41.6,113.1588888888889
6990,14083,562532,17.85,113.1588888888889
6991,14083,580157,22.939999999999998,113.1588888888889
6992,14083,580647,446.57,113.1588888888889
6993,14085,537366,308.05,247.14111111111112
6994,14085,538634,491.24,247.14111111111112
6995,14085,539920,390.95,247.14111111111112
6996,14085,541014,222.97,247.14111111111112
6997,14085,541683,330.48,247.14111111111112
6998,14085,543108,244.22,247.14111111111112
6999,14085,546121,155.45,247.14111111111112
7000,14085,547662,150.34,247.14111111111112
7001,14085,547794,207.21,247.14111111111112
7002,14085,554682,311.5,247.14111111111112
7003,14085,557251,147.95,247.14111111111112
7004,14085,560862,287.83,247.14111111111112
7005,14085,572744,260.79,247.14111111111112
7006,14085,572745,29.75,247.14111111111112
7007,14085,579872,278.82,247.14111111111112
7008,14085,580260,386.34000000000003,247.14111111111112
7009,14085,580300,13.95,247.14111111111112
7010,14085,581144,230.7,247.14111111111112
7011,14087,581125,194.42,194.42
7012,14088,541789,7544.91,3883.9853846153846
7013,14088,555400,5913.9,3883.9853846153846
7014,14088,555401,1896.03,3883.9853846153846
7015,14088,557788,33.16,3883.9853846153846
7016,14088,560580,8801.51,3883.9853846153846
7017,14088,561462,313.5,3883.9853846153846
7018,14088,562153,1004.88,3883.9853846153846
7019,14088,571281,8132.31,3883.9853846153846
7020,14088,574067,3962.85,3883.9853846153846
7021,14088,577328,188.7,3883.9853846153846
7022,14088,578305,10584.77,3883.9853846153846
7023,14088,578674,39.48,3883.9853846153846
7024,14088,579501,2075.81,3883.9853846153846
7025,14089,571178,161.0,161.0
7026,14090,541525,76.32,76.32
7027,14092,539283,250.65,291.2078571428571
7028,14092,539766,351.08,291.2078571428571
7029,14092,541796,318.5,291.2078571428571
7030,14092,546640,238.2,291.2078571428571
7031,14092,550304,311.38,291.2078571428571
7032,14092,554949,327.65999999999997,291.2078571428571
7033,14092,557751,250.09,291.2078571428571
7034,14092,557752,29.7,291.2078571428571
7035,14092,561888,360.54,291.2078571428571
7036,14092,565092,307.62,291.2078571428571
7037,14092,569249,351.17,291.2078571428571
7038,14092,576684,625.86,291.2078571428571
7039,14092,580214,42.36,291.2078571428571
7040,14092,580221,312.1,291.2078571428571
7041,14093,579002,442.85,442.85
7042,14096,564764,21.84,3833.2229411764706
7043,14096,565383,103.22,3833.2229411764706
7044,14096,566217,119.62,3833.2229411764706
7045,14096,566566,433.93,3833.2229411764706
7046,14096,567656,4936.65,3833.2229411764706
7047,14096,568346,3671.44,3833.2229411764706
7048,14096,569246,2900.99,3833.2229411764706
7049,14096,570488,3380.86,3833.2229411764706
7050,14096,571441,4050.61,3833.2229411764706
7051,14096,572552,3472.42,3833.2229411764706
7052,14096,572854,367.74,3833.2229411764706
7053,14096,573576,4941.71,3833.2229411764706
7054,14096,575607,4358.0,3833.2229411764706
7055,14096,576339,8425.539999999999,3833.2229411764706
7056,14096,578270,6936.52,3833.2229411764706
7057,14096,579196,8107.72,3833.2229411764706
7058,14096,580727,8935.98,3833.2229411764706
7059,14098,574100,147.35,147.35
7060,14099,539502,383.52,282.1972727272727
7061,14099,541225,234.62,282.1972727272727
7062,14099,544313,200.59,282.1972727272727
7063,14099,548259,244.13,282.1972727272727
7064,14099,551998,258.6,282.1972727272727
7065,14099,557790,403.81,282.1972727272727
7066,14099,559000,235.63,282.1972727272727
7067,14099,563070,349.02,282.1972727272727
7068,14099,569659,363.18,282.1972727272727
7069,14099,573033,217.27,282.1972727272727
7070,14099,578281,213.8,282.1972727272727
7071,14100,561099,194.9,194.9
7072,14101,541287,751.6,996.1316666666667
7073,14101,544400,1092.43,996.1316666666667
7074,14101,547037,1224.6,996.1316666666667
7075,14101,554707,1090.76,996.1316666666667
7076,14101,560695,785.0,996.1316666666667
7077,14101,568512,1032.4,996.1316666666667
7078,14102,572861,421.09999999999997,272.056
7079,14102,574051,349.3,272.056
7080,14102,576928,175.95,272.056
7081,14102,579027,295.43,272.056
7082,14102,580530,118.5,272.056
7083,14104,558198,111.26,108.105
7084,14104,559458,104.95,108.105
7085,14105,550183,1266.23,1266.23
7086,14107,538308,363.24,386.17571428571426
7087,14107,544187,257.85,386.17571428571426
7088,14107,547801,554.18,386.17571428571426
7089,14107,551688,299.81,386.17571428571426
7090,14107,557115,361.76,386.17571428571426
7091,14107,565447,625.1,386.17571428571426
7092,14107,571839,241.29,386.17571428571426
7093,14108,564800,291.33,298.955
7094,14108,575212,306.58,298.955
7095,14109,568588,144.2,144.2
7096,14110,546922,904.26,473.5958333333333
7097,14110,551696,797.26,473.5958333333333
7098,14110,557602,379.72,473.5958333333333
7099,14110,559895,317.4,473.5958333333333
7100,14110,563183,860.98,473.5958333333333
7101,14110,566305,523.25,473.5958333333333
7102,14110,566738,382.74,473.5958333333333
7103,14110,569409,304.62,473.5958333333333
7104,14110,573184,520.44,473.5958333333333
7105,14110,574175,41.6,473.5958333333333
7106,14110,577137,325.44,473.5958333333333
7107,14110,580888,325.44,473.5958333333333
7108,14111,549756,94.2,173.2125
7109,14111,564529,153.0,173.2125
7110,14111,565569,48.3,173.2125
7111,14111,578816,397.35,173.2125
7112,14112,546084,617.1,416.45
7113,14112,553938,115.6,416.45
7114,14112,553940,419.8,416.45
7115,14112,561923,748.32,416.45
7116,14112,573406,770.23,416.45
7117,14112,573409,33.0,416.45
7118,14112,577019,211.1,416.45
7119,14113,539572,433.5,460.105
7120,14113,567906,492.88,460.105
7121,14113,576926,442.14,460.105
7122,14113,580878,471.9,460.105
7123,14114,541010,195.13,193.265
7124,14114,546322,191.4,193.265
7125,14116,562907,319.97,276.548
7126,14116,565922,308.9,276.548
7127,14116,569847,327.45,276.548
7128,14116,575145,213.5,276.548
7129,14116,577405,212.92,276.548
7130,14117,560450,90.0,90.0
7131,14121,570516,233.1,695.0375
7132,14121,575512,1247.41,695.0375
7133,14121,579446,528.48,695.0375
7134,14121,580880,771.16,695.0375
7135,14124,567102,419.58,419.58
7136,14125,567890,1295.43,913.4766666666666
7137,14125,575854,1111.08,913.4766666666666
7138,14125,579412,333.92,913.4766666666666
7139,14126,579404,275.85,235.37666666666667
7140,14126,579405,367.78,235.37666666666667
7141,14126,580175,62.5,235.37666666666667
7142,14127,543001,314.63,236.57000000000002
7143,14127,547911,137.6,236.57000000000002
7144,14127,562768,257.48,236.57000000000002
7145,14128,548005,305.54,318.75
7146,14128,570293,331.96,318.75
7147,14129,547561,358.9,224.772
7148,14129,565467,315.78,224.772
7149,14129,565468,51.55,224.772
7150,14129,577950,245.05,224.772
7151,14129,581252,152.57999999999998,224.772
7152,14130,541987,483.86,483.86
7153,14132,556193,306.86,326.00272727272727
7154,14132,558625,301.06,326.00272727272727
7155,14132,559715,304.5,326.00272727272727
7156,14132,562150,301.92,326.00272727272727
7157,14132,563674,338.12,326.00272727272727
7158,14132,566587,347.74,326.00272727272727
7159,14132,570422,419.54,326.00272727272727
7160,14132,574475,308.15999999999997,326.00272727272727
7161,14132,575371,305.6,326.00272727272727
7162,14132,578697,337.4,326.00272727272727
7163,14132,581141,315.13,326.00272727272727
7164,14133,542470,318.0,201.88
7165,14133,562049,267.72,201.88
7166,14133,562050,19.92,201.88
7167,14135,536620,485.25,312.6873333333333
7168,14135,537598,319.0,312.6873333333333
7169,14135,539662,117.60000000000001,312.6873333333333
7170,14135,539664,25.2,312.6873333333333
7171,14135,540269,186.0,312.6873333333333
7172,14135,540703,511.46,312.6873333333333
7173,14135,541278,167.4,312.6873333333333
7174,14135,551687,309.35,312.6873333333333
7175,14135,555646,320.2,312.6873333333333
7176,14135,564657,748.86,312.6873333333333
7177,14135,568148,324.0,312.6873333333333
7178,14135,574715,346.34999999999997,312.6873333333333
7179,14135,574917,386.74,312.6873333333333
7180,14135,580095,303.0,312.6873333333333
7181,14135,581291,139.9,312.6873333333333
7182,14138,570009,638.21,491.19000000000005
7183,14138,581377,344.17,491.19000000000005
7184,14139,572472,415.82,415.82
7185,14140,575007,540.99,467.525
7186,14140,580737,394.06,467.525
7187,14141,564656,285.16,228.7825
7188,14141,568469,204.15,228.7825
7189,14141,570602,199.47,228.7825
7190,14141,581016,226.35,228.7825
7191,14142,536587,311.81,311.81
7192,14143,561692,115.8,115.8
7193,14145,552171,1128.6,935.55
7194,14145,558870,1128.6,935.55
7195,14145,559110,594.0,935.55
7196,14145,572443,891.0,935.55
7197,14146,539444,1241.43,838.2
7198,14146,548258,662.3,838.2
7199,14146,567338,310.95,838.2
7200,14146,567339,751.16,838.2
7201,14146,579938,1225.16,838.2
7202,14147,545047,182.8,241.70000000000002
7203,14147,567937,300.6,241.70000000000002
7204,14148,550756,157.2,157.2
7205,14149,551548,446.62,446.62
7206,14150,538902,306.18,329.32
7207,14150,574338,352.46,329.32
7208,14152,550639,314.51,310.645
7209,14152,568169,306.78,310.645
7210,14154,550161,419.74,672.81
7211,14154,550163,925.88,672.81
7212,14155,547003,118.75,118.75
7213,14156,536890,322.2,2134.175090909091
7214,14156,541220,16774.72,2134.175090909091
7215,14156,543114,788.06,2134.175090909091
7216,14156,543828,2024.57,2134.175090909091
7217,14156,544074,856.26,2134.175090909091
7218,14156,544075,3506.24,2134.175090909091
7219,14156,544690,1480.2,2134.175090909091
7220,14156,545320,2541.15,2134.175090909091
7221,14156,546172,585.3199999999999,2134.175090909091
7222,14156,546212,3500.5,2134.175090909091
7223,14156,546213,1614.6000000000001,2134.175090909091
7224,14156,546263,461.6,2134.175090909091
7225,14156,546660,1041.45,2134.175090909091
7226,14156,548718,2183.8199999999997,2134.175090909091
7227,14156,550302,446.74,2134.175090909091
7228,14156,550618,367.62,2134.175090909091
7229,14156,552038,3869.18,2134.175090909091
7230,14156,553206,1543.0,2134.175090909091
7231,14156,555650,958.12,2134.175090909091
7232,14156,556927,3876.86,2134.175090909091
7233,14156,556928,606.72,2134.175090909091
7234,14156,557759,493.04,2134.175090909091
7235,14156,558067,930.71,2134.175090909091
7236,14156,558069,69.6,2134.175090909091
7237,14156,558417,2822.74,2134.175090909091
7238,14156,558644,679.1,2134.175090909091
7239,14156,560041,654.97,2134.175090909091
7240,14156,560445,11134.34,2134.175090909091
7241,14156,560446,532.3199999999999,2134.175090909091
7242,14156,561901,13464.26,2134.175090909091
7243,14156,562560,1572.73,2134.175090909091
7244,14156,562935,1253.05,2134.175090909091
7245,14156,563355,467.42,2134.175090909091
7246,14156,563558,1544.01,2134.175090909091
7247,14156,563559,34.68,2134.175090909091
7248,14156,565412,629.04,2134.175090909091
7249,14156,565474,50.0,2134.175090909091
7250,14156,565475,7480.0599999999995,2134.175090909091
7251,14156,565476,958.8,2134.175090909091
7252,14156,565748,4005.35,2134.175090909091
7253,14156,565749,228.84,2134.175090909091
7254,14156,565916,504.35,2134.175090909091
7255,14156,569010,5867.08,2134.175090909091
7256,14156,570253,1974.0,2134.175090909091
7257,14156,570700,419.84999999999997,2134.175090909091
7258,14156,571129,406.84000000000003,2134.175090909091
7259,14156,571313,728.24,2134.175090909091
7260,14156,571314,894.64,2134.175090909091
7261,14156,571562,704.02,2134.175090909091
7262,14156,572124,773.94,2134.175090909091
7263,14156,574841,397.43,2134.175090909091
7264,14156,575735,370.8,2134.175090909091
7265,14156,576602,832.58,2134.175090909091
7266,14156,576653,4391.16,2134.175090909091
7267,14156,579553,760.7099999999999,2134.175090909091
7268,14157,545059,277.17,216.44
7269,14157,577477,155.71,216.44
7270,14158,573393,507.65999999999997,507.65999999999997
7271,14159,538374,193.22,426.6372727272728
7272,14159,547910,458.87,426.6372727272728
7273,14159,555558,462.53,426.6372727272728
7274,14159,557858,312.68,426.6372727272728
7275,14159,559894,419.48,426.6372727272728
7276,14159,560359,337.43,426.6372727272728
7277,14159,565541,575.68,426.6372727272728
7278,14159,567211,387.78000000000003,426.6372727272728
7279,14159,571679,178.97,426.6372727272728
7280,14159,573340,518.55,426.6372727272728
7281,14159,577504,847.82,426.6372727272728
7282,14161,537160,283.15,370.17333333333335
7283,14161,545691,263.04,370.17333333333335
7284,14161,552265,564.33,370.17333333333335
7285,14162,544452,177.68,144.68
7286,14162,557270,111.68,144.68
7287,14163,550180,411.87,611.4775
7288,14163,554503,337.92,611.4775
7289,14163,559546,909.6,611.4775
7290,14163,566596,786.52,611.4775
7291,14164,567457,1273.77,815.885
7292,14164,569101,358.0,815.885
7293,14165,546111,122.53999999999999,122.53999999999999
7294,14167,540984,148.35,143.71
7295,14167,547226,110.65,143.71
7296,14167,558247,143.1,143.71
7297,14167,573583,172.74,143.71
7298,14171,565397,363.79,363.79
7299,14173,551844,114.03999999999999,112.71
7300,14173,572674,129.77,112.71
7301,14173,579364,194.54999999999998,112.71
7302,14173,579365,12.48,112.71
7303,14174,574691,134.46,134.46
7304,14175,541204,322.58,1074.1000000000001
7305,14175,557626,883.41,1074.1000000000001
7306,14175,570598,2016.31,1074.1000000000001
7307,14176,537523,159.54999999999998,144.225
7308,14176,541275,121.19999999999999,144.225
7309,14176,544058,230.15,144.225
7310,14176,544061,66.0,144.225
7311,14177,556520,118.08,139.8525
7312,14177,565563,183.82999999999998,139.8525
7313,14177,565577,7.5,139.8525
7314,14177,566744,250.0,139.8525
7315,14178,556425,197.37,231.5614285714286
7316,14178,560555,115.52,231.5614285714286
7317,14178,565350,180.47,231.5614285714286
7318,14178,569474,198.74,231.5614285714286
7319,14178,573359,261.85,231.5614285714286
7320,14178,575848,246.86,231.5614285714286
7321,14178,580027,420.12,231.5614285714286
7322,14179,571682,551.6800000000001,359.89000000000004
7323,14179,573344,168.1,359.89000000000004
7324,14180,536739,201.75,189.94080000000002
7325,14180,538521,339.4,189.94080000000002
7326,14180,539298,136.25,189.94080000000002
7327,14180,539299,218.85,189.94080000000002
7328,14180,540028,284.6,189.94080000000002
7329,14180,541585,275.5,189.94080000000002
7330,14180,542900,134.1,189.94080000000002
7331,14180,543291,143.92000000000002,189.94080000000002
7332,14180,544150,119.15,189.94080000000002
7333,14180,545345,382.09999999999997,189.94080000000002
7334,14180,546432,227.0,189.94080000000002
7335,14180,548319,245.2,189.94080000000002
7336,14180,550492,187.75,189.94080000000002
7337,14180,552182,195.15,189.94080000000002
7338,14180,553638,193.75,189.94080000000002
7339,14180,555846,149.15,189.94080000000002
7340,14180,558031,168.55,189.94080000000002
7341,14180,559312,97.5,189.94080000000002
7342,14180,561065,101.05,189.94080000000002
7343,14180,562776,174.65,189.94080000000002
7344,14180,564474,134.75,189.94080000000002
7345,14180,566196,148.8,189.94080000000002
7346,14180,570973,149.7,189.94080000000002
7347,14180,575691,179.55,189.94080000000002
7348,14180,579285,160.35,189.94080000000002
7349,14184,569482,452.89,452.89
7350,14185,540970,197.65,197.65
7351,14188,543015,398.0,342.3933333333334
7352,14188,552328,362.9,342.3933333333334
7353,14188,559512,329.46,342.3933333333334
7354,14188,564053,293.1,342.3933333333334
7355,14188,568873,334.5,342.3933333333334
7356,14188,575305,336.4,342.3933333333334
7357,14189,537312,311.24,310.272
7358,14189,540148,364.8,310.272
7359,14189,542110,274.74,310.272
7360,14189,544895,214.71,310.272
7361,14189,548208,314.1,310.272
7362,14189,550955,318.78,310.272
7363,14189,554129,306.34000000000003,310.272
7364,14189,554141,51.36,310.272
7365,14189,558911,321.46,310.272
7366,14189,563706,429.43,310.272
7367,14189,565436,360.96,310.272
7368,14189,572935,467.5,310.272
7369,14189,575690,314.66,310.272
7370,14189,578316,302.44,310.272
7371,14189,581181,301.56,310.272
7372,14191,551556,150.32,360.36615384615385
7373,14191,554349,278.78,360.36615384615385
7374,14191,555940,357.6,360.36615384615385
7375,14191,558567,318.9,360.36615384615385
7376,14191,561804,417.94,360.36615384615385
7377,14191,562890,355.45,360.36615384615385
7378,14191,564174,379.27000000000004,360.36615384615385
7379,14191,567372,267.03000000000003,360.36615384615385
7380,14191,571690,329.97,360.36615384615385
7381,14191,573901,294.58,360.36615384615385
7382,14191,577050,738.67,360.36615384615385
7383,14191,579515,370.13,360.36615384615385
7384,14191,581218,426.12,360.36615384615385
7385,14193,546624,422.54,426.69500000000005
7386,14193,569242,430.85,426.69500000000005
7387,14194,543251,516.95,540.4533333333334
7388,14194,546986,780.35,540.4533333333334
7389,14194,546988,282.12,540.4533333333334
7390,14194,553158,689.42,540.4533333333334
7391,14194,553159,383.06,540.4533333333334
7392,14194,553160,85.36,540.4533333333334
7393,14194,554906,670.61,540.4533333333334
7394,14194,557326,479.45,540.4533333333334
7395,14194,557327,81.84,540.4533333333334
7396,14194,561098,558.49,540.4533333333334
7397,14194,563550,508.12,540.4533333333334
7398,14194,564510,630.68,540.4533333333334
7399,14194,566597,446.31,540.4533333333334
7400,14194,568162,863.2,540.4533333333334
7401,14194,570492,530.35,540.4533333333334
7402,14194,570493,70.8,540.4533333333334
7403,14194,573287,827.07,540.4533333333334
7404,14194,573288,315.78,540.4533333333334
7405,14194,576597,1025.35,540.4533333333334
7406,14194,577633,1120.11,540.4533333333334
7407,14194,580595,484.1,540.4533333333334
7408,14195,548687,828.4,506.0
7409,14195,554064,183.6,506.0
7410,14196,564376,335.52,335.52
7411,14198,550155,183.3,175.35
7412,14198,560279,173.65,175.35
7413,14198,566648,171.85,175.35
7414,14198,577790,172.6,175.35
7415,14199,551979,185.39999999999998,185.39999999999998
7416,14201,539011,67.24,106.77714285714285
7417,14201,550624,109.03999999999999,106.77714285714285
7418,14201,552253,187.98,106.77714285714285
7419,14201,555702,46.84,106.77714285714285
7420,14201,559916,110.13999999999999,106.77714285714285
7421,14201,567408,105.9,106.77714285714285
7422,14201,570415,120.3,106.77714285714285
7423,14204,581142,161.03,161.03
7424,14205,547081,222.9,233.35000000000002
7425,14205,578133,243.8,233.35000000000002
7426,14206,550167,328.15999999999997,328.15999999999997
7427,14208,565750,151.74,151.74
7428,14209,540817,347.95,345.57166666666666
7429,14209,547720,420.6,345.57166666666666
7430,14209,552536,314.6,345.57166666666666
7431,14209,560972,438.5,345.57166666666666
7432,14209,562930,354.68,345.57166666666666
7433,14209,579278,197.1,345.57166666666666
7434,14210,536956,304.95,317.64
7435,14210,540027,363.65999999999997,317.64
7436,14210,544165,308.78,317.64
7437,14210,551147,305.46,317.64
7438,14210,554795,316.8,317.64
7439,14210,564634,306.19,317.64
7440,14211,544322,145.2,249.0111111111111
7441,14211,545075,319.9,249.0111111111111
7442,14211,550287,138.79,249.0111111111111
7443,14211,550535,155.6,249.0111111111111
7444,14211,553227,150.4,249.0111111111111
7445,14211,565405,220.04,249.0111111111111
7446,14211,567517,209.16,249.0111111111111
7447,14211,570885,355.78,249.0111111111111
7448,14211,571435,546.23,249.0111111111111
7449,14212,566260,1070.48,1070.48
7450,14214,545812,638.65,200.876
7451,14214,557761,183.56,200.876
7452,14214,559152,76.95,200.876
7453,14214,572032,55.42,200.876
7454,14214,575209,49.8,200.876
7455,14215,537423,166.0,298.28666666666663
7456,14215,541103,596.06,298.28666666666663
7457,14215,542568,160.05,298.28666666666663
7458,14215,555592,176.16,298.28666666666663
7459,14215,567979,245.64,298.28666666666663
7460,14215,579125,445.81,298.28666666666663
7461,14216,573955,459.8,459.825
7462,14216,578261,792.94,459.825
7463,14216,580097,448.31,459.825
7464,14216,580967,138.25,459.825
7465,14217,537809,118.3,117.94
7466,14217,540457,102.5,117.94
7467,14217,540753,69.7,117.94
7468,14217,542901,88.3,117.94
7469,14217,547057,130.05,117.94
7470,14217,549312,112.8,117.94
7471,14217,553382,202.24,117.94
7472,14217,555932,165.36,117.94
7473,14217,559201,95.75,117.94
7474,14217,565125,126.5,117.94
7475,14217,568243,93.87,117.94
7476,14217,568366,164.3,117.94
7477,14217,570896,102.94999999999999,117.94
7478,14217,573378,92.52,117.94
7479,14217,576622,105.76,117.94
7480,14217,579123,139.6,117.94
7481,14217,581324,94.47999999999999,117.94
7482,14218,573171,169.48,169.48
7483,14219,580700,89.94,89.94
7484,14220,539313,312.98,316.20000000000005
7485,14220,549119,319.42,316.20000000000005
7486,14221,540094,312.95,381.4222222222222
7487,14221,553476,551.03,381.4222222222222
7488,14221,555392,30.0,381.4222222222222
7489,14221,555393,759.85,381.4222222222222
7490,14221,559912,357.78000000000003,381.4222222222222
7491,14221,559913,17.4,381.4222222222222
7492,14221,563730,588.0,381.4222222222222
7493,14221,567459,471.88,381.4222222222222
7494,14221,573280,343.90999999999997,381.4222222222222
7495,14222,556942,683.17,683.17
7496,14223,547088,304.9,330.37666666666667
7497,14223,558992,351.69,330.37666666666667
7498,14223,566039,334.54,330.37666666666667
7499,14224,541850,244.29999999999998,262.53
7500,14224,552295,251.02,262.53
7501,14224,560262,368.18,262.53
7502,14224,563915,186.62,262.53
7503,14226,546669,983.3,446.438
7504,14226,553149,726.1,446.438
7505,14226,569079,185.76999999999998,446.438
7506,14226,575593,320.07,446.438
7507,14226,575830,16.95,446.438
7508,14227,545150,736.7,335.096
7509,14227,549449,304.33,335.096
7510,14227,550347,282.94,335.096
7511,14227,554950,797.48,335.096
7512,14227,554952,81.0,335.096
7513,14227,554953,17.4,335.096
7514,14227,554954,179.67000000000002,335.096
7515,14227,566821,617.26,335.096
7516,14227,566823,15.12,335.096
7517,14227,576067,319.06,335.096
7518,14229,540635,456.97,515.7333333333332
7519,14229,544473,305.15999999999997,515.7333333333332
7520,14229,571735,785.0699999999999,515.7333333333332
7521,14231,544888,308.95,308.57
7522,14231,550988,309.0,308.57
7523,14231,556139,307.76,308.57
7524,14232,547058,693.18,409.6139999999999
7525,14232,555586,310.78999999999996,409.6139999999999
7526,14232,561203,311.76,409.6139999999999
7527,14232,563437,257.59999999999997,409.6139999999999
7528,14232,573182,474.74,409.6139999999999
7529,14233,542223,100.85,365.68
7530,14233,542930,530.1,365.68
7531,14233,552890,328.15,365.68
7532,14233,572244,503.62,365.68
7533,14234,571054,369.78,193.86499999999998
7534,14234,572738,82.56,193.86499999999998
7535,14234,575392,209.48,193.86499999999998
7536,14234,577110,113.64,193.86499999999998
7537,14235,547666,850.31,628.972
7538,14235,551274,414.24,628.972
7539,14235,558963,1088.5,628.972
7540,14235,558964,449.81,628.972
7541,14235,568192,342.0,628.972
7542,14236,536844,189.3,245.43
7543,14236,567370,301.56,245.43
7544,14237,536529,161.0,161.0
7545,14238,541357,146.85,146.85
7546,14239,542388,159.6,216.4409090909091
7547,14239,545157,205.38,216.4409090909091
7548,14239,545428,430.5,216.4409090909091
7549,14239,549183,144.95,216.4409090909091
7550,14239,553477,319.21,216.4409090909091
7551,14239,554138,35.4,216.4409090909091
7552,14239,561908,120.5,216.4409090909091
7553,14239,565121,149.7,216.4409090909091
7554,14239,565747,315.65,216.4409090909091
7555,14239,568945,338.5,216.4409090909091
7556,14239,573095,161.46,216.4409090909091
7557,14240,551387,226.85,445.17
7558,14240,575324,663.49,445.17
7559,14241,556186,213.70000000000002,213.70000000000002
7560,14242,541428,138.35,140.27499999999998
7561,14242,550560,142.2,140.27499999999998
7562,14243,537879,213.3,258.877
7563,14243,539411,258.7,258.877
7564,14243,542227,328.4,258.877
7565,14243,544885,339.4,258.877
7566,14243,549321,373.27,258.877
7567,14243,557040,263.09000000000003,258.877
7568,14243,560998,214.62,258.877
7569,14243,565584,315.17,258.877
7570,14243,573878,175.4,258.877
7571,14243,579962,107.42,258.877
7572,14245,547102,1005.1,846.725
7573,14245,551727,688.35,846.725
7574,14246,549302,449.64,491.3533333333333
7575,14246,561106,520.23,491.3533333333333
7576,14246,563906,504.19,491.3533333333333
7577,14247,545702,136.77,136.77
7578,14248,542124,302.58,302.58
7579,14250,566271,1228.83,634.6833333333333
7580,14250,580306,435.0,634.6833333333333
7581,14250,580308,240.22,634.6833333333333
7582,14251,571033,1259.46,575.9399999999999
7583,14251,578038,346.14,575.9399999999999
7584,14251,578530,301.14,575.9399999999999
7585,14251,579391,490.68,575.9399999999999
7586,14251,581214,482.28000000000003,575.9399999999999
7587,14256,538210,523.86,484.53
7588,14256,547665,445.2,484.53
7589,14257,542000,620.14,619.9440000000001
7590,14257,555938,410.45,619.9440000000001
7591,14257,558766,306.33,619.9440000000001
7592,14257,562716,1388.92,619.9440000000001
7593,14257,569914,373.88,619.9440000000001
7594,14258,540277,3120.22,1407.7755555555555
7595,14258,543852,1165.96,1407.7755555555555
7596,14258,547047,982.08,1407.7755555555555
7597,14258,549412,718.6,1407.7755555555555
7598,14258,549417,79.8,1407.7755555555555
7599,14258,554353,1541.16,1407.7755555555555
7600,14258,559554,1778.5,1407.7755555555555
7601,14258,566227,1912.06,1407.7755555555555
7602,14258,579784,1371.6,1407.7755555555555
7603,14259,560805,120.0,120.0
7604,14261,567742,943.75,581.725
7605,14261,571941,219.7,581.725
7606,14262,549944,240.0,327.27875
7607,14262,559014,305.5,327.27875
7608,14262,564352,309.5,327.27875
7609,14262,567142,524.3,327.27875
7610,14262,571300,214.45,327.27875
7611,14262,575589,514.16,327.27875
7612,14262,577841,205.62,327.27875
7613,14262,580077,304.7,327.27875
7614,14264,549432,115.7,166.985
7615,14264,559371,218.27,166.985
7616,14265,559929,252.05,265.09000000000003
7617,14265,564051,278.13,265.09000000000003
7618,14267,547644,418.18,505.41333333333336
7619,14267,547655,418.18,505.41333333333336
7620,14267,558484,679.88,505.41333333333336
7621,14270,540849,492.65,492.65
7622,14271,551395,112.32,112.32
7623,14272,548335,132.09,218.98000000000002
7624,14272,568392,305.87,218.98000000000002
7625,14273,549683,112.80000000000001,139.9925
7626,14273,552041,105.9,139.9925
7627,14273,561356,231.35,139.9925
7628,14273,571852,109.92,139.9925
7629,14276,544695,341.2,373.24666666666667
7630,14276,556460,379.2,373.24666666666667
7631,14276,565236,399.34000000000003,373.24666666666667
7632,14277,552826,1637.43,1405.3999999999999
7633,14277,577152,499.4,1405.3999999999999
7634,14277,578541,2079.37,1405.3999999999999
7635,14280,554865,134.04,134.04
7636,14282,537593,571.0,248.62266666666667
7637,14282,547000,323.3,248.62266666666667
7638,14282,551182,107.28,248.62266666666667
7639,14282,553576,664.0,248.62266666666667
7640,14282,554053,143.6,248.62266666666667
7641,14282,557006,214.2,248.62266666666667
7642,14282,558572,228.1,248.62266666666667
7643,14282,563346,141.72,248.62266666666667
7644,14282,563956,102.24,248.62266666666667
7645,14282,567333,301.3,248.62266666666667
7646,14282,575068,249.7,248.62266666666667
7647,14282,577043,174.9,248.62266666666667
7648,14282,577552,150.3,248.62266666666667
7649,14282,580033,270.40000000000003,248.62266666666667
7650,14282,580992,87.3,248.62266666666667
7651,14284,566724,252.1,297.625
7652,14284,575179,343.15,297.625
7653,14285,557018,5.9,477.50250000000005
7654,14285,568149,1247.53,477.50250000000005
7655,14285,574013,300.6,477.50250000000005
7656,14285,577335,355.98,477.50250000000005
7657,14286,549577,2050.08,1542.9166666666667
7658,14286,572558,642.77,1542.9166666666667
7659,14286,576650,1935.9,1542.9166666666667
7660,14287,554632,66.0,58.876666666666665
7661,14287,554633,17.28,58.876666666666665
7662,14287,580060,93.35,58.876666666666665
7663,14288,552642,426.6,426.6
7664,14289,544791,322.24,151.87666666666667
7665,14289,549852,147.3,151.87666666666667
7666,14289,554502,124.68,151.87666666666667
7667,14289,557010,129.3,151.87666666666667
7668,14289,561570,109.26,151.87666666666667
7669,14289,580022,78.48,151.87666666666667
7670,14290,538529,777.56,462.93
7671,14290,567326,293.54,462.93
7672,14290,569319,728.5,462.93
7673,14290,571238,250.52,462.93
7674,14290,579166,264.53000000000003,462.93
7675,14291,546133,984.88,353.02272727272725
7676,14291,553048,612.08,353.02272727272725
7677,14291,553049,16.5,353.02272727272725
7678,14291,557330,361.98,353.02272727272725
7679,14291,557331,32.28,353.02272727272725
7680,14291,557332,22.5,353.02272727272725
7681,14291,562968,325.32,353.02272727272725
7682,14291,569467,610.42,353.02272727272725
7683,14291,570880,359.6,353.02272727272725
7684,14291,581230,537.89,353.02272727272725
7685,14291,581231,19.8,353.02272727272725
7686,14292,545339,463.0,541.3255555555556
7687,14292,553899,662.21,541.3255555555556
7688,14292,560246,1353.1,541.3255555555556
7689,14292,560247,111.89999999999999,541.3255555555556
7690,14292,566396,553.74,541.3255555555556
7691,14292,573421,1297.26,541.3255555555556
7692,14292,573422,17.4,541.3255555555556
7693,14292,580176,388.36,541.3255555555556
7694,14292,580177,24.96,541.3255555555556
7695,14293,537241,364.91999999999996,261.64
7696,14293,543380,143.1,261.64
7697,14293,560222,231.39000000000001,261.64
7698,14293,580974,307.15,261.64
7699,14295,573404,166.2,166.2
7700,14297,546156,232.6,326.3325
7701,14297,570272,477.5,326.3325
7702,14297,571906,14.85,326.3325
7703,14297,577813,580.38,326.3325
7704,14298,538827,2594.7599999999998,1171.075
7705,14298,538828,231.84,1171.075
7706,14298,538830,146.46,1171.075
7707,14298,539586,962.24,1171.075
7708,14298,539587,754.16,1171.075
7709,14298,540464,1429.9,1171.075
7710,14298,542001,723.6,1171.075
7711,14298,542002,621.6,1171.075
7712,14298,542690,378.0,1171.075
7713,14298,544295,1097.58,1171.075
7714,14298,544296,55.44,1171.075
7715,14298,544297,46.2,1171.075
7716,14298,544298,790.86,1171.075
7717,14298,544909,1991.26,1171.075
7718,14298,546899,946.2,1171.075
7719,14298,546900,25.2,1171.075
7720,14298,546902,33.2,1171.075
7721,14298,548157,1518.0,1171.075
7722,14298,550630,1507.67,1171.075
7723,14298,550634,27.299999999999997,1171.075
7724,14298,550906,1368.1599999999999,1171.075
7725,14298,551291,1502.78,1171.075
7726,14298,551292,431.74,1171.075
7727,14298,551293,428.64000000000004,1171.075
7728,14298,551351,4390.56,1171.075
7729,14298,551747,2805.2799999999997,1171.075
7730,14298,555284,3056.72,1171.075
7731,14298,555285,362.7,1171.075
7732,14298,555286,51.0,1171.075
7733,14298,555287,214.94,1171.075
7734,14298,558197,666.68,1171.075
7735,14298,560828,1088.86,1171.075
7736,14298,560841,2569.55,1171.075
7737,14298,560843,99.0,1171.075
7738,14298,560844,74.88,1171.075
7739,14298,562710,598.88,1171.075
7740,14298,565150,5590.67,1171.075
7741,14298,567509,752.42,1171.075
7742,14298,567510,196.02,1171.075
7743,14298,567917,1364.61,1171.075
7744,14298,568675,741.9,1171.075
7745,14298,571653,5355.68,1171.075
7746,14298,575206,1296.56,1171.075
7747,14298,580055,637.6,1171.075
7748,14299,537895,429.24,440.6244444444444
7749,14299,540345,621.9,440.6244444444444
7750,14299,541114,175.2,440.6244444444444
7751,14299,542123,339.59999999999997,440.6244444444444
7752,14299,564301,871.2,440.6244444444444
7753,14299,567802,406.34999999999997,440.6244444444444
7754,14299,570824,307.06,440.6244444444444
7755,14299,577298,525.55,440.6244444444444
7756,14299,580114,289.52,440.6244444444444
7757,14300,577604,43.2,43.2
7758,14301,563227,640.14,640.14
7759,14304,551519,383.45,383.45
7760,14305,561502,1044.2,619.6533333333333
7761,14305,563597,4.25,619.6533333333333
7762,14305,568952,810.51,619.6533333333333
7763,14306,566788,1702.94,1046.66
7764,14306,571853,390.38,1046.66
7765,14307,536408,783.11,499.28666666666663
7766,14307,541588,487.45,499.28666666666663
7767,14307,551731,424.42,499.28666666666663
7768,14307,561534,612.91,499.28666666666663
7769,14307,566307,656.23,499.28666666666663
7770,14307,566309,31.6,499.28666666666663
7771,14309,539226,147.75,261.39222222222224
7772,14309,543045,207.22,261.39222222222224
7773,14309,544180,233.42000000000002,261.39222222222224
7774,14309,550526,347.49,261.39222222222224
7775,14309,556256,196.68,261.39222222222224
7776,14309,558040,177.46,261.39222222222224
7777,14309,565849,323.68,261.39222222222224
7778,14309,575742,328.96,261.39222222222224
7779,14309,580066,389.87,261.39222222222224
7780,14311,549592,310.26,310.26
7781,14312,540371,309.55,268.59833333333336
7782,14312,543003,126.82,268.59833333333336
7783,14312,546386,157.65,268.59833333333336
7784,14312,555582,260.57,268.59833333333336
7785,14312,566188,192.6,268.59833333333336
7786,14312,572323,564.4,268.59833333333336
7787,14314,564380,120.0,120.0
7788,14315,546990,530.4,413.5216666666667
7789,14315,555247,325.8,413.5216666666667
7790,14315,559477,305.75,413.5216666666667
7791,14315,561685,367.40000000000003,413.5216666666667
7792,14315,562098,20.8,413.5216666666667
7793,14315,572843,930.98,413.5216666666667
7794,14317,569736,508.58,508.58
7795,14320,540692,352.51,238.89499999999998
7796,14320,553410,125.28,238.89499999999998
7797,14321,540595,326.82,306.15
7798,14321,557009,300.11,306.15
7799,14321,563237,273.71999999999997,306.15
7800,14321,568381,329.94,306.15
7801,14321,579268,300.16,306.15
7802,14323,550251,299.82,302.53
7803,14323,563534,305.24,302.53
7804,14326,549719,183.85,183.85
7805,14327,558455,311.65,311.65
7806,14329,541215,1547.58,716.4057142857143
7807,14329,546378,578.02,716.4057142857143
7808,14329,558368,960.08,716.4057142857143
7809,14329,564145,399.35,716.4057142857143
7810,14329,572229,1161.36,716.4057142857143
7811,14329,578069,351.95,716.4057142857143
7812,14329,578070,16.5,716.4057142857143
7813,14331,561514,383.66,231.33
7814,14331,562578,79.0,231.33
7815,14332,560122,119.04,288.77000000000004
7816,14332,569513,466.3,288.77000000000004
7817,14332,576984,280.97,288.77000000000004
7818,14333,569252,415.2,415.2
7819,14334,539305,320.15,319.02625
7820,14334,541919,352.42,319.02625
7821,14334,546182,366.53,319.02625
7822,14334,550806,268.68,319.02625
7823,14334,553941,370.45,319.02625
7824,14334,562781,335.28,319.02625
7825,14334,565807,315.2,319.02625
7826,14334,578117,223.5,319.02625
7827,14335,565430,359.25,234.13
7828,14335,578273,109.01,234.13
7829,14336,546015,534.42,403.72749999999996
7830,14336,551859,230.03,403.72749999999996
7831,14336,554665,349.94,403.72749999999996
7832,14336,578187,500.52,403.72749999999996
7833,14338,554935,579.97,294.11
7834,14338,558721,8.25,294.11
7835,14339,549596,309.52,309.52
7836,14340,551890,134.7,134.7
7837,14341,542111,224.48,272.785
7838,14341,542113,111.15,272.785
7839,14341,552303,247.77,272.785
7840,14341,552305,119.75,272.785
7841,14341,561866,115.08,272.785
7842,14341,562014,321.29,272.785
7843,14341,572741,797.2,272.785
7844,14341,572742,245.56,272.785
7845,14342,553145,309.6,167.14
7846,14342,561196,110.14,167.14
7847,14342,575165,91.03999999999999,167.14
7848,14342,577313,157.78,167.14
7849,14344,537332,322.8,111.24125000000001
7850,14344,537471,17.85,111.24125000000001
7851,14344,539310,15.0,111.24125000000001
7852,14344,546113,146.18,111.24125000000001
7853,14344,547923,82.55000000000001,111.24125000000001
7854,14344,553412,61.5,111.24125000000001
7855,14344,561132,126.75,111.24125000000001
7856,14344,562365,117.3,111.24125000000001
7857,14345,573758,108.98,108.98
7858,14346,544065,262.44,510.78999999999996
7859,14346,562949,759.14,510.78999999999996
7860,14348,547697,409.57,409.57
7861,14349,579497,133.5,133.5
7862,14350,546250,282.93,282.93
7863,14351,558325,51.0,51.0
7864,14352,546399,231.29999999999998,269.74
7865,14352,550517,614.02,269.74
7866,14352,559045,178.74,269.74
7867,14352,559046,54.9,269.74
7868,14353,552314,90.6,90.6
7869,14354,575391,87.78,81.81
7870,14354,580398,75.84,81.81
7871,14355,538007,174.4,174.4
7872,14356,567328,345.03,350.615
7873,14356,567528,356.2,350.615
7874,14357,573122,225.77,225.77
7875,14359,566477,483.39,304.06
7876,14359,573160,302.09,304.06
7877,14359,577518,126.7,304.06
7878,14360,565726,1134.69,532.0575
7879,14360,569326,624.91,532.0575
7880,14360,569328,157.68,532.0575
7881,14360,574949,210.95,532.0575
7882,14362,577076,161.2,161.2
7883,14364,552962,719.15,464.66875
7884,14364,554164,398.05,464.66875
7885,14364,555526,645.3,464.66875
7886,14364,555527,399.35,464.66875
7887,14364,557785,330.55,464.66875
7888,14364,558336,315.6,464.66875
7889,14364,561531,558.25,464.66875
7890,14364,564133,351.1,464.66875
7891,14367,545996,983.16,578.845
7892,14367,548178,504.60999999999996,578.845
7893,14367,549988,431.65,578.845
7894,14367,552839,785.79,578.845
7895,14367,552848,61.949999999999996,578.845
7896,14367,552850,61.949999999999996,578.845
7897,14367,556042,1037.37,578.845
7898,14367,556050,279.04,578.845
7899,14367,559684,373.40000000000003,578.845
7900,14367,561085,929.53,578.845
7901,14367,566912,990.15,578.845
7902,14367,568156,511.34000000000003,578.845
7903,14367,571737,764.74,578.845
7904,14367,575169,598.46,578.845
7905,14367,577235,314.85,578.845
7906,14367,580058,633.53,578.845
7907,14368,541873,155.0,155.0
7908,14371,544328,100.5,100.5
7909,14373,539280,76.55,76.55
7910,14375,555853,257.68,257.68
7911,14377,547371,314.59999999999997,308.525
7912,14377,555241,302.45,308.525
7913,14379,544319,110.98,174.05
7914,14379,572918,237.12,174.05
7915,14381,571717,202.68,202.68
7916,14382,576076,626.0699999999999,626.0699999999999
7917,14383,558389,242.09,415.8966666666667
7918,14383,569834,675.72,415.8966666666667
7919,14383,573914,329.88,415.8966666666667
7920,14385,576671,55.16,67.37
7921,14385,578284,71.60000000000001,67.37
7922,14385,579789,75.35,67.37
7923,14386,544096,142.4,142.4
7924,14387,564056,440.76,590.1866666666666
7925,14387,568314,488.98,590.1866666666666
7926,14387,574864,840.82,590.1866666666666
7927,14388,536632,312.8,401.605
7928,14388,545461,401.45,401.605
7929,14388,554059,458.94,401.605
7930,14388,559369,326.77,401.605
7931,14388,562888,335.15000000000003,401.605
7932,14388,566191,442.66,401.605
7933,14388,574484,463.09,401.605
7934,14388,579440,471.98,401.605
7935,14389,555347,311.14,521.73
7936,14389,569692,732.32,521.73
7937,14390,536643,223.7,516.98
7938,14390,550130,503.33000000000004,516.98
7939,14390,553011,309.05,516.98
7940,14390,560394,556.58,516.98
7941,14390,571214,879.8,516.98
7942,14390,574023,564.41,516.98
7943,14390,577303,974.81,516.98
7944,14390,579447,636.46,516.98
7945,14390,579448,4.68,516.98
7946,14393,552032,67.95,67.95
7947,14395,536837,308.68,389.74555555555554
7948,14395,540543,380.68,389.74555555555554
7949,14395,546465,360.24,389.74555555555554
7950,14395,549289,188.13,389.74555555555554
7951,14395,551527,388.21,389.74555555555554
7952,14395,556882,340.28,389.74555555555554
7953,14395,567818,671.96,389.74555555555554
7954,14395,570491,310.54,389.74555555555554
7955,14395,581164,558.99,389.74555555555554
7956,14396,536993,110.35000000000001,243.995
7957,14396,569702,377.64,243.995
7958,14397,552575,165.44,137.52421052631578
7959,14397,554664,76.8,137.52421052631578
7960,14397,556496,45.0,137.52421052631578
7961,14397,557526,91.8,137.52421052631578
7962,14397,559883,56.18,137.52421052631578
7963,14397,560302,47.7,137.52421052631578
7964,14397,561067,99.96000000000001,137.52421052631578
7965,14397,562442,98.16,137.52421052631578
7966,14397,563982,174.96,137.52421052631578
7967,14397,565792,180.12,137.52421052631578
7968,14397,567531,53.120000000000005,137.52421052631578
7969,14397,570511,186.8,137.52421052631578
7970,14397,571225,179.86,137.52421052631578
7971,14397,573294,134.28,137.52421052631578
7972,14397,575684,300.38,137.52421052631578
7973,14397,577060,131.8,137.52421052631578
7974,14397,579128,161.39999999999998,137.52421052631578
7975,14397,580394,207.76,137.52421052631578
7976,14397,581011,221.44,137.52421052631578
7977,14400,559922,574.7,574.7
7978,14401,538895,247.38,311.6523076923077
7979,14401,542587,304.74,311.6523076923077
7980,14401,556440,428.44,311.6523076923077
7981,14401,557881,302.15999999999997,311.6523076923077
7982,14401,558619,316.7,311.6523076923077
7983,14401,560697,227.92,311.6523076923077
7984,14401,562156,310.02,311.6523076923077
7985,14401,563834,326.44,311.6523076923077
7986,14401,564350,302.5,311.6523076923077
7987,14401,565513,313.08,311.6523076923077
7988,14401,567513,305.5,311.6523076923077
7989,14401,573886,312.82,311.6523076923077
7990,14401,580650,353.78,311.6523076923077
7991,14403,549127,790.7,368.9525
7992,14403,552238,185.31,368.9525
7993,14403,560858,295.8,368.9525
7994,14403,561936,204.0,368.9525
7995,14404,537222,133.48,245.72
7996,14404,541259,282.6,245.72
7997,14404,547719,307.5,245.72
7998,14404,557870,314.7,245.72
7999,14404,564136,309.24,245.72
8000,14404,574674,126.8,245.72
8001,14406,563196,156.75,156.75
8002,14407,545928,357.18,359.62166666666667
8003,14407,553670,645.5,359.62166666666667
8004,14407,560864,475.36,359.62166666666667
8005,14407,561688,310.07,359.62166666666667
8006,14407,563383,15.0,359.62166666666667
8007,14407,564332,354.62,359.62166666666667
8008,14408,547078,350.8,372.3614285714286
8009,14408,550218,354.84,372.3614285714286
8010,14408,555416,376.15000000000003,372.3614285714286
8011,14408,557620,133.53,372.3614285714286
8012,14408,561915,781.19,372.3614285714286
8013,14408,565723,301.79999999999995,372.3614285714286
8014,14408,579332,308.22,372.3614285714286
8015,14409,537410,151.2,343.2416666666666
8016,14409,537412,177.6,343.2416666666666
8017,14409,542005,337.3,343.2416666666666
8018,14409,559865,1086.83,343.2416666666666
8019,14409,562769,190.8,343.2416666666666
8020,14409,569004,115.72,343.2416666666666
8021,14410,543284,137.65,122.78555555555555
8022,14410,547906,215.07,122.78555555555555
8023,14410,548512,136.6,122.78555555555555
8024,14410,548871,91.48,122.78555555555555
8025,14410,553496,122.2,122.78555555555555
8026,14410,553497,75.8,122.78555555555555
8027,14410,560878,201.18,122.78555555555555
8028,14410,566053,120.98,122.78555555555555
8029,14410,566056,4.11,122.78555555555555
8030,14411,542933,1063.0,1063.0
8031,14412,568568,462.45,385.015
8032,14412,573178,307.58,385.015
8033,14413,538509,122.7,122.7
8034,14414,539111,217.2,213.8542857142857
8035,14414,561324,295.64,213.8542857142857
8036,14414,561887,309.14,213.8542857142857
8037,14414,563507,125.03999999999999,213.8542857142857
8038,14414,564043,190.06,213.8542857142857
8039,14414,565149,174.06,213.8542857142857
8040,14414,566169,185.84,213.8542857142857
8041,14415,538849,875.18,453.8676923076924
8042,14415,541504,235.6,453.8676923076924
8043,14415,543474,504.23,453.8676923076924
8044,14415,550637,397.14,453.8676923076924
8045,14415,554672,387.1,453.8676923076924
8046,14415,556441,360.07,453.8676923076924
8047,14415,558746,215.75,453.8676923076924
8048,14415,562621,364.26,453.8676923076924
8049,14415,565388,462.35,453.8676923076924
8050,14415,570245,281.11,453.8676923076924
8051,14415,573264,610.36,453.8676923076924
8052,14415,577579,111.18,453.8676923076924
8053,14415,581412,1095.95,453.8676923076924
8054,14416,573292,361.0,245.11
8055,14416,577079,129.22,245.11
8056,14418,564198,150.44,645.75
8057,14418,576252,889.46,645.75
8058,14418,580831,897.35,645.75
8059,14419,538197,124.1,176.34333333333333
8060,14419,548614,183.46,176.34333333333333
8061,14419,568428,233.65,176.34333333333333
8062,14419,570284,126.39,176.34333333333333
8063,14419,573808,173.71,176.34333333333333
8064,14419,579293,216.75,176.34333333333333
8065,14420,565219,387.52,387.52
8066,14421,552893,455.18,406.555
8067,14421,571044,357.93,406.555
8068,14422,546882,401.31,710.6066666666667
8069,14422,557776,630.84,710.6066666666667
8070,14422,569046,1285.98,710.6066666666667
8071,14422,571502,1232.95,710.6066666666667
8072,14422,578053,330.55,710.6066666666667
8073,14422,581516,382.01,710.6066666666667
8074,14423,551989,265.2,265.2
8075,14424,577897,322.08,322.08
8076,14426,542627,568.8199999999999,448.16700000000003
8077,14426,542628,132.35,448.16700000000003
8078,14426,546005,794.41,448.16700000000003
8079,14426,556777,714.35,448.16700000000003
8080,14426,560974,508.25,448.16700000000003
8081,14426,560975,167.4,448.16700000000003
8082,14426,573871,600.22,448.16700000000003
8083,14426,574899,324.7,448.16700000000003
8084,14426,576627,361.8,448.16700000000003
8085,14426,576694,309.37,448.16700000000003
8086,14427,570001,321.74,181.67000000000002
8087,14427,572085,41.6,181.67000000000002
8088,14428,541510,203.55,248.96599999999998
8089,14428,550003,127.07,248.96599999999998
8090,14428,567658,203.5,248.96599999999998
8091,14428,574304,508.85,248.96599999999998
8092,14428,580282,201.85999999999999,248.96599999999998
8093,14431,543565,470.36,470.36
8094,14432,566279,254.75,375.91833333333335
8095,14432,569236,306.73,375.91833333333335
8096,14432,572309,718.78,375.91833333333335
8097,14432,573877,109.8,375.91833333333335
8098,14432,576078,581.07,375.91833333333335
8099,14432,579522,284.38,375.91833333333335
8100,14434,568705,310.79999999999995,228.79999999999995
8101,14434,569656,99.6,228.79999999999995
8102,14434,570461,141.6,228.79999999999995
8103,14434,571744,169.2,228.79999999999995
8104,14434,574021,310.79999999999995,228.79999999999995
8105,14434,577134,340.79999999999995,228.79999999999995
8106,14436,565242,89.06,89.06
8107,14437,537883,63.0,63.0
8108,14438,543280,131.9,131.9
8109,14439,541932,2661.2400000000002,2661.2400000000002
8110,14440,538014,656.7,471.53600000000006
8111,14440,542277,529.01,471.53600000000006
8112,14440,568663,373.02,471.53600000000006
8113,14440,573295,181.7,471.53600000000006
8114,14440,580108,617.25,471.53600000000006
8115,14441,548033,356.84,428.22249999999997
8116,14441,565673,340.56,428.22249999999997
8117,14441,573085,709.79,428.22249999999997
8118,14441,581480,305.7,428.22249999999997
8119,14442,542269,675.58,794.9100000000001
8120,14442,553831,914.24,794.9100000000001
8121,14443,537255,303.5,355.05
8122,14443,543028,304.9,355.05
8123,14443,561033,383.12,355.05
8124,14443,571307,428.68,355.05
8125,14446,549250,303.03999999999996,259.895
8126,14446,567462,382.18,259.895
8127,14446,575843,157.27,259.895
8128,14446,581538,197.09,259.895
8129,14447,545596,265.0,232.64600000000002
8130,14447,554948,336.03,232.64600000000002
8131,14447,572033,247.94,232.64600000000002
8132,14447,572034,23.5,232.64600000000002
8133,14447,577600,290.76,232.64600000000002
8134,14448,538364,102.35000000000001,187.675
8135,14448,579687,273.0,187.675
8136,14449,536754,210.24,226.775
8137,14449,549251,191.06,226.775
8138,14449,569843,313.4,226.775
8139,14449,577700,192.4,226.775
8140,14450,541841,161.03,161.08333333333334
8141,14450,549557,108.42,161.08333333333334
8142,14450,556462,213.8,161.08333333333334
8143,14451,554986,360.0,331.29499999999996
8144,14451,570423,302.59,331.29499999999996
8145,14452,565835,127.37,132.22
8146,14452,579387,137.07,132.22
8147,14453,555363,119.93,119.93
8148,14456,560712,116.13,340.26666666666665
8149,14456,560714,26.25,340.26666666666665
8150,14456,561894,494.27,340.26666666666665
8151,14456,566290,818.93,340.26666666666665
8152,14456,568517,383.66,340.26666666666665
8153,14456,573361,240.54999999999998,340.26666666666665
8154,14456,575583,263.11,340.26666666666665
8155,14456,577106,336.54,340.26666666666665
8156,14456,580513,382.96,340.26666666666665
8157,14457,542925,113.64,113.64
8158,14459,559311,1837.92,1837.92
8159,14460,542992,30.0,144.78
8160,14460,557612,246.54,144.78
8161,14460,563923,157.79999999999998,144.78
8162,14461,547497,776.23,701.02
8163,14461,556784,969.99,701.02
8164,14461,560093,356.84,701.02
8165,14462,540020,109.30000000000001,182.18363636363637
8166,14462,543235,331.42,182.18363636363637
8167,14462,543240,15.8,182.18363636363637
8168,14462,546866,232.39,182.18363636363637
8169,14462,546872,16.0,182.18363636363637
8170,14462,552703,251.29,182.18363636363637
8171,14462,555745,184.52,182.18363636363637
8172,14462,560256,140.76,182.18363636363637
8173,14462,562951,252.62,182.18363636363637
8174,14462,567156,168.05,182.18363636363637
8175,14462,569538,301.87,182.18363636363637
8176,14463,553701,115.91999999999999,176.54
8177,14463,557681,193.5,176.54
8178,14463,565380,220.2,176.54
8179,14465,543593,597.3,352.8733333333333
8180,14465,549257,191.49,352.8733333333333
8181,14465,549262,269.83,352.8733333333333
8182,14466,536744,379.75,324.62857142857143
8183,14466,543177,323.5,324.62857142857143
8184,14466,545630,332.4,324.62857142857143
8185,14466,555575,310.05,324.62857142857143
8186,14466,563364,234.75,324.62857142857143
8187,14466,568515,205.2,324.62857142857143
8188,14466,575642,486.75,324.62857142857143
8189,14467,542692,131.7,149.69
8190,14467,572490,180.27,149.69
8191,14467,576520,172.65,149.69
8192,14467,578009,114.14,149.69
8193,14470,544998,297.64,230.595
8194,14470,579067,163.55,230.595
8195,14472,539470,279.88,242.10500000000002
8196,14472,540511,334.26,242.10500000000002
8197,14472,545054,402.47,242.10500000000002
8198,14472,547850,311.57,242.10500000000002
8199,14472,555539,201.45000000000002,242.10500000000002
8200,14472,559537,115.44999999999999,242.10500000000002
8201,14472,561876,149.02,242.10500000000002
8202,14472,564715,142.74,242.10500000000002
8203,14473,545418,85.0,117.17
8204,14473,568342,149.34,117.17
8205,14474,572465,547.66,547.66
8206,14475,543391,306.55,308.6166666666667
8207,14475,555640,315.62,308.6166666666667
8208,14475,568801,303.68,308.6166666666667
8209,14476,547874,215.7,215.7
8210,14477,544079,165.0,327.4
8211,14477,556055,358.0,327.4
8212,14477,572048,441.2,327.4
8213,14477,577440,345.4,327.4
8214,14479,538032,174.4,158.125
8215,14479,548401,141.85,158.125
8216,14480,579250,279.05,279.05
8217,14481,545018,302.86,318.255
8218,14481,558295,333.65,318.255
8219,14482,550169,238.1,344.69166666666666
8220,14482,565202,227.85,344.69166666666666
8221,14482,572743,613.98,344.69166666666666
8222,14482,574664,349.7,344.69166666666666
8223,14482,575368,249.72,344.69166666666666
8224,14482,577735,388.8,344.69166666666666
8225,14483,545470,137.1,137.1
8226,14484,572079,321.92,321.92
8227,14485,573870,165.75,165.75
8228,14487,537385,125.1,199.38833333333335
8229,14487,566272,430.22,199.38833333333335
8230,14487,567164,279.85,199.38833333333335
8231,14487,567169,12.29,199.38833333333335
8232,14487,573348,196.68,199.38833333333335
8233,14487,575956,152.19,199.38833333333335
8234,14488,569241,1064.28,1064.28
8235,14489,553374,463.38,463.38
8236,14491,536672,127.2,170.465
8237,14491,557248,213.73,170.465
8238,14493,559342,611.22,476.64799999999997
8239,14493,572335,399.5,476.64799999999997
8240,14493,575334,475.62,476.64799999999997
8241,14493,578120,381.2,476.64799999999997
8242,14493,580360,515.7,476.64799999999997
8243,14494,576097,139.56,139.56
8244,14495,562920,40.6,61.900000000000006
8245,14495,572053,83.2,61.900000000000006
8246,14496,536570,304.34000000000003,269.40500000000003
8247,14496,542778,234.47,269.40500000000003
8248,14497,543161,475.37,475.37
8249,14498,538576,166.22,391.464
8250,14498,555701,147.01999999999998,391.464
8251,14498,559893,608.46,391.464
8252,14498,563350,360.09,391.464
8253,14498,573248,675.53,391.464
8254,14499,545685,126.02,271.7733333333333
8255,14499,561712,244.94,271.7733333333333
8256,14499,575972,444.36,271.7733333333333
8257,14500,555415,284.85,118.95
8258,14500,563891,51.0,118.95
8259,14500,566455,21.0,118.95
8260,14501,541881,66.93,125.605
8261,14501,556191,184.28,125.605
8262,14502,542618,155.21,224.60636363636365
8263,14502,544467,298.38,224.60636363636365
8264,14502,546423,220.47,224.60636363636365
8265,14502,550515,217.07,224.60636363636365
8266,14502,550516,89.55,224.60636363636365
8267,14502,550610,89.55,224.60636363636365
8268,14502,559902,105.78,224.60636363636365
8269,14502,569229,467.95,224.60636363636365
8270,14502,574716,89.27,224.60636363636365
8271,14502,574722,386.31,224.60636363636365
8272,14502,577483,351.13,224.60636363636365
8273,14503,556685,597.07,590.5433333333334
8274,14503,569140,687.38,590.5433333333334
8275,14503,577472,1051.84,590.5433333333334
8276,14503,579403,436.1,590.5433333333334
8277,14503,580309,433.12,590.5433333333334
8278,14503,580911,337.75,590.5433333333334
8279,14504,545697,147.23,168.315
8280,14504,547800,134.56,168.315
8281,14504,549573,260.92,168.315
8282,14504,572315,130.55,168.315
8283,14505,538518,1050.35,738.205
8284,14505,540364,317.06,738.205
8285,14505,546774,581.89,738.205
8286,14505,552624,647.76,738.205
8287,14505,553859,595.7,738.205
8288,14505,564061,1062.88,738.205
8289,14505,573904,954.81,738.205
8290,14505,578068,695.19,738.205
8291,14506,537202,269.7,402.434
8292,14506,545302,297.16,402.434
8293,14506,558634,264.8,402.434
8294,14506,569524,683.59,402.434
8295,14506,578016,496.92,402.434
8296,14507,546017,339.36,230.53
8297,14507,546019,39.49,230.53
8298,14507,552298,236.46,230.53
8299,14507,564846,309.38,230.53
8300,14507,573368,220.89000000000001,230.53
8301,14507,576691,237.6,230.53
8302,14508,566240,137.56,138.21
8303,14508,577128,138.86,138.21
8304,14511,561732,138.16,262.962
8305,14511,566038,191.73000000000002,262.962
8306,14511,569560,318.44,262.962
8307,14511,574719,365.16,262.962
8308,14511,579254,301.32,262.962
8309,14512,550992,126.32,137.64
8310,14512,555538,148.96,137.64
8311,14513,544826,18.75,151.86333333333334
8312,14513,553484,298.6,151.86333333333334
8313,14513,564898,138.24,151.86333333333334
8314,14514,540980,255.25,351.7833333333333
8315,14514,554116,147.86,351.7833333333333
8316,14514,570244,652.24,351.7833333333333
8317,14515,551954,425.4,350.34833333333336
8318,14515,555234,340.25,350.34833333333336
8319,14515,569472,583.42,350.34833333333336
8320,14515,576948,533.69,350.34833333333336
8321,14515,576958,13.05,350.34833333333336
8322,14515,577880,206.28,350.34833333333336
8323,14517,560827,252.45,165.225
8324,14517,574711,78.0,165.225
8325,14518,569862,174.37,174.37
8326,14520,544606,165.0,135.3
8327,14520,581222,105.6,135.3
8328,14522,554674,278.63,243.635
8329,14522,566062,482.07,243.635
8330,14522,568789,70.8,243.635
8331,14522,576562,143.04,243.635
8332,14523,564161,241.09,241.09
8333,14524,538714,275.45,207.52
8334,14524,545523,210.05,207.52
8335,14524,550319,133.61,207.52
8336,14524,550322,158.47,207.52
8337,14524,556780,275.14,207.52
8338,14524,568874,191.10999999999999,207.52
8339,14524,568878,411.55,207.52
8340,14524,568880,100.4,207.52
8341,14524,575061,111.9,207.52
8342,14525,538683,462.3,481.35555555555555
8343,14525,541288,264.65,481.35555555555555
8344,14525,548544,353.45,481.35555555555555
8345,14525,550452,169.47,481.35555555555555
8346,14525,555835,783.07,481.35555555555555
8347,14525,563094,668.56,481.35555555555555
8348,14525,564961,224.64,481.35555555555555
8349,14525,573116,409.44,481.35555555555555
8350,14525,577480,996.62,481.35555555555555
8351,14527,537159,292.95,154.7058181818182
8352,14527,538012,224.38,154.7058181818182
8353,14527,539002,269.31,154.7058181818182
8354,14527,539588,138.85,154.7058181818182
8355,14527,540169,229.75,154.7058181818182
8356,14527,540640,167.6,154.7058181818182
8357,14527,541565,172.15,154.7058181818182
8358,14527,542065,90.9,154.7058181818182
8359,14527,542673,101.8,154.7058181818182
8360,14527,543454,140.55,154.7058181818182
8361,14527,544042,91.2,154.7058181818182
8362,14527,544043,12.75,154.7058181818182
8363,14527,544892,77.95,154.7058181818182
8364,14527,545155,122.0,154.7058181818182
8365,14527,546104,98.7,154.7058181818182
8366,14527,546634,78.04,154.7058181818182
8367,14527,547654,73.77,154.7058181818182
8368,14527,548461,142.51,154.7058181818182
8369,14527,549287,40.41,154.7058181818182
8370,14527,550292,58.85,154.7058181818182
8371,14527,550764,103.15,154.7058181818182
8372,14527,551262,117.66,154.7058181818182
8373,14527,552410,118.49,154.7058181818182
8374,14527,553142,90.84,154.7058181818182
8375,14527,553663,159.65,154.7058181818182
8376,14527,554424,138.87,154.7058181818182
8377,14527,556023,209.28,154.7058181818182
8378,14527,556903,144.26,154.7058181818182
8379,14527,557748,86.65,154.7058181818182
8380,14527,558458,125.95,154.7058181818182
8381,14527,559302,117.8,154.7058181818182
8382,14527,559991,139.95,154.7058181818182
8383,14527,560839,121.54,154.7058181818182
8384,14527,561463,260.56,154.7058181818182
8385,14527,561630,23.5,154.7058181818182
8386,14527,562201,166.72,154.7058181818182
8387,14527,562840,150.74,154.7058181818182
8388,14527,563255,106.34,154.7058181818182
8389,14527,564304,130.03,154.7058181818182
8390,14527,565312,145.02,154.7058181818182
8391,14527,566329,207.57,154.7058181818182
8392,14527,567622,186.26,154.7058181818182
8393,14527,568875,160.7,154.7058181818182
8394,14527,569828,167.46,154.7058181818182
8395,14527,571041,131.48,154.7058181818182
8396,14527,572045,181.95,154.7058181818182
8397,14527,572660,232.71,154.7058181818182
8398,14527,573572,272.67,154.7058181818182
8399,14527,574871,148.82,154.7058181818182
8400,14527,575855,198.29,154.7058181818182
8401,14527,576704,167.60999999999999,154.7058181818182
8402,14527,578231,286.8,154.7058181818182
8403,14527,578923,253.13,154.7058181818182
8404,14527,580043,270.61,154.7058181818182
8405,14527,581114,361.34,154.7058181818182
8406,14528,574084,364.21999999999997,364.21999999999997
8407,14529,563922,135.24,206.67999999999998
8408,14529,568066,223.18,206.67999999999998
8409,14529,570455,261.62,206.67999999999998
8410,14530,544106,698.26,487.65166666666664
8411,14530,547273,448.65,487.65166666666664
8412,14530,555865,413.93,487.65166666666664
8413,14530,562173,460.43,487.65166666666664
8414,14530,565850,524.85,487.65166666666664
8415,14530,576121,379.79,487.65166666666664
8416,14532,539837,222.6,233.21249999999998
8417,14532,542596,182.8,233.21249999999998
8418,14532,545037,386.9,233.21249999999998
8419,14532,550326,140.55,233.21249999999998
8420,14533,539764,433.5,278.5314285714286
8421,14533,563821,301.48,278.5314285714286
8422,14533,566293,408.38,278.5314285714286
8423,14533,569214,326.8,278.5314285714286
8424,14533,569864,303.5,278.5314285714286
8425,14533,570489,23.4,278.5314285714286
8426,14533,576510,152.66,278.5314285714286
8427,14534,542085,355.12,247.05833333333334
8428,14534,543292,295.45,247.05833333333334
8429,14534,544059,120.16,247.05833333333334
8430,14534,546079,188.25,247.05833333333334
8431,14534,546636,137.9,247.05833333333334
8432,14534,549148,187.7,247.05833333333334
8433,14534,552658,221.15,247.05833333333334
8434,14534,554392,211.5,247.05833333333334
8435,14534,555633,144.97,247.05833333333334
8436,14534,557892,421.39,247.05833333333334
8437,14534,559513,243.22,247.05833333333334
8438,14534,561512,223.39,247.05833333333334
8439,14534,563137,153.85,247.05833333333334
8440,14534,565565,131.64,247.05833333333334
8441,14534,569651,745.37,247.05833333333334
8442,14534,576658,296.76,247.05833333333334
8443,14534,577859,238.41,247.05833333333334
8444,14534,581113,130.82,247.05833333333334
8445,14535,548987,853.97,954.73
8446,14535,562377,799.9399999999999,954.73
8447,14535,570458,1210.28,954.73
8448,14536,547795,171.8,171.8
8449,14537,570906,355.56,355.56
8450,14538,547942,106.5,194.125
8451,14538,569734,281.75,194.125
8452,14539,572838,72.13,268.74
8453,14539,578349,465.35,268.74
8454,14540,543129,195.9,332.08666666666664
8455,14540,568163,485.63,332.08666666666664
8456,14540,579544,314.73,332.08666666666664
8457,14541,541974,163.04,182.70624999999998
8458,14541,542401,316.21,182.70624999999998
8459,14541,544944,292.4,182.70624999999998
8460,14541,545029,69.0,182.70624999999998
8461,14541,549665,134.8,182.70624999999998
8462,14541,552529,38.3,182.70624999999998
8463,14541,557974,301.9,182.70624999999998
8464,14541,570707,146.0,182.70624999999998
8465,14542,555732,103.25,103.25
8466,14543,538216,254.4,226.895625
8467,14543,542025,303.8,226.895625
8468,14543,544178,388.05,226.895625
8469,14543,546749,328.6,226.895625
8470,14543,546750,15.0,226.895625
8471,14543,548509,296.2,226.895625
8472,14543,548568,283.21,226.895625
8473,14543,552451,352.53999999999996,226.895625
8474,14543,555389,233.75,226.895625
8475,14543,556417,19.8,226.895625
8476,14543,557617,327.45,226.895625
8477,14543,562441,161.4,226.895625
8478,14543,564149,300.9,226.895625
8479,14543,568398,36.65,226.895625
8480,14543,575322,312.78,226.895625
8481,14543,575869,15.8,226.895625
8482,14544,538625,1121.92,1012.225
8483,14544,576599,902.53,1012.225
8484,14546,548984,561.29,515.618
8485,14546,554079,313.59,515.618
8486,14546,568060,727.22,515.618
8487,14546,573338,476.0,515.618
8488,14546,580501,499.99,515.618
8489,14547,571286,490.2,500.9425
8490,14547,574720,478.1,500.9425
8491,14547,575959,1117.08,500.9425
8492,14547,577539,507.68,500.9425
8493,14547,578121,400.4,500.9425
8494,14547,578947,534.58,500.9425
8495,14547,580643,326.05,500.9425
8496,14547,580777,153.45,500.9425
8497,14548,542141,326.4,326.4
8498,14548,559790,326.4,326.4
8499,14549,542895,289.24,289.24
8500,14550,572846,340.78999999999996,382.80999999999995
8501,14550,579401,424.83,382.80999999999995
8502,14551,553907,125.43,93.11500000000001
8503,14551,577739,60.8,93.11500000000001
8504,14552,559653,165.07,165.07
8505,14553,540095,201.94,171.85399999999998
8506,14553,551944,110.38,171.85399999999998
8507,14553,574693,211.07,171.85399999999998
8508,14553,574705,194.4,171.85399999999998
8509,14553,577520,141.48,171.85399999999998
8510,14554,571667,351.83,595.26
8511,14554,576779,1219.25,595.26
8512,14554,578091,82.91,595.26
8513,14554,579510,727.0500000000001,595.26
8514,14555,543641,197.94,162.07
8515,14555,571108,126.2,162.07
8516,14557,566938,788.38,788.38
8517,14560,539326,408.16999999999996,101.71681818181818
8518,14560,542351,152.25,101.71681818181818
8519,14560,543183,46.7,101.71681818181818
8520,14560,543601,62.6,101.71681818181818
8521,14560,545326,34.75,101.71681818181818
8522,14560,545989,301.4,101.71681818181818
8523,14560,547039,96.6,101.71681818181818
8524,14560,547671,62.379999999999995,101.71681818181818
8525,14560,554965,67.15,101.71681818181818
8526,14560,558624,17.0,101.71681818181818
8527,14560,561592,73.8,101.71681818181818
8528,14560,564040,57.199999999999996,101.71681818181818
8529,14560,564041,34.0,101.71681818181818
8530,14560,565387,50.4,101.71681818181818
8531,14560,565680,100.8,101.71681818181818
8532,14560,570101,264.62,101.71681818181818
8533,14560,572998,53.64,101.71681818181818
8534,14560,572999,95.22999999999999,101.71681818181818
8535,14560,575072,60.599999999999994,101.71681818181818
8536,14560,575711,65.28,101.71681818181818
8537,14560,578113,92.39999999999999,101.71681818181818
8538,14560,580315,40.8,101.71681818181818
8539,14561,556054,222.07,360.25333333333333
8540,14561,558563,344.92,360.25333333333333
8541,14561,568164,513.77,360.25333333333333
8542,14562,543468,262.85,281.9316666666666
8543,14562,544808,171.85,281.9316666666666
8544,14562,550994,481.40000000000003,281.9316666666666
8545,14562,556279,215.39,281.9316666666666
8546,14562,559981,603.54,281.9316666666666
8547,14562,562449,250.32,281.9316666666666
8548,14562,566073,354.53,281.9316666666666
8549,14562,566729,177.44,281.9316666666666
8550,14562,567160,154.95,281.9316666666666
8551,14562,567944,357.45,281.9316666666666
8552,14562,571284,405.02,281.9316666666666
8553,14562,572195,211.78,281.9316666666666
8554,14562,573898,195.48000000000002,281.9316666666666
8555,14562,575517,372.42,281.9316666666666
8556,14562,576605,215.83999999999997,281.9316666666666
8557,14562,579175,321.19,281.9316666666666
8558,14562,580765,61.2,281.9316666666666
8559,14562,580776,262.12,281.9316666666666
8560,14565,538630,1167.41,774.78
8561,14565,553679,710.14,774.78
8562,14565,563714,682.77,774.78
8563,14565,565457,538.8,774.78
8564,14566,563900,1432.0,1432.0
8565,14567,562002,800.76,765.1800000000001
8566,14567,571142,729.6,765.1800000000001
8567,14569,581416,227.39,227.39
8568,14570,545595,167.91,109.03
8569,14570,545597,50.15,109.03
8570,14572,541604,335.63,404.6914285714286
8571,14572,546778,625.85,404.6914285714286
8572,14572,548372,116.45,404.6914285714286
8573,14572,560224,400.76,404.6914285714286
8574,14572,563917,610.75,404.6914285714286
8575,14572,573380,608.35,404.6914285714286
8576,14572,580961,135.05,404.6914285714286
8577,14573,536846,413.1,183.71333333333334
8578,14573,545036,169.15,183.71333333333334
8579,14573,545477,134.5,183.71333333333334
8580,14573,547877,165.82999999999998,183.71333333333334
8581,14573,552803,311.11,183.71333333333334
8582,14573,554163,183.26,183.71333333333334
8583,14573,554207,1.95,183.71333333333334
8584,14573,556329,157.76,183.71333333333334
8585,14573,556521,116.75999999999999,183.71333333333334
8586,14576,536834,35.4,35.4
8587,14577,538378,346.90000000000003,214.9275
8588,14577,550838,121.11,214.9275
8589,14577,558420,178.63,214.9275
8590,14577,578934,213.07,214.9275
8591,14578,580996,168.63,168.63
8592,14581,578247,138.6,138.6
8593,14582,573342,114.10999999999999,114.10999999999999
8594,14583,553657,174.51,210.51
8595,14583,555841,139.82,210.51
8596,14583,558194,162.82,210.51
8597,14583,560385,310.49,210.51
8598,14583,580469,264.91,210.51
8599,14584,554697,220.38,260.565
8600,14584,554837,254.42,260.565
8601,14584,556280,354.01,260.565
8602,14584,557952,213.45,260.565
8603,14585,572088,157.05,157.05
8604,14586,545910,237.35999999999999,237.35999999999999
8605,14587,540953,220.85,177.90444444444444
8606,14587,542881,150.2,177.90444444444444
8607,14587,543458,152.87,177.90444444444444
8608,14587,546392,202.82,177.90444444444444
8609,14587,547786,180.06,177.90444444444444
8610,14587,549120,178.4,177.90444444444444
8611,14587,552655,195.13,177.90444444444444
8612,14587,556063,193.2,177.90444444444444
8613,14587,577691,127.61,177.90444444444444
8614,14589,536884,39.75,39.75
8615,14591,552652,250.22,361.785
8616,14591,578516,619.84,361.785
8617,14591,578519,373.5,361.785
8618,14591,578520,203.58,361.785
8619,14592,569943,263.96,190.15333333333334
8620,14592,571241,145.21,190.15333333333334
8621,14592,574573,161.29,190.15333333333334
8622,14593,554603,219.76999999999998,205.99666666666667
8623,14593,554617,119.82,205.99666666666667
8624,14593,577297,278.4,205.99666666666667
8625,14594,536538,255.0,189.915
8626,14594,580287,124.83,189.915
8627,14595,542606,163.8,290.09999999999997
8628,14595,566868,136.23,290.09999999999997
8629,14595,570216,141.75,290.09999999999997
8630,14595,571243,1091.29,290.09999999999997
8631,14595,576601,81.54,290.09999999999997
8632,14595,577491,125.99,290.09999999999997
8633,14597,555232,165.1,441.575
8634,14597,579145,718.05,441.575
8635,14598,572867,221.97,221.97
8636,14600,543285,393.33,393.33
8637,14601,579269,213.96,213.96
8638,14603,546169,660.0,660.0
8639,14606,536591,198.32,130.71666666666667
8640,14606,537209,192.68,130.71666666666667
8641,14606,537765,215.88,130.71666666666667
8642,14606,538839,305.79,130.71666666666667
8643,14606,538846,11.0,130.71666666666667
8644,14606,539246,104.47999999999999,130.71666666666667
8645,14606,539610,109.88,130.71666666666667
8646,14606,539831,108.63,130.71666666666667
8647,14606,540014,339.68,130.71666666666667
8648,14606,540526,229.48,130.71666666666667
8649,14606,540954,174.15,130.71666666666667
8650,14606,541289,208.32,130.71666666666667
8651,14606,541595,116.06,130.71666666666667
8652,14606,541859,265.18,130.71666666666667
8653,14606,542217,166.3,130.71666666666667
8654,14606,542800,3.67,130.71666666666667
8655,14606,542862,161.2,130.71666666666667
8656,14606,543115,120.75,130.71666666666667
8657,14606,543281,94.27,130.71666666666667
8658,14606,543481,103.1,130.71666666666667
8659,14606,543979,169.44,130.71666666666667
8660,14606,544301,147.33,130.71666666666667
8661,14606,544407,15.0,130.71666666666667
8662,14606,544466,113.85,130.71666666666667
8663,14606,544803,114.07,130.71666666666667
8664,14606,545063,134.72,130.71666666666667
8665,14606,545377,122.07,130.71666666666667
8666,14606,545838,106.37,130.71666666666667
8667,14606,546249,99.95,130.71666666666667
8668,14606,546427,103.89,130.71666666666667
8669,14606,546732,139.35000000000002,130.71666666666667
8670,14606,547199,131.5,130.71666666666667
8671,14606,547652,236.07,130.71666666666667
8672,14606,548210,338.41,130.71666666666667
8673,14606,548870,129.18,130.71666666666667
8674,14606,549101,146.92000000000002,130.71666666666667
8675,14606,549717,15.0,130.71666666666667
8676,14606,549720,142.84,130.71666666666667
8677,14606,550057,129.09,130.71666666666667
8678,14606,550532,117.14,130.71666666666667
8679,14606,551058,110.52,130.71666666666667
8680,14606,551194,114.84,130.71666666666667
8681,14606,551774,109.38,130.71666666666667
8682,14606,552302,97.09,130.71666666666667
8683,14606,552894,108.94,130.71666666666667
8684,14606,553503,111.14,130.71666666666667
8685,14606,554491,99.83,130.71666666666667
8686,14606,554994,149.01,130.71666666666667
8687,14606,555199,109.36999999999999,130.71666666666667
8688,14606,555746,105.6,130.71666666666667
8689,14606,556202,109.3,130.71666666666667
8690,14606,556576,134.48,130.71666666666667
8691,14606,556887,119.28999999999999,130.71666666666667
8692,14606,557577,112.09,130.71666666666667
8693,14606,557757,100.67,130.71666666666667
8694,14606,558441,145.48,130.71666666666667
8695,14606,558991,123.73,130.71666666666667
8696,14606,559606,114.11,130.71666666666667
8697,14606,560276,108.44,130.71666666666667
8698,14606,560696,111.49000000000001,130.71666666666667
8699,14606,561112,124.44,130.71666666666667
8700,14606,561216,120.0,130.71666666666667
8701,14606,561704,111.17,130.71666666666667
8702,14606,562087,124.11,130.71666666666667
8703,14606,562649,211.85,130.71666666666667
8704,14606,563328,112.33,130.71666666666667
8705,14606,563764,113.05,130.71666666666667
8706,14606,564573,110.85,130.71666666666667
8707,14606,564743,125.77,130.71666666666667
8708,14606,565329,113.31,130.71666666666667
8709,14606,565846,121.5,130.71666666666667
8710,14606,566264,97.73,130.71666666666667
8711,14606,566730,64.26,130.71666666666667
8712,14606,567292,47.38,130.71666666666667
8713,14606,567679,106.39,130.71666666666667
8714,14606,568667,109.96000000000001,130.71666666666667
8715,14606,569457,117.94,130.71666666666667
8716,14606,570380,111.55,130.71666666666667
8717,14606,571158,115.27,130.71666666666667
8718,14606,572063,112.24,130.71666666666667
8719,14606,572847,115.15,130.71666666666667
8720,14606,573277,112.47,130.71666666666667
8721,14606,574035,113.01,130.71666666666667
8722,14606,574891,106.44,130.71666666666667
8723,14606,575574,111.39,130.71666666666667
8724,14606,576201,109.65,130.71666666666667
8725,14606,577286,129.14,130.71666666666667
8726,14606,577736,110.92,130.71666666666667
8727,14606,578518,110.57000000000001,130.71666666666667
8728,14606,579098,192.2,130.71666666666667
8729,14606,579689,143.09,130.71666666666667
8730,14606,580903,230.06,130.71666666666667
8731,14606,581469,125.65,130.71666666666667
8732,14607,547541,495.0,1183.5357142857142
8733,14607,572324,2949.2799999999997,1183.5357142857142
8734,14607,572325,1044.0,1183.5357142857142
8735,14607,572326,2199.12,1183.5357142857142
8736,14607,572337,1434.0,1183.5357142857142
8737,14607,572339,765.12,1183.5357142857142
8738,14607,572340,967.6800000000001,1183.5357142857142
8739,14607,572342,1048.0,1183.5357142857142
8740,14607,572344,1116.0,1183.5357142857142
8741,14607,572656,432.0,1183.5357142857142
8742,14607,574271,1000.0,1183.5357142857142
8743,14607,577725,45.3,1183.5357142857142
8744,14607,577822,2000.0,1183.5357142857142
8745,14607,578359,1074.0,1183.5357142857142
8746,14608,538516,204.0,446.2875
8747,14608,566829,586.95,446.2875
8748,14608,575724,486.65,446.2875
8749,14608,580717,507.55,446.2875
8750,14609,544152,144.0,150.39
8751,14609,556817,151.2,150.39
8752,14609,560599,191.16,150.39
8753,14609,568666,115.2,150.39
8754,14616,542222,237.6,135.36
8755,14616,545077,10.08,135.36
8756,14616,549585,158.4,135.36
8757,14618,540274,211.8,184.48000000000002
8758,14618,579260,257.4,184.48000000000002
8759,14618,579684,84.24000000000001,184.48000000000002
8760,14619,549296,394.44,394.44
8761,14620,545220,235.35,206.39
8762,14620,553660,177.43,206.39
8763,14621,539222,305.7,357.672
8764,14621,555544,330.61,357.672
8765,14621,559124,366.6,357.672
8766,14621,575366,482.59,357.672
8767,14621,581437,302.86,357.672
8768,14622,556040,320.58,320.58
8769,14623,550473,192.68,177.85
8770,14623,555648,205.18,177.85
8771,14623,563349,210.85000000000002,177.85
8772,14623,572928,118.2,177.85
8773,14623,574883,162.34,177.85
8774,14624,570670,210.25,112.925
8775,14624,571050,15.6,112.925
8776,14625,538659,585.53,449.815
8777,14625,554963,314.1,449.815
8778,14626,550774,586.9,697.8175
8779,14626,562733,984.39,697.8175
8780,14626,569741,610.91,697.8175
8781,14626,576651,609.0699999999999,697.8175
8782,14628,549716,331.58,335.98
8783,14628,566204,340.38,335.98
8784,14629,572317,604.83,479.505
8785,14629,580720,354.18,479.505
8786,14631,543824,309.5,335.66
8787,14631,550514,320.58,335.66
8788,14631,572024,376.9,335.66
8789,14632,547245,114.56,114.56
8790,14633,547026,344.9,344.9
8791,14636,546686,300.19,304.92499999999995
8792,14636,574300,309.65999999999997,304.92499999999995
8793,14638,571943,443.6,443.6
8794,14639,538636,676.54,497.41499999999996
8795,14639,544572,558.59,497.41499999999996
8796,14639,563023,534.34,497.41499999999996
8797,14639,563024,219.76,497.41499999999996
8798,14639,571701,948.16,497.41499999999996
8799,14639,571702,47.1,497.41499999999996
8800,14640,551088,413.45,354.18
8801,14640,557782,406.3,354.18
8802,14640,560180,185.07,354.18
8803,14640,562313,496.24,354.18
8804,14640,570676,306.07,354.18
8805,14640,576556,317.95,354.18
8806,14641,577169,110.46000000000001,110.46000000000001
8807,14642,570722,96.11999999999999,96.11999999999999
8808,14643,539311,357.94,346.905
8809,14643,557770,335.87,346.905
8810,14644,543923,187.5,415.38
8811,14644,569239,643.26,415.38
8812,14645,546036,240.1,298.545
8813,14645,559056,356.99,298.545
8814,14646,539491,70.96000000000001,3838.4386301369864
8815,14646,539731,8520.92,3838.4386301369864
8816,14646,541206,10389.06,3838.4386301369864
8817,14646,541570,7722.04,3838.4386301369864
8818,14646,541608,305.28,3838.4386301369864
8819,14646,541711,8060.3,3838.4386301369864
8820,14646,543387,1306.28,3838.4386301369864
8821,14646,544479,11956.1,3838.4386301369864
8822,14646,544480,6323.38,3838.4386301369864
8823,14646,544672,3211.7,3838.4386301369864
8824,14646,547796,1407.8600000000001,3838.4386301369864
8825,14646,548010,2527.94,3838.4386301369864
8826,14646,548011,15719.56,3838.4386301369864
8827,14646,548211,1807.04,3838.4386301369864
8828,14646,548969,1129.2,3838.4386301369864
8829,14646,548970,1155.0,3838.4386301369864
8830,14646,551345,692.36,3838.4386301369864
8831,14646,552845,536.4,3838.4386301369864
8832,14646,552846,288.0,3838.4386301369864
8833,14646,552882,1792.72,3838.4386301369864
8834,14646,552883,14415.74,3838.4386301369864
8835,14646,552885,270.0,3838.4386301369864
8836,14646,553682,732.4,3838.4386301369864
8837,14646,554642,1392.0,3838.4386301369864
8838,14646,554827,8980.88,3838.4386301369864
8839,14646,555160,1799.6,3838.4386301369864
8840,14646,555164,3623.2,3838.4386301369864
8841,14646,557263,5683.06,3838.4386301369864
8842,14646,557328,154.67000000000002,3838.4386301369864
8843,14646,558262,10174.94,3838.4386301369864
8844,14646,558263,1113.6000000000001,3838.4386301369864
8845,14646,558311,2739.92,3838.4386301369864
8846,14646,560710,26.02,3838.4386301369864
8847,14646,562789,12341.21,3838.4386301369864
8848,14646,562790,157.5,3838.4386301369864
8849,14646,563076,19150.66,3838.4386301369864
8850,14646,563165,825.6,3838.4386301369864
8851,14646,564169,424.79999999999995,3838.4386301369864
8852,14646,564650,6429.64,3838.4386301369864
8853,14646,564652,998.4,3838.4386301369864
8854,14646,565967,1944.6,3838.4386301369864
8855,14646,565975,2.08,3838.4386301369864
8856,14646,566557,8281.12,3838.4386301369864
8857,14646,567280,10267.88,3838.4386301369864
8858,14646,567290,5350.4,3838.4386301369864
8859,14646,567795,904.62,3838.4386301369864
8860,14646,569719,788.16,3838.4386301369864
8861,14646,569720,23.39,3838.4386301369864
8862,14646,569735,30.0,3838.4386301369864
8863,14646,572035,20277.92,3838.4386301369864
8864,14646,572051,4311.48,3838.4386301369864
8865,14646,572052,1244.16,3838.4386301369864
8866,14646,572123,2314.48,3838.4386301369864
8867,14646,572233,930.12,3838.4386301369864
8868,14646,572236,81.02,3838.4386301369864
8869,14646,573002,4534.22,3838.4386301369864
8870,14646,573003,4992.0,3838.4386301369864
8871,14646,573004,469.0,3838.4386301369864
8872,14646,574056,3949.66,3838.4386301369864
8873,14646,574058,449.28,3838.4386301369864
8874,14646,574059,87.97,3838.4386301369864
8875,14646,575508,8111.2,3838.4386301369864
8876,14646,575510,1549.1200000000001,3838.4386301369864
8877,14646,575709,162.8,3838.4386301369864
8878,14646,576664,232.5,3838.4386301369864
8879,14646,577326,166.0,3838.4386301369864
8880,14646,578034,588.24,3838.4386301369864
8881,14646,578140,7952.68,3838.4386301369864
8882,14646,578141,290.0,3838.4386301369864
8883,14646,578143,1835.96,3838.4386301369864
8884,14646,581175,10901.539999999999,3838.4386301369864
8885,14646,581176,575.88,3838.4386301369864
8886,14646,581338,250.6,3838.4386301369864
8887,14647,554102,243.22,243.22
8888,14649,552843,401.77,354.3225
8889,14649,552847,182.45,354.3225
8890,14649,568710,319.08,354.3225
8891,14649,580635,513.99,354.3225
8892,14651,553005,416.32,327.3
8893,14651,569371,238.28,327.3
8894,14652,568075,114.18,114.18
8895,14653,540185,344.81,278.2214285714286
8896,14653,569360,350.09,278.2214285714286
8897,14653,573377,413.53000000000003,278.2214285714286
8898,14653,574878,131.79,278.2214285714286
8899,14653,579541,287.64,278.2214285714286
8900,14653,579543,16.66,278.2214285714286
8901,14653,581402,403.03000000000003,278.2214285714286
8902,14655,551534,810.56,483.0575
8903,14655,569011,400.61,483.0575
8904,14655,576916,358.15,483.0575
8905,14655,580117,362.91,483.0575
8906,14656,545308,133.10999999999999,145.52499999999998
8907,14656,557888,157.94,145.52499999999998
8908,14657,541406,416.08,212.055
8909,14657,545441,108.32,212.055
8910,14657,559360,114.53999999999999,212.055
8911,14657,578008,209.28,212.055
8912,14658,563231,123.14,123.575
8913,14658,580529,124.01,123.575
8914,14659,542526,593.17,281.1033333333333
8915,14659,544044,181.8,281.1033333333333
8916,14659,547108,227.92000000000002,281.1033333333333
8917,14659,552139,162.24,281.1033333333333
8918,14659,555566,216.63,281.1033333333333
8919,14659,560250,259.79,281.1033333333333
8920,14659,567821,426.43,281.1033333333333
8921,14659,574353,312.55,281.1033333333333
8922,14659,580032,149.4,281.1033333333333
8923,14660,564866,128.95,142.87
8924,14660,566667,156.79,142.87
8925,14661,575948,107.95,107.95
8926,14662,542419,101.05,192.79250000000002
8927,14662,546105,268.51,192.79250000000002
8928,14662,550612,155.3,192.79250000000002
8929,14662,575851,246.31,192.79250000000002
8930,14664,574726,389.04,318.945
8931,14664,577410,248.85,318.945
8932,14665,542923,394.4,367.14
8933,14665,544102,255.66,367.14
8934,14665,544104,81.6,367.14
8935,14665,566239,544.52,367.14
8936,14665,570252,559.52,367.14
8937,14666,576553,195.25,195.25
8938,14667,537381,511.56,369.648
8939,14667,538077,686.15,369.648
8940,14667,538202,274.73,369.648
8941,14667,538307,213.26,369.648
8942,14667,538706,312.4,369.648
8943,14667,541291,305.81,369.648
8944,14667,544457,333.6,369.648
8945,14667,546218,144.9,369.648
8946,14667,549238,388.77,369.648
8947,14667,551525,439.84999999999997,369.648
8948,14667,552442,342.78000000000003,369.648
8949,14667,556573,480.98,369.648
8950,14667,557514,173.42,369.648
8951,14667,557598,202.62,369.648
8952,14667,560387,179.41,369.648
8953,14667,562419,249.13,369.648
8954,14667,563698,248.85,369.648
8955,14667,565738,582.8,369.648
8956,14667,568325,1069.29,369.648
8957,14667,573903,740.64,369.648
8958,14667,575133,159.38,369.648
8959,14667,575134,97.69999999999999,369.648
8960,14667,576301,260.7,369.648
8961,14667,577331,467.57,369.648
8962,14667,579300,374.9,369.648
8963,14669,540803,426.9,423.33
8964,14669,540813,415.55,423.33
8965,14669,549771,427.54,423.33
8966,14670,545655,99.59,205.765
8967,14670,545658,311.94,205.765
8968,14672,540482,285.28,382.775
8969,14672,550525,480.27,382.775
8970,14673,537603,373.49,347.28000000000003
8971,14673,574020,304.68,347.28000000000003
8972,14673,576881,389.13,347.28000000000003
8973,14673,579669,302.33,347.28000000000003
8974,14673,580959,366.77,347.28000000000003
8975,14675,578255,604.75,604.75
8976,14676,545318,556.32,424.7066666666667
8977,14676,553170,223.44,424.7066666666667
8978,14676,553379,368.76,424.7066666666667
8979,14676,560185,542.4,424.7066666666667
8980,14676,567707,480.04,424.7066666666667
8981,14676,575080,377.28,424.7066666666667
8982,14680,536938,1680.88,1797.131875
8983,14680,538844,1194.52,1797.131875
8984,14680,540276,1520.11,1797.131875
8985,14680,542084,1081.3,1797.131875
8986,14680,544392,2807.31,1797.131875
8987,14680,548169,2106.46,1797.131875
8988,14680,548643,72.0,1797.131875
8989,14680,552572,2944.7,1797.131875
8990,14680,554640,1126.6,1797.131875
8991,14680,556714,976.25,1797.131875
8992,14680,559465,3609.8,1797.131875
8993,14680,561474,2688.27,1797.131875
8994,14680,562850,2388.2,1797.131875
8995,14680,565631,1226.16,1797.131875
8996,14680,568877,2163.95,1797.131875
8997,14680,576359,1167.6,1797.131875
8998,14681,552891,393.95,166.31666666666666
8999,14681,568906,60.0,166.31666666666666
9000,14681,568966,45.0,166.31666666666666
9001,14682,554095,20.8,26.0
9002,14682,555534,31.2,26.0
9003,14684,538497,168.35999999999999,247.256
9004,14684,552285,350.9,247.256
9005,14684,567213,129.33,247.256
9006,14684,573373,274.56,247.256
9007,14684,576189,313.13,247.256
9008,14687,564434,628.38,628.38
9009,14688,536378,444.98,268.13666666666666
9010,14688,541429,302.22,268.13666666666666
9011,14688,542678,205.6,268.13666666666666
9012,14688,543400,213.15,268.13666666666666
9013,14688,544638,325.42,268.13666666666666
9014,14688,545290,210.3,268.13666666666666
9015,14688,547114,164.34,268.13666666666666
9016,14688,548742,375.16,268.13666666666666
9017,14688,552571,340.05,268.13666666666666
9018,14688,554637,206.46,268.13666666666666
9019,14688,556512,143.54,268.13666666666666
9020,14688,558317,173.8,268.13666666666666
9021,14688,559751,207.41,268.13666666666666
9022,14688,560791,116.81,268.13666666666666
9023,14688,562099,423.3,268.13666666666666
9024,14688,566014,355.08,268.13666666666666
9025,14688,569078,234.73,268.13666666666666
9026,14688,571655,283.33,268.13666666666666
9027,14688,573416,245.32,268.13666666666666
9028,14688,580256,567.37,268.13666666666666
9029,14688,580257,92.5,268.13666666666666
9030,14689,553176,112.8,112.8
9031,14690,559629,216.71,185.85000000000002
9032,14690,572905,154.99,185.85000000000002
9033,14691,552721,439.6,422.866
9034,14691,565410,835.08,422.866
9035,14691,568904,423.59,422.866
9036,14691,568905,70.8,422.866
9037,14691,575299,345.26,422.866
9038,14692,541795,259.6,147.88750000000002
9039,14692,543807,121.25,147.88750000000002
9040,14692,550498,99.45,147.88750000000002
9041,14692,561201,111.25,147.88750000000002
9042,14693,547059,172.9,172.9
9043,14696,536571,294.62,296.99285714285713
9044,14696,541481,293.63,296.99285714285713
9045,14696,549693,284.35,296.99285714285713
9046,14696,555551,298.79,296.99285714285713
9047,14696,563167,287.15,296.99285714285713
9048,14696,568947,319.87,296.99285714285713
9049,14696,580657,300.54,296.99285714285713
9050,14697,551991,89.4,94.305
9051,14697,551993,99.21,94.305
9052,14698,571850,498.04,250.152
9053,14698,572285,119.73,250.152
9054,14698,575989,339.18,250.152
9055,14698,578369,136.65,250.152
9056,14698,581352,157.16,250.152
9057,14699,552463,109.13,109.13
9058,14700,550279,721.55,745.1
9059,14700,555473,836.05,745.1
9060,14700,574892,677.7,745.1
9061,14701,542360,396.45,283.2633333333333
9062,14701,544040,257.97,283.2633333333333
9063,14701,545682,253.79,283.2633333333333
9064,14701,546944,567.44,283.2633333333333
9065,14701,549130,275.1,283.2633333333333
9066,14701,557407,97.94999999999999,283.2633333333333
9067,14701,557410,109.58,283.2633333333333
9068,14701,579408,584.14,283.2633333333333
9069,14701,579409,6.95,283.2633333333333
9070,14702,538168,318.7,193.65529411764706
9071,14702,540395,237.65,193.65529411764706
9072,14702,540532,221.7,193.65529411764706
9073,14702,542422,181.35,193.65529411764706
9074,14702,544335,101.25,193.65529411764706
9075,14702,545577,161.5,193.65529411764706
9076,14702,558636,165.5,193.65529411764706
9077,14702,559359,109.9,193.65529411764706
9078,14702,563248,190.15,193.65529411764706
9079,14702,567943,216.09,193.65529411764706
9080,14702,569977,130.22,193.65529411764706
9081,14702,571276,360.41,193.65529411764706
9082,14702,573542,281.78,193.65529411764706
9083,14702,574846,156.95999999999998,193.65529411764706
9084,14702,577694,129.4,193.65529411764706
9085,14702,580135,130.29,193.65529411764706
9086,14702,581471,199.29,193.65529411764706
9087,14703,578687,318.17,318.17
9088,14704,556489,110.12,171.8788888888889
9089,14704,560692,111.04,171.8788888888889
9090,14704,567304,165.32,171.8788888888889
9091,14704,571883,615.07,171.8788888888889
9092,14704,572319,118.31,171.8788888888889
9093,14704,573586,15.0,171.8788888888889
9094,14704,577024,159.65,171.8788888888889
9095,14704,577495,237.4,171.8788888888889
9096,14704,579137,15.0,171.8788888888889
9097,14705,554647,179.0,179.0
9098,14708,537350,419.06,375.45666666666665
9099,14708,559516,282.12,375.45666666666665
9100,14708,581002,425.19,375.45666666666665
9101,14709,539249,314.1,378.54153846153844
9102,14709,542354,407.95,378.54153846153844
9103,14709,545908,461.25,378.54153846153844
9104,14709,552268,426.84000000000003,378.54153846153844
9105,14709,555525,332.9,378.54153846153844
9106,14709,559831,416.90000000000003,378.54153846153844
9107,14709,562019,457.6,378.54153846153844
9108,14709,563855,546.9,378.54153846153844
9109,14709,565845,588.3,378.54153846153844
9110,14709,568989,311.3,378.54153846153844
9111,14709,575181,312.0,378.54153846153844
9112,14709,575182,33.0,378.54153846153844
9113,14709,578627,312.0,378.54153846153844
9114,14710,570653,172.91,151.5325
9115,14710,573364,146.32,151.5325
9116,14710,577507,232.09,151.5325
9117,14710,578829,54.81,151.5325
9118,14711,547370,200.52,260.8
9119,14711,548792,215.01,260.8
9120,14711,550890,526.5,260.8
9121,14711,551721,288.75,260.8
9122,14711,554105,213.06,260.8
9123,14711,555844,160.15,260.8
9124,14711,558627,311.86,260.8
9125,14711,564077,148.57,260.8
9126,14711,566194,301.0,260.8
9127,14711,576559,263.67,260.8
9128,14711,579468,239.71,260.8
9129,14712,563840,115.72,305.69
9130,14712,568201,305.75,305.69
9131,14712,575619,495.6,305.69
9132,14713,538167,298.95,242.39636363636365
9133,14713,539322,126.9,242.39636363636365
9134,14713,541698,222.24,242.39636363636365
9135,14713,546215,124.94999999999999,242.39636363636365
9136,14713,546790,136.57,242.39636363636365
9137,14713,552010,292.42,242.39636363636365
9138,14713,555705,247.61,242.39636363636365
9139,14713,562444,372.24,242.39636363636365
9140,14713,565224,207.73,242.39636363636365
9141,14713,575706,365.0,242.39636363636365
9142,14713,579854,271.75,242.39636363636365
9143,14714,576557,160.19,160.19
9144,14715,540955,137.95,216.845
9145,14715,543914,109.5,216.845
9146,14715,565730,347.3,216.845
9147,14715,576513,272.63,216.845
9148,14716,559993,188.56,164.84
9149,14716,573139,141.12,164.84
9150,14719,548867,223.46,320.42600000000004
9151,14719,556542,264.66,320.42600000000004
9152,14719,570374,317.21999999999997,320.42600000000004
9153,14719,579414,390.37,320.42600000000004
9154,14719,581376,406.42,320.42600000000004
9155,14720,562490,155.8,221.26999999999998
9156,14720,566273,245.32999999999998,221.26999999999998
9157,14720,580405,262.68,221.26999999999998
9158,14722,560212,187.92,187.92
9159,14723,536976,149.8,193.04999999999998
9160,14723,536981,101.14,193.04999999999998
9161,14723,539321,220.06,193.04999999999998
9162,14723,573396,196.78,193.04999999999998
9163,14723,574287,168.45,193.04999999999998
9164,14723,579491,322.07,193.04999999999998
9165,14725,576538,718.08,718.08
9166,14727,546254,268.58,268.58
9167,14729,536520,313.49,313.49
9168,14730,545980,277.17,250.6325
9169,14730,547920,116.41,250.6325
9170,14730,550834,162.02,250.6325
9171,14730,556776,211.47,250.6325
9172,14730,564315,137.14,250.6325
9173,14730,569669,420.51,250.6325
9174,14730,569670,435.41,250.6325
9175,14730,581414,244.93,250.6325
9176,14731,552823,127.66,126.67333333333333
9177,14731,553650,123.36,126.67333333333333
9178,14731,572313,129.0,126.67333333333333
9179,14732,540060,203.1,337.81125000000003
9180,14732,545289,470.88,337.81125000000003
9181,14732,551542,306.5,337.81125000000003
9182,14732,555630,302.72,337.81125000000003
9183,14732,560449,335.1,337.81125000000003
9184,14732,566442,308.89,337.81125000000003
9185,14732,575210,311.19,337.81125000000003
9186,14732,580089,464.11,337.81125000000003
9187,14733,537484,1830.02,798.8258333333333
9188,14733,538664,1695.12,798.8258333333333
9189,14733,539590,832.08,798.8258333333333
9190,14733,540834,1578.31,798.8258333333333
9191,14733,542254,511.69,798.8258333333333
9192,14733,543554,493.5,798.8258333333333
9193,14733,546525,619.6,798.8258333333333
9194,14733,553878,347.26,798.8258333333333
9195,14733,557755,441.48,798.8258333333333
9196,14733,560381,378.15999999999997,798.8258333333333
9197,14733,563907,316.98,798.8258333333333
9198,14733,578303,541.71,798.8258333333333
9199,14735,539286,252.2,189.5528125
9200,14735,541671,398.6,189.5528125
9201,14735,541672,135.0,189.5528125
9202,14735,541673,120.6,189.5528125
9203,14735,543038,110.45,189.5528125
9204,14735,546667,236.1,189.5528125
9205,14735,546668,218.10000000000002,189.5528125
9206,14735,547391,70.8,189.5528125
9207,14735,550919,19.5,189.5528125
9208,14735,550920,110.10000000000001,189.5528125
9209,14735,551427,142.52,189.5528125
9210,14735,553733,92.1,189.5528125
9211,14735,553734,147.54,189.5528125
9212,14735,553735,36.0,189.5528125
9213,14735,553736,60.0,189.5528125
9214,14735,554922,316.1,189.5528125
9215,14735,554923,89.7,189.5528125
9216,14735,557015,331.0,189.5528125
9217,14735,561705,295.02,189.5528125
9218,14735,561706,177.6,189.5528125
9219,14735,561707,15.0,189.5528125
9220,14735,563919,122.28,189.5528125
9221,14735,565205,99.4,189.5528125
9222,14735,566865,15.0,189.5528125
9223,14735,567236,467.5,189.5528125
9224,14735,567239,269.04,189.5528125
9225,14735,576184,93.5,189.5528125
9226,14735,576186,276.3,189.5528125
9227,14735,576896,181.6,189.5528125
9228,14735,578279,446.58,189.5528125
9229,14735,579130,163.02,189.5528125
9230,14735,580874,557.4399999999999,189.5528125
9231,14737,539723,434.0,388.18333333333334
9232,14737,562138,647.75,388.18333333333334
9233,14737,580755,82.8,388.18333333333334
9234,14738,542382,204.77,187.77857142857144
9235,14738,549842,162.7,187.77857142857144
9236,14738,552971,140.82,187.77857142857144
9237,14738,554524,17.4,187.77857142857144
9238,14738,561700,231.96,187.77857142857144
9239,14738,569890,326.81,187.77857142857144
9240,14738,573158,229.99,187.77857142857144
9241,14739,537627,713.88,557.4685714285714
9242,14739,540182,229.56,557.4685714285714
9243,14739,551819,364.18,557.4685714285714
9244,14739,565763,939.96,557.4685714285714
9245,14739,569566,609.78,557.4685714285714
9246,14739,577407,509.96,557.4685714285714
9247,14739,580719,534.96,557.4685714285714
9248,14740,545221,521.1,482.7366666666667
9249,14740,551349,371.4,482.7366666666667
9250,14740,554842,555.71,482.7366666666667
9251,14741,536604,184.5,233.39
9252,14741,538591,310.79999999999995,233.39
9253,14741,558341,173.56,233.39
9254,14741,563694,196.1,233.39
9255,14741,571295,303.43,233.39
9256,14741,579003,231.95,233.39
9257,14744,537686,225.0,157.14000000000001
9258,14744,541867,163.5,157.14000000000001
9259,14744,542712,327.98,157.14000000000001
9260,14744,542736,0.55,157.14000000000001
9261,14744,544039,211.0,157.14000000000001
9262,14744,570502,83.75,157.14000000000001
9263,14744,578253,88.2,157.14000000000001
9264,14745,545069,240.6,244.052
9265,14745,555930,341.07,244.052
9266,14745,560871,20.8,244.052
9267,14745,560872,338.03,244.052
9268,14745,563746,279.76,244.052
9269,14747,548865,328.2,328.2
9270,14748,537242,412.21999999999997,283.15
9271,14748,537245,58.2,283.15
9272,14748,552854,300.71,283.15
9273,14748,562616,347.64,283.15
9274,14748,575723,296.98,283.15
9275,14752,573000,389.64,389.64
9276,14753,566589,563.15,563.15
9277,14754,544280,228.27,319.02500000000003
9278,14754,572837,409.78000000000003,319.02500000000003
9279,14755,540530,488.46,455.47999999999996
9280,14755,544167,506.02,455.47999999999996
9281,14755,547883,307.76,455.47999999999996
9282,14755,553347,560.27,455.47999999999996
9283,14755,557070,376.77,455.47999999999996
9284,14755,560742,312.9,455.47999999999996
9285,14755,563833,315.5,455.47999999999996
9286,14755,568495,304.3,455.47999999999996
9287,14755,573374,443.21,455.47999999999996
9288,14755,576362,657.29,455.47999999999996
9289,14755,579558,737.8,455.47999999999996
9290,14756,578675,738.96,738.96
9291,14757,568189,420.5,420.5
9292,14758,547793,654.75,371.015
9293,14758,551439,327.71999999999997,371.015
9294,14758,553662,224.47,371.015
9295,14758,560282,277.12,371.015
9296,14759,550836,572.25,541.99
9297,14759,563741,298.59999999999997,541.99
9298,14759,580613,755.12,541.99
9299,14760,544084,89.2,89.2
9300,14761,540518,97.5,127.95
9301,14761,570794,158.4,127.95
9302,14762,547093,300.52,300.52
9303,14764,572392,278.3,278.3
9304,14765,557128,80.5,84.70333333333333
9305,14765,563851,15.0,84.70333333333333
9306,14765,575730,158.61,84.70333333333333
9307,14766,537847,180.4,412.2283333333333
9308,14766,547921,628.66,412.2283333333333
9309,14766,552558,357.15,412.2283333333333
9310,14766,558058,365.11,412.2283333333333
9311,14766,567375,519.53,412.2283333333333
9312,14766,580113,422.52,412.2283333333333
9313,14768,562355,133.2,96.3
9314,14768,578012,59.4,96.3
9315,14769,539374,347.01,1334.34375
9316,14769,541530,523.98,1334.34375
9317,14769,547063,2449.79,1334.34375
9318,14769,554098,2516.57,1334.34375
9319,14769,560782,337.93,1334.34375
9320,14769,564189,312.66,1334.34375
9321,14769,567183,3844.84,1334.34375
9322,14769,581021,341.96999999999997,1334.34375
9323,14770,541682,278.6,438.21000000000004
9324,14770,550921,597.82,438.21000000000004
9325,14772,563849,139.26,139.26
9326,14775,536805,406.56,337.3
9327,14775,561114,294.9,337.3
9328,14775,570861,310.44,337.3
9329,14776,542710,558.36,230.75454545454548
9330,14776,550767,301.68,230.75454545454548
9331,14776,552033,214.56,230.75454545454548
9332,14776,557219,323.28,230.75454545454548
9333,14776,557220,58.08,230.75454545454548
9334,14776,557583,13.2,230.75454545454548
9335,14776,560443,201.96,230.75454545454548
9336,14776,564653,191.1,230.75454545454548
9337,14776,571693,330.24,230.75454545454548
9338,14776,571914,330.24,230.75454545454548
9339,14776,571916,15.6,230.75454545454548
9340,14778,543187,334.05,365.43
9341,14778,562380,396.81,365.43
9342,14779,541655,262.55,128.71666666666667
9343,14779,541785,85.6,128.71666666666667
9344,14779,545646,38.0,128.71666666666667
9345,14780,567664,332.8,223.84
9346,14780,571278,114.88,223.84
9347,14782,541884,200.1,200.1
9348,14784,541606,114.67999999999999,144.995
9349,14784,575979,175.31,144.995
9350,14785,578514,39.480000000000004,38.7
9351,14785,579436,37.92,38.7
9352,14788,576068,368.45,339.72
9353,14788,580373,310.99,339.72
9354,14789,575737,197.64,197.64
9355,14790,548455,152.16,186.265
9356,14790,563161,211.88,186.265
9357,14790,575849,216.74,186.265
9358,14790,578111,164.28,186.265
9359,14792,570003,6.2,6.2
9360,14793,577336,228.99,228.99
9361,14794,540548,179.1,188.55857142857144
9362,14794,547549,283.03,188.55857142857144
9363,14794,548403,16.95,188.55857142857144
9364,14794,554000,200.46,188.55857142857144
9365,14794,575217,147.15,188.55857142857144
9366,14794,579530,288.36,188.55857142857144
9367,14794,581019,204.86,188.55857142857144
9368,14795,558094,131.45000000000002,131.45000000000002
9369,14796,537692,671.21,471.9111764705882
9370,14796,538533,357.61,471.9111764705882
9371,14796,541872,293.74,471.9111764705882
9372,14796,543653,354.11,471.9111764705882
9373,14796,544476,328.88,471.9111764705882
9374,14796,545587,282.74,471.9111764705882
9375,14796,547730,349.51,471.9111764705882
9376,14796,550196,425.93,471.9111764705882
9377,14796,552051,415.02,471.9111764705882
9378,14796,557484,539.81,471.9111764705882
9379,14796,559672,550.4,471.9111764705882
9380,14796,561195,564.03,471.9111764705882
9381,14796,564256,624.43,471.9111764705882
9382,14796,565682,835.95,471.9111764705882
9383,14796,571183,600.11,471.9111764705882
9384,14796,577038,401.78,471.9111764705882
9385,14796,581425,427.23,471.9111764705882
9386,14798,543031,75.68,57.913333333333334
9387,14798,560416,21.72,57.913333333333334
9388,14798,571622,76.34,57.913333333333334
9389,14799,571920,157.7,157.7
9390,14800,537050,555.84,361.645
9391,14800,538367,664.01,361.645
9392,14800,540509,537.99,361.645
9393,14800,546417,629.25,361.645
9394,14800,551516,800.01,361.645
9395,14800,551651,8.5,361.645
9396,14800,555245,198.46,361.645
9397,14800,561022,282.66,361.645
9398,14800,564037,163.72,361.645
9399,14800,568166,107.06,361.645
9400,14800,570554,0.38,361.645
9401,14800,572290,391.86,361.645
9402,14801,570241,193.14,193.14
9403,14803,544456,542.15,281.84999999999997
9404,14803,546101,188.64,281.84999999999997
9405,14803,558565,114.76,281.84999999999997
9406,14804,579990,353.27,353.27
9407,14805,542598,109.25,138.66250000000002
9408,14805,571464,144.65,138.66250000000002
9409,14805,577408,110.95,138.66250000000002
9410,14805,578631,189.8,138.66250000000002
9411,14806,568206,193.39,193.39
9412,14808,557442,679.62,342.64625
9413,14808,558090,79.9,342.64625
9414,14808,558092,172.89,342.64625
9415,14808,559529,430.05,342.64625
9416,14808,559532,13.01,342.64625
9417,14808,560393,470.84,342.64625
9418,14808,568231,360.67,342.64625
9419,14808,573510,534.19,342.64625
9420,14810,537111,180.44,189.80727272727273
9421,14810,540508,146.55,189.80727272727273
9422,14810,543272,136.65,189.80727272727273
9423,14810,545048,180.65,189.80727272727273
9424,14810,546420,129.46,189.80727272727273
9425,14810,548330,136.99,189.80727272727273
9426,14810,549977,171.06,189.80727272727273
9427,14810,554638,196.9,189.80727272727273
9428,14810,560232,238.4,189.80727272727273
9429,14810,564716,352.23,189.80727272727273
9430,14810,573329,218.55,189.80727272727273
9431,14813,537059,127.98,77.715
9432,14813,537067,27.45,77.715
9433,14815,569262,551.58,389.25
9434,14815,574165,226.92000000000002,389.25
9435,14816,554810,271.85,271.85
9436,14817,545854,580.79,555.17
9437,14817,554280,529.55,555.17
9438,14818,548468,118.25,219.26666666666665
9439,14818,557894,291.38,219.26666666666665
9440,14818,568413,248.17,219.26666666666665
9441,14819,555102,84.72,136.035
9442,14819,569845,187.35,136.035
9443,14820,557307,139.77,126.8225
9444,14820,568175,102.42,126.8225
9445,14820,574592,139.1,126.8225
9446,14820,577352,126.0,126.8225
9447,14821,537668,48.8,48.8
9448,14823,554987,68.65,107.14333333333333
9449,14823,554991,142.0,107.14333333333333
9450,14823,556483,110.78,107.14333333333333
9451,14824,566199,441.91,281.9275
9452,14824,568552,313.6,281.9275
9453,14824,574730,55.5,281.9275
9454,14824,579457,316.7,281.9275
9455,14825,537359,184.1,185.57583333333332
9456,14825,539105,212.33,185.57583333333332
9457,14825,544077,241.34,185.57583333333332
9458,14825,546037,247.4,185.57583333333332
9459,14825,553892,140.7,185.57583333333332
9460,14825,557951,181.45000000000002,185.57583333333332
9461,14825,562290,132.05,185.57583333333332
9462,14825,566284,160.2,185.57583333333332
9463,14825,570195,151.24,185.57583333333332
9464,14825,576862,290.81,185.57583333333332
9465,14825,578353,184.2,185.57583333333332
9466,14825,580830,101.09,185.57583333333332
9467,14828,540405,582.0,713.2533333333334
9468,14828,548359,493.92,713.2533333333334
9469,14828,554859,1063.84,713.2533333333334
9470,14829,536800,236.97,174.38750000000002
9471,14829,538688,148.36,174.38750000000002
9472,14829,556065,146.3,174.38750000000002
9473,14829,575689,165.92000000000002,174.38750000000002
9474,14830,571465,197.13,197.13
9475,14834,549978,243.69,286.71666666666664
9476,14834,563030,185.61,286.71666666666664
9477,14834,568802,421.9,286.71666666666664
9478,14834,570833,343.94,286.71666666666664
9479,14834,576930,311.44,286.71666666666664
9480,14834,577837,213.72,286.71666666666664
9481,14836,575319,76.05,34.15
9482,14836,575910,3.0,34.15
9483,14836,579511,23.4,34.15
9484,14837,554093,492.26,412.375
9485,14837,558084,465.18,412.375
9486,14837,564640,388.12,412.375
9487,14837,566231,303.94,412.375
9488,14840,546829,62.85,62.85
9489,14841,539098,395.15999999999997,549.2933333333334
9490,14841,544839,596.79,549.2933333333334
9491,14841,546246,789.9,549.2933333333334
9492,14841,556629,593.72,549.2933333333334
9493,14841,570505,379.79,549.2933333333334
9494,14841,571497,540.4,549.2933333333334
9495,14842,543253,310.0,706.1725
9496,14842,555158,1378.48,706.1725
9497,14842,565598,213.04,706.1725
9498,14842,573020,923.17,706.1725
9499,14844,549831,874.55,797.4525
9500,14844,556960,668.8,797.4525
9501,14844,562652,714.33,797.4525
9502,14844,570027,932.13,797.4525
9503,14847,559951,309.4,309.4
9504,14849,536460,295.54,317.2216
9505,14849,536463,17.4,317.2216
9506,14849,536466,42.9,317.2216
9507,14849,539142,164.6,317.2216
9508,14849,539143,46.45,317.2216
9509,14849,542087,459.84,317.2216
9510,14849,543987,383.59999999999997,317.2216
9511,14849,543988,17.7,317.2216
9512,14849,548916,422.34,317.2216
9513,14849,552614,562.54,317.2216
9514,14849,557117,620.58,317.2216
9515,14849,557118,364.15999999999997,317.2216
9516,14849,560918,813.89,317.2216
9517,14849,563110,509.08,317.2216
9518,14849,563112,304.63,317.2216
9519,14849,565610,357.34,317.2216
9520,14849,565611,401.94,317.2216
9521,14849,569766,393.57,317.2216
9522,14849,569767,391.78,317.2216
9523,14849,574239,467.86,317.2216
9524,14849,574241,10.08,317.2216
9525,14849,574245,34.8,317.2216
9526,14849,574246,45.0,317.2216
9527,14849,577173,579.86,317.2216
9528,14849,577175,223.06,317.2216
9529,14850,542812,325.75,325.75
9530,14851,547945,206.13,255.675
9531,14851,576809,305.22,255.675
9532,14852,548650,490.4,472.7816666666667
9533,14852,556814,153.24,472.7816666666667
9534,14852,556815,564.61,472.7816666666667
9535,14852,560928,425.96,472.7816666666667
9536,14852,565439,554.21,472.7816666666667
9537,14852,570830,648.27,472.7816666666667
9538,14853,552988,214.5,237.9
9539,14853,576616,261.3,237.9
9540,14854,546223,462.28,394.26142857142855
9541,14854,548665,193.07999999999998,394.26142857142855
9542,14854,551085,535.97,394.26142857142855
9543,14854,557799,726.85,394.26142857142855
9544,14854,558356,15.0,394.26142857142855
9545,14854,561814,368.45,394.26142857142855
9546,14854,567911,458.2,394.26142857142855
9547,14855,561603,306.35,322.82500000000005
9548,14855,563175,339.3,322.82500000000005
9549,14856,571123,1003.27,437.1266666666666
9550,14856,574281,297.90999999999997,437.1266666666666
9551,14856,574283,10.2,437.1266666666666
9552,14857,560049,522.52,586.56
9553,14857,570501,650.6,586.56
9554,14859,553873,296.86,338.435
9555,14859,567476,630.26,338.435
9556,14859,578854,388.42,338.435
9557,14859,578857,38.2,338.435
9558,14860,577537,170.32,170.32
9559,14861,571662,125.78999999999999,125.78999999999999
9560,14862,559979,304.1,420.6
9561,14862,576098,537.1,420.6
9562,14863,575673,266.76,266.76
9563,14865,536838,37.2,26.1
9564,14865,580361,15.0,26.1
9565,14866,537836,103.68,1199.1583333333333
9566,14866,560868,82.92,1199.1583333333333
9567,14866,561368,36.5,1199.1583333333333
9568,14866,564629,940.8000000000001,1199.1583333333333
9569,14866,567385,5639.5199999999995,1199.1583333333333
9570,14866,570660,3930.94,1199.1583333333333
9571,14866,572031,294.71999999999997,1199.1583333333333
9572,14866,572902,679.56,1199.1583333333333
9573,14866,573840,772.4399999999999,1199.1583333333333
9574,14866,573846,1374.26,1199.1583333333333
9575,14866,578356,197.28,1199.1583333333333
9576,14866,579339,337.28,1199.1583333333333
9577,14867,540493,300.74,236.76
9578,14867,551876,313.4,236.76
9579,14867,555808,96.14,236.76
9580,14868,550778,439.33,369.19874999999996
9581,14868,558647,439.74,369.19874999999996
9582,14868,558653,17.4,369.19874999999996
9583,14868,563036,400.59999999999997,369.19874999999996
9584,14868,568800,337.7,369.19874999999996
9585,14868,574737,558.59,369.19874999999996
9586,14868,577333,370.14,369.19874999999996
9587,14868,580963,390.09,369.19874999999996
9588,14869,564747,391.31,362.85
9589,14869,580044,334.39,362.85
9590,14870,547428,327.25,327.25
9591,14871,538810,140.4,130.595
9592,14871,548156,108.2,130.595
9593,14871,556782,106.15,130.595
9594,14871,580914,167.63,130.595
9595,14873,553146,519.68,519.68
9596,14875,547340,362.0,732.66
9597,14875,564305,1103.32,732.66
9598,14878,539201,322.01,165.06
9599,14878,544448,111.88,165.06
9600,14878,547866,197.89,165.06
9601,14878,554082,219.96,165.06
9602,14878,556468,111.03,165.06
9603,14878,557266,120.25,165.06
9604,14878,567168,110.69,165.06
9605,14878,574279,142.98,165.06
9606,14878,578855,148.85,165.06
9607,14880,544898,129.2,235.39666666666668
9608,14880,555847,234.07,235.39666666666668
9609,14880,568064,342.92,235.39666666666668
9610,14881,577429,255.4,255.4
9611,14882,574586,247.9,294.85
9612,14882,575968,341.8,294.85
9613,14883,552877,310.56,126.93166666666667
9614,14883,558386,47.92,126.93166666666667
9615,14883,568550,29.3,126.93166666666667
9616,14883,568551,184.21,126.93166666666667
9617,14883,573484,94.08,126.93166666666667
9618,14883,577617,95.52000000000001,126.93166666666667
9619,14885,561875,765.3199999999999,765.3199999999999
9620,14886,548551,364.8,364.8
9621,14887,567669,1862.0,1862.0
9622,14888,553377,369.2,369.2
9623,14889,540479,135.9,135.9
9624,14890,548459,125.65,125.65
9625,14891,555518,449.38,277.19
9626,14891,560101,105.0,277.19
9627,14893,579091,809.12,618.925
9628,14893,579666,428.73,618.925
9629,14894,566891,655.75,655.75
9630,14895,544657,2346.34,556.9355
9631,14895,548743,500.35,556.9355
9632,14895,553739,1073.09,556.9355
9633,14895,556434,658.78,556.9355
9634,14895,556435,151.2,556.9355
9635,14895,560273,372.3,556.9355
9636,14895,560274,91.73,556.9355
9637,14895,560275,15.0,556.9355
9638,14895,563931,833.32,556.9355
9639,14895,563932,39.6,556.9355
9640,14895,566213,1732.93,556.9355
9641,14895,566214,51.0,556.9355
9642,14895,566215,109.15,556.9355
9643,14895,572511,454.2,556.9355
9644,14895,573388,965.78,556.9355
9645,14895,573389,47.4,556.9355
9646,14895,575504,770.92,556.9355
9647,14895,580140,849.24,556.9355
9648,14895,580141,25.2,556.9355
9649,14895,580142,51.18,556.9355
9650,14896,538011,257.22,234.38500000000002
9651,14896,553752,211.55,234.38500000000002
9652,14897,544091,175.5,341.595
9653,14897,566448,169.9,341.595
9654,14897,571560,400.92,341.595
9655,14897,580156,620.0600000000001,341.595
9656,14898,536994,98.5,217.25333333333333
9657,14898,541294,157.2,217.25333333333333
9658,14898,543596,168.35,217.25333333333333
9659,14898,549956,186.88,217.25333333333333
9660,14898,561626,400.37,217.25333333333333
9661,14898,576830,292.22,217.25333333333333
9662,14901,536633,204.15,157.92111111111112
9663,14901,537694,158.25,157.92111111111112
9664,14901,538753,134.64999999999998,157.92111111111112
9665,14901,562780,159.64,157.92111111111112
9666,14901,564816,165.43,157.92111111111112
9667,14901,566452,129.32999999999998,157.92111111111112
9668,14901,568414,142.38,157.92111111111112
9669,14901,574966,132.64000000000001,157.92111111111112
9670,14901,579255,194.82,157.92111111111112
9671,14902,576112,332.66,332.66
9672,14903,545683,533.18,562.126
9673,14903,549261,580.58,562.126
9674,14903,554275,686.47,562.126
9675,14903,562574,611.59,562.126
9676,14903,577359,398.81,562.126
9677,14904,576095,396.96,512.72
9678,14904,581133,628.48,512.72
9679,14905,550701,308.55,308.075
9680,14905,559006,307.59999999999997,308.075
9681,14907,537464,618.0699999999999,500.15714285714284
9682,14907,538715,325.21999999999997,500.15714285714284
9683,14907,538716,17.4,500.15714285714284
9684,14907,560120,971.13,500.15714285714284
9685,14907,565201,676.36,500.15714285714284
9686,14907,575877,416.56,500.15714285714284
9687,14907,580939,476.36,500.15714285714284
9688,14908,568313,277.8,277.8
9689,14910,571263,214.41,108.5875
9690,14910,575045,101.64,108.5875
9691,14910,576361,7.5,108.5875
9692,14910,581017,110.8,108.5875
9693,14911,536540,540.38,715.5475621890547
9694,14911,536541,15.0,715.5475621890547
9695,14911,536803,22.5,715.5475621890547
9696,14911,536975,1705.65,715.5475621890547
9697,14911,537368,377.5,715.5475621890547
9698,14911,537378,784.15,715.5475621890547
9699,14911,537386,20.85,715.5475621890547
9700,14911,538009,945.55,715.5475621890547
9701,14911,538255,1156.05,715.5475621890547
9702,14911,539320,707.06,715.5475621890547
9703,14911,539473,411.1,715.5475621890547
9704,14911,539722,762.3,715.5475621890547
9705,14911,539984,289.85,715.5475621890547
9706,14911,540547,258.0,715.5475621890547
9707,14911,541434,465.58,715.5475621890547
9708,14911,541670,2756.84,715.5475621890547
9709,14911,541979,282.44,715.5475621890547
9710,14911,542216,802.56,715.5475621890547
9711,14911,542278,564.05,715.5475621890547
9712,14911,542777,797.77,715.5475621890547
9713,14911,543178,229.6,715.5475621890547
9714,14911,544210,281.12,715.5475621890547
9715,14911,544390,162.7,715.5475621890547
9716,14911,545634,308.18,715.5475621890547
9717,14911,545657,877.31,715.5475621890547
9718,14911,546328,1687.17,715.5475621890547
9719,14911,546329,1687.17,715.5475621890547
9720,14911,546509,522.6,715.5475621890547
9721,14911,546520,706.6,715.5475621890547
9722,14911,546541,596.05,715.5475621890547
9723,14911,546580,870.59,715.5475621890547
9724,14911,546861,381.78,715.5475621890547
9725,14911,546917,743.71,715.5475621890547
9726,14911,547048,197.8,715.5475621890547
9727,14911,547702,415.45,715.5475621890547
9728,14911,547789,750.37,715.5475621890547
9729,14911,547882,539.0,715.5475621890547
9730,14911,548449,168.4,715.5475621890547
9731,14911,548664,1407.19,715.5475621890547
9732,14911,548858,264.3,715.5475621890547
9733,14911,549118,955.99,715.5475621890547
9734,14911,549196,356.23,715.5475621890547
9735,14911,549242,227.18,715.5475621890547
9736,14911,549667,744.41,715.5475621890547
9737,14911,549721,254.12,715.5475621890547
9738,14911,551187,362.9,715.5475621890547
9739,14911,551656,619.2,715.5475621890547
9740,14911,551657,545.01,715.5475621890547
9741,14911,551950,366.86,715.5475621890547
9742,14911,552262,862.53,715.5475621890547
9743,14911,553203,603.78,715.5475621890547
9744,14911,553348,754.81,715.5475621890547
9745,14911,553375,1184.22,715.5475621890547
9746,14911,553686,1414.36,715.5475621890547
9747,14911,553897,267.46,715.5475621890547
9748,14911,553901,936.34,715.5475621890547
9749,14911,553931,380.32,715.5475621890547
9750,14911,554139,1007.75,715.5475621890547
9751,14911,554770,482.44,715.5475621890547
9752,14911,554776,5.8,715.5475621890547
9753,14911,554791,5.8,715.5475621890547
9754,14911,555858,254.31,715.5475621890547
9755,14911,555947,2233.2799999999997,715.5475621890547
9756,14911,556060,1118.04,715.5475621890547
9757,14911,556126,338.0,715.5475621890547
9758,14911,556206,646.27,715.5475621890547
9759,14911,556510,821.32,715.5475621890547
9760,14911,556953,1012.86,715.5475621890547
9761,14911,557136,626.13,715.5475621890547
9762,14911,557318,303.3,715.5475621890547
9763,14911,557605,147.4,715.5475621890547
9764,14911,557742,526.16,715.5475621890547
9765,14911,557872,370.85,715.5475621890547
9766,14911,557880,1.45,715.5475621890547
9767,14911,558113,616.17,715.5475621890547
9768,14911,558114,200.15,715.5475621890547
9769,14911,558431,106.15,715.5475621890547
9770,14911,558613,756.36,715.5475621890547
9771,14911,558640,138.5,715.5475621890547
9772,14911,559010,205.6,715.5475621890547
9773,14911,560036,1147.1,715.5475621890547
9774,14911,560300,800.46,715.5475621890547
9775,14911,560451,1527.0,715.5475621890547
9776,14911,560534,390.98,715.5475621890547
9777,14911,560894,751.75,715.5475621890547
9778,14911,560916,325.64,715.5475621890547
9779,14911,560922,260.9,715.5475621890547
9780,14911,561257,396.77,715.5475621890547
9781,14911,561471,660.26,715.5475621890547
9782,14911,561472,104.25,715.5475621890547
9783,14911,561631,624.22,715.5475621890547
9784,14911,561645,4345.1,715.5475621890547
9785,14911,561798,728.9399999999999,715.5475621890547
9786,14911,561870,1056.11,715.5475621890547
9787,14911,562374,4345.1,715.5475621890547
9788,14911,562670,829.96,715.5475621890547
9789,14911,562960,438.4,715.5475621890547
9790,14911,562973,1234.0,715.5475621890547
9791,14911,563098,1396.66,715.5475621890547
9792,14911,563169,768.97,715.5475621890547
9793,14911,563685,131.85,715.5475621890547
9794,14911,563848,989.49,715.5475621890547
9795,14911,563913,458.9,715.5475621890547
9796,14911,564085,50.0,715.5475621890547
9797,14911,564565,812.02,715.5475621890547
9798,14911,564654,640.14,715.5475621890547
9799,14911,565213,2242.3199999999997,715.5475621890547
9800,14911,565214,1638.24,715.5475621890547
9801,14911,565289,749.13,715.5475621890547
9802,14911,565800,809.0699999999999,715.5475621890547
9803,14911,565851,637.29,715.5475621890547
9804,14911,565857,1464.58,715.5475621890547
9805,14911,566625,781.11,715.5475621890547
9806,14911,566776,368.37,715.5475621890547
9807,14911,566846,325.15999999999997,715.5475621890547
9808,14911,567334,648.48,715.5475621890547
9809,14911,567378,948.47,715.5475621890547
9810,14911,567428,849.92,715.5475621890547
9811,14911,567616,381.22,715.5475621890547
9812,14911,567720,434.1,715.5475621890547
9813,14911,567899,809.8199999999999,715.5475621890547
9814,14911,567900,10.5,715.5475621890547
9815,14911,568048,1261.09,715.5475621890547
9816,14911,568095,2241.81,715.5475621890547
9817,14911,568221,418.22,715.5475621890547
9818,14911,568310,737.92,715.5475621890547
9819,14911,568417,776.3000000000001,715.5475621890547
9820,14911,568654,1297.85,715.5475621890547
9821,14911,568656,141.62,715.5475621890547
9822,14911,568698,530.77,715.5475621890547
9823,14911,568706,329.75,715.5475621890547
9824,14911,568707,50.400000000000006,715.5475621890547
9825,14911,569028,272.15999999999997,715.5475621890547
9826,14911,569130,116.3,715.5475621890547
9827,14911,569739,421.3,715.5475621890547
9828,14911,570016,904.14,715.5475621890547
9829,14911,570388,1209.8799999999999,715.5475621890547
9830,14911,570485,17.4,715.5475621890547
9831,14911,570651,321.35,715.5475621890547
9832,14911,570657,485.8,715.5475621890547
9833,14911,570674,768.64,715.5475621890547
9834,14911,570694,214.3,715.5475621890547
9835,14911,570703,803.24,715.5475621890547
9836,14911,570706,25.5,715.5475621890547
9837,14911,570839,749.67,715.5475621890547
9838,14911,571377,292.0,715.5475621890547
9839,14911,571409,964.22,715.5475621890547
9840,14911,571425,690.34,715.5475621890547
9841,14911,571446,1761.24,715.5475621890547
9842,14911,571447,118.44,715.5475621890547
9843,14911,571559,808.15,715.5475621890547
9844,14911,571745,1588.75,715.5475621890547
9845,14911,571937,2856.14,715.5475621890547
9846,14911,572069,765.21,715.5475621890547
9847,14911,572127,906.09,715.5475621890547
9848,14911,572459,646.02,715.5475621890547
9849,14911,573391,501.66,715.5475621890547
9850,14911,573581,596.91,715.5475621890547
9851,14911,573748,1212.67,715.5475621890547
9852,14911,573892,834.38,715.5475621890547
9853,14911,574745,220.64,715.5475621890547
9854,14911,574874,332.36,715.5475621890547
9855,14911,574938,206.9,715.5475621890547
9856,14911,575486,826.04,715.5475621890547
9857,14911,575728,1003.03,715.5475621890547
9858,14911,575751,1674.65,715.5475621890547
9859,14911,575871,461.32,715.5475621890547
9860,14911,575933,1285.44,715.5475621890547
9861,14911,576051,2068.49,715.5475621890547
9862,14911,576141,348.21,715.5475621890547
9863,14911,576371,405.07,715.5475621890547
9864,14911,576595,376.58000000000004,715.5475621890547
9865,14911,576596,107.8,715.5475621890547
9866,14911,576603,524.28,715.5475621890547
9867,14911,576880,350.62,715.5475621890547
9868,14911,576899,759.48,715.5475621890547
9869,14911,577061,842.9399999999999,715.5475621890547
9870,14911,577355,785.5600000000001,715.5475621890547
9871,14911,577479,917.54,715.5475621890547
9872,14911,577607,95.4,715.5475621890547
9873,14911,577613,805.2,715.5475621890547
9874,14911,577850,1136.96,715.5475621890547
9875,14911,578054,616.0,715.5475621890547
9876,14911,578093,302.24,715.5475621890547
9877,14911,578105,177.33,715.5475621890547
9878,14911,578331,207.14,715.5475621890547
9879,14911,578792,293.78999999999996,715.5475621890547
9880,14911,578994,829.91,715.5475621890547
9881,14911,579069,1073.23,715.5475621890547
9882,14911,579102,805.6,715.5475621890547
9883,14911,579539,350.96999999999997,715.5475621890547
9884,14911,579768,482.96000000000004,715.5475621890547
9885,14911,579910,367.75,715.5475621890547
9886,14911,580127,309.2,715.5475621890547
9887,14911,580528,773.54,715.5475621890547
9888,14911,580555,512.0,715.5475621890547
9889,14911,580557,75.4,715.5475621890547
9890,14911,581003,1273.1499999999999,715.5475621890547
9891,14911,581006,1186.78,715.5475621890547
9892,14911,581098,1396.96,715.5475621890547
9893,14911,581433,1084.1399999999999,715.5475621890547
9894,14912,549233,482.78999999999996,433.92499999999995
9895,14912,578108,385.06,433.92499999999995
9896,14913,539036,300.87,306.85749999999996
9897,14913,546317,314.96,306.85749999999996
9898,14913,556214,301.32,306.85749999999996
9899,14913,574326,310.28,306.85749999999996
9900,14915,545708,142.28,153.74
9901,14915,566192,165.2,153.74
9902,14916,541594,295.05,317.245
9903,14916,559864,406.23,317.245
9904,14916,565796,266.48,317.245
9905,14916,569016,301.21999999999997,317.245
9906,14918,559457,765.42,805.075
9907,14918,563430,844.73,805.075
9908,14920,552726,405.53,488.885
9909,14920,552727,572.24,488.885
9910,14921,554096,903.01,658.035
9911,14921,575318,413.06,658.035
9912,14923,572030,749.1,749.1
9913,14924,549311,310.05,310.05
9914,14929,574940,223.88,223.88
9915,14930,546252,1104.13,790.9533333333334
9916,14930,564093,1103.15,790.9533333333334
9917,14930,564095,165.58,790.9533333333334
9918,14931,549914,293.0,251.536
9919,14931,553559,293.0,251.536
9920,14931,568242,261.65,251.536
9921,14931,576904,211.63,251.536
9922,14931,580558,198.4,251.536
9923,14932,538002,363.53,363.53
9924,14934,545399,828.84,945.47
9925,14934,567197,1062.1,945.47
9926,14935,544073,1784.71,1784.71
9927,14936,546091,1576.36,1017.1274999999999
9928,14936,557222,2060.03,1017.1274999999999
9929,14936,564150,1436.49,1017.1274999999999
9930,14936,569556,1105.16,1017.1274999999999
9931,14936,569557,33.0,1017.1274999999999
9932,14936,569558,622.84,1017.1274999999999
9933,14936,574587,1228.24,1017.1274999999999
9934,14936,574588,74.9,1017.1274999999999
9935,14937,562017,759.5600000000001,540.6266666666667
9936,14937,571201,649.92,540.6266666666667
9937,14937,571202,212.4,540.6266666666667
9938,14944,544158,132.6,491.6875
9939,14944,544159,621.69,491.6875
9940,14944,552134,550.12,491.6875
9941,14944,552135,19.92,491.6875
9942,14944,555704,507.7,491.6875
9943,14944,560285,675.6999999999999,491.6875
9944,14944,565670,656.46,491.6875
9945,14944,568082,1308.82,491.6875
9946,14944,568086,449.5,491.6875
9947,14944,575495,754.66,491.6875
9948,14944,575496,188.4,491.6875
9949,14944,575497,34.68,491.6875
9950,14946,578813,100.9,100.9
9951,14947,561905,178.5,145.41
9952,14947,568711,112.32,145.41
9953,14948,551852,278.4,183.66166666666663
9954,14948,561084,265.27,183.66166666666663
9955,14948,563981,13.2,183.66166666666663
9956,14948,565338,82.36,183.66166666666663
9957,14948,568915,195.04,183.66166666666663
9958,14948,576888,267.7,183.66166666666663
9959,14950,577530,371.2,371.2
9960,14951,567663,311.69,311.69
9961,14952,538279,686.1600000000001,736.3172727272727
9962,14952,543286,972.72,736.3172727272727
9963,14952,545041,524.95,736.3172727272727
9964,14952,553344,298.8,736.3172727272727
9965,14952,553404,392.88,736.3172727272727
9966,14952,553405,581.6,736.3172727272727
9967,14952,553406,77.5,736.3172727272727
9968,14952,566395,683.8,736.3172727272727
9969,14952,568781,2505.8399999999997,736.3172727272727
9970,14952,570512,424.79999999999995,736.3172727272727
9971,14952,570513,950.44,736.3172727272727
9972,14953,576321,289.82,289.82
9973,14954,578949,336.17,336.17
9974,14957,548541,58.49,58.49
9975,14958,549372,210.65,166.56
9976,14958,555916,181.63,166.56
9977,14958,560210,107.4,166.56
9978,14959,544162,178.66,173.855
9979,14959,552264,243.72,173.855
9980,14959,563939,114.94,173.855
9981,14959,569948,158.1,173.855
9982,14960,557618,88.3,110.63499999999999
9983,14960,580050,132.97,110.63499999999999
9984,14961,538783,976.7,782.7422222222223
9985,14961,538785,206.0,782.7422222222223
9986,14961,544037,920.33,782.7422222222223
9987,14961,549192,348.85,782.7422222222223
9988,14961,550968,727.78,782.7422222222223
9989,14961,559510,727.32,782.7422222222223
9990,14961,566193,1010.95,782.7422222222223
9991,14961,567341,982.0,782.7422222222223
9992,14961,579267,1144.75,782.7422222222223
9993,14962,546436,126.7,126.7
9994,14963,556198,294.2,297.56
9995,14963,570983,314.15,297.56
9996,14963,574682,310.39,297.56
9997,14963,577698,320.89,297.56
9998,14963,579629,248.17000000000002,297.56
9999,14964,549125,206.21,206.21
10000,14965,565431,474.5,299.5
10001,14965,565433,124.5,299.5
10002,14966,578790,191.32,191.32
10003,14967,572188,463.8,463.8
10004,14968,575336,147.59,147.59
10005,14970,542355,337.5,398.015
10006,14970,548651,444.75,398.015
10007,14970,561199,337.5,398.015
10008,14970,569221,472.31,398.015
10009,14971,573029,616.36,372.19
10010,14971,574575,491.51,372.19
10011,14971,574576,8.7,372.19
10012,14972,562233,114.77,114.77
10013,14973,551393,654.6,438.15000000000003
10014,14973,561654,356.89,438.15000000000003
10015,14973,564357,302.96000000000004,438.15000000000003
10016,14974,574040,114.39,114.39
10017,14975,571055,279.94,279.94
10018,14976,541270,155.95,112.98
10019,14976,546235,115.57000000000001,112.98
10020,14976,554969,178.74,112.98
10021,14976,564852,109.7,112.98
10022,14976,571106,209.4,112.98
10023,14976,571109,6.5,112.98
10024,14976,571111,15.0,112.98
10025,14978,541018,310.26,386.284
10026,14978,542221,379.28000000000003,386.284
10027,14978,544778,452.91,386.284
10028,14978,550360,394.83,386.284
10029,14978,568670,394.14,386.284
10030,14981,549285,102.12,102.12
10031,14984,556465,110.17999999999999,106.63499999999999
10032,14984,577540,103.09,106.63499999999999
10033,14985,539324,124.51,148.375
10034,14985,554663,172.24,148.375
10035,14987,538006,163.2,163.2
10036,14987,578351,163.2,163.2
10037,14988,552951,334.54,334.54
10038,14995,545649,119.31,116.61500000000001
10039,14995,573841,113.92,116.61500000000001
10040,14997,556811,155.28,182.06666666666663
10041,14997,566402,278.4,182.06666666666663
10042,14997,572466,112.52,182.06666666666663
10043,14998,549906,183.64,214.935
10044,14998,557793,246.23,214.935
10045,15000,572283,490.52,490.52
10046,15002,537606,631.65,410.44
10047,15002,540146,261.5,410.44
10048,15002,544100,254.44,410.44
10049,15002,563377,494.17,410.44
10050,15004,560209,1246.32,1246.32
10051,15005,537825,222.5,225.5917857142857
10052,15005,539010,247.91,225.5917857142857
10053,15005,540533,141.05,225.5917857142857
10054,15005,543020,203.58,225.5917857142857
10055,15005,545559,288.47,225.5917857142857
10056,15005,546537,181.44,225.5917857142857
10057,15005,549245,144.86,225.5917857142857
10058,15005,550033,193.96,225.5917857142857
10059,15005,551284,253.94,225.5917857142857
10060,15005,551987,250.47,225.5917857142857
10061,15005,553522,274.29,225.5917857142857
10062,15005,554812,252.32999999999998,225.5917857142857
10063,15005,555564,296.32,225.5917857142857
10064,15005,556912,289.86,225.5917857142857
10065,15005,558538,246.82,225.5917857142857
10066,15005,560024,244.87,225.5917857142857
10067,15005,560942,164.92,225.5917857142857
10068,15005,562341,192.28,225.5917857142857
10069,15005,564187,237.21,225.5917857142857
10070,15005,565478,195.42,225.5917857142857
10071,15005,566847,261.15,225.5917857142857
10072,15005,567817,165.14,225.5917857142857
10073,15005,570111,160.9,225.5917857142857
10074,15005,571031,166.48,225.5917857142857
10075,15005,572866,184.01,225.5917857142857
10076,15005,575039,327.22,225.5917857142857
10077,15005,576065,340.41,225.5917857142857
10078,15005,578445,188.76,225.5917857142857
10079,15006,571909,502.09,502.09
10080,15007,558772,156.91,156.91
10081,15009,576364,592.5600000000001,420.5933333333333
10082,15009,577469,320.38,420.5933333333333
10083,15009,578943,348.84,420.5933333333333
10084,15010,574480,308.94,308.94
10085,15012,536522,191.06,211.51999999999998
10086,15012,571408,231.98,211.51999999999998
10087,15014,557127,117.72999999999999,130.08499999999998
10088,15014,573150,142.44,130.08499999999998
10089,15016,557426,170.04,170.04
10090,15017,574589,125.58,125.58
10091,15018,537470,111.25,165.40333333333334
10092,15018,548557,180.09,165.40333333333334
10093,15018,573875,204.87,165.40333333333334
10094,15019,546984,266.0,266.0
10095,15021,537769,205.64000000000001,212.75777777777776
10096,15021,547498,201.48,212.75777777777776
10097,15021,551956,277.97,212.75777777777776
10098,15021,557213,218.14,212.75777777777776
10099,15021,559109,215.85,212.75777777777776
10100,15021,566726,309.33,212.75777777777776
10101,15021,575958,32.17,212.75777777777776
10102,15021,575964,212.27,212.75777777777776
10103,15021,580025,241.97,212.75777777777776
10104,15022,572312,353.23,226.26
10105,15022,576045,288.3,226.26
10106,15022,576050,39.95,226.26
10107,15022,579132,223.56,226.26
10108,15023,537193,460.6,618.4327272727273
10109,15023,541489,577.3,618.4327272727273
10110,15023,545995,767.84,618.4327272727273
10111,15023,551982,1051.99,618.4327272727273
10112,15023,557954,817.83,618.4327272727273
10113,15023,558762,406.17999999999995,618.4327272727273
10114,15023,561616,357.7,618.4327272727273
10115,15023,563360,670.88,618.4327272727273
10116,15023,573138,695.03,618.4327272727273
10117,15023,573695,305.77,618.4327272727273
10118,15023,580997,691.64,618.4327272727273
10119,15024,537608,444.42,166.13299999999998
10120,15024,537664,46.8,166.13299999999998
10121,15024,544151,196.87,166.13299999999998
10122,15024,562094,69.6,166.13299999999998
10123,15024,563738,87.93,166.13299999999998
10124,15024,570634,148.45,166.13299999999998
10125,15024,570642,73.66,166.13299999999998
10126,15024,575842,289.19,166.13299999999998
10127,15024,579605,295.91,166.13299999999998
10128,15024,579612,8.5,166.13299999999998
10129,15025,574734,377.01,377.01
10130,15026,545851,108.97999999999999,156.33333333333334
10131,15026,549970,121.8,156.33333333333334
10132,15026,567485,238.22,156.33333333333334
10133,15027,550286,341.4,266.5375
10134,15027,551856,312.72,266.5375
10135,15027,558053,312.85,266.5375
10136,15027,575204,99.17999999999999,266.5375
10137,15028,537371,185.97,156.7825
10138,15028,573183,307.71,156.7825
10139,15028,573196,18.75,156.7825
10140,15028,580074,114.7,156.7825
10141,15030,546772,152.76,259.14
10142,15030,568803,365.52,259.14
10143,15031,545429,150.83,167.035
10144,15031,563929,110.96000000000001,167.035
10145,15031,575490,230.82,167.035
10146,15031,580667,175.53,167.035
10147,15032,537793,2746.75,1653.0333333333335
10148,15032,537810,23.85,1653.0333333333335
10149,15032,547947,2188.5,1653.0333333333335
10150,15033,541213,570.07,258.66700000000003
10151,15033,547909,179.73,258.66700000000003
10152,15033,553189,419.34,258.66700000000003
10153,15033,558761,175.65,258.66700000000003
10154,15033,562720,36.89,258.66700000000003
10155,15033,564052,247.42000000000002,258.66700000000003
10156,15033,571475,344.38,258.66700000000003
10157,15033,573579,163.96,258.66700000000003
10158,15033,576228,281.43,258.66700000000003
10159,15033,580637,167.8,258.66700000000003
10160,15034,539659,842.9,538.57625
10161,15034,540248,583.45,538.57625
10162,15034,545676,246.76,538.57625
10163,15034,550835,791.97,538.57625
10164,15034,550837,199.75,538.57625
10165,15034,569129,634.03,538.57625
10166,15034,575867,813.75,538.57625
10167,15034,578427,196.0,538.57625
10168,15035,566234,252.73,252.73
10169,15036,556534,53.15,155.1833333333333
10170,15036,556915,192.54,155.1833333333333
10171,15036,568709,219.85999999999999,155.1833333333333
10172,15038,537045,126.42999999999999,117.58166666666666
10173,15038,549550,157.6,117.58166666666666
10174,15038,552267,117.33,117.58166666666666
10175,15038,555520,116.09,117.58166666666666
10176,15038,569206,173.04000000000002,117.58166666666666
10177,15038,570731,15.0,117.58166666666666
10178,15039,537262,611.51,423.7114893617021
10179,15039,538799,706.25,423.7114893617021
10180,15039,540023,794.66,423.7114893617021
10181,15039,540024,23.8,423.7114893617021
10182,15039,540568,646.54,423.7114893617021
10183,15039,541552,740.39,423.7114893617021
10184,15039,541886,481.41,423.7114893617021
10185,15039,541903,91.8,423.7114893617021
10186,15039,542791,439.3,423.7114893617021
10187,15039,543507,371.6,423.7114893617021
10188,15039,544112,375.78,423.7114893617021
10189,15039,545085,928.08,423.7114893617021
10190,15039,545103,11.9,423.7114893617021
10191,15039,545721,608.45,423.7114893617021
10192,15039,546486,377.88,423.7114893617021
10193,15039,547106,614.85,423.7114893617021
10194,15039,547903,407.09,423.7114893617021
10195,15039,548735,435.56,423.7114893617021
10196,15039,550035,787.84,423.7114893617021
10197,15039,550768,712.64,423.7114893617021
10198,15039,551033,354.26,423.7114893617021
10199,15039,551811,756.73,423.7114893617021
10200,15039,552333,553.35,423.7114893617021
10201,15039,553229,496.49,423.7114893617021
10202,15039,554628,659.35,423.7114893617021
10203,15039,555240,213.85999999999999,423.7114893617021
10204,15039,555979,891.42,423.7114893617021
10205,15039,556732,474.87,423.7114893617021
10206,15039,557604,653.3000000000001,423.7114893617021
10207,15039,558532,328.41,423.7114893617021
10208,15039,559401,185.81,423.7114893617021
10209,15039,559863,352.94,423.7114893617021
10210,15039,560689,312.9,423.7114893617021
10211,15039,562158,536.58,423.7114893617021
10212,15039,563543,685.61,423.7114893617021
10213,15039,563545,8.5,423.7114893617021
10214,15039,565118,559.72,423.7114893617021
10215,15039,566123,322.37,423.7114893617021
10216,15039,567472,272.24,423.7114893617021
10217,15039,569580,185.87,423.7114893617021
10218,15039,569583,2.95,423.7114893617021
10219,15039,571809,127.4,423.7114893617021
10220,15039,573879,137.97,423.7114893617021
10221,15039,575046,246.21,423.7114893617021
10222,15039,576190,137.58,423.7114893617021
10223,15039,578075,118.79,423.7114893617021
10224,15039,579560,171.63,423.7114893617021
10225,15041,557787,180.35,180.35
10226,15042,554515,135.93,135.93
10227,15043,575125,537.0,537.0
10228,15044,538514,835.95,452.9547058823529
10229,15044,539468,663.8,452.9547058823529
10230,15044,539826,615.6,452.9547058823529
10231,15044,539828,23.8,452.9547058823529
10232,15044,540664,263.0,452.9547058823529
10233,15044,543736,610.55,452.9547058823529
10234,15044,544305,205.5,452.9547058823529
10235,15044,547334,346.7,452.9547058823529
10236,15044,549826,440.5,452.9547058823529
10237,15044,549828,25.08,452.9547058823529
10238,15044,553369,474.85,452.9547058823529
10239,15044,557013,542.74,452.9547058823529
10240,15044,561329,154.21,452.9547058823529
10241,15044,568147,347.84999999999997,452.9547058823529
10242,15044,569535,444.71,452.9547058823529
10243,15044,573551,838.42,452.9547058823529
10244,15044,577519,866.97,452.9547058823529
10245,15045,547844,388.9,367.83
10246,15045,559605,346.76,367.83
10247,15046,540242,511.95,347.5846666666667
10248,15046,541251,258.25,347.5846666666667
10249,15046,542996,227.71,347.5846666666667
10250,15046,543630,121.28,347.5846666666667
10251,15046,545049,109.85,347.5846666666667
10252,15046,549937,328.55,347.5846666666667
10253,15046,554270,439.52,347.5846666666667
10254,15046,554976,320.35,347.5846666666667
10255,15046,557285,602.8,347.5846666666667
10256,15046,562378,943.07,347.5846666666667
10257,15046,565414,121.2,347.5846666666667
10258,15046,569471,244.06,347.5846666666667
10259,15046,572519,216.29,347.5846666666667
10260,15046,575476,453.23,347.5846666666667
10261,15046,579807,315.65999999999997,347.5846666666667
10262,15047,546563,343.62,343.62
10263,15048,537335,98.7,96.0125
10264,15048,551616,157.75,96.0125
10265,15048,563239,68.08,96.0125
10266,15048,569688,59.52,96.0125
10267,15049,546377,121.17000000000002,121.17000000000002
10268,15050,568901,1293.18,594.0300000000001
10269,15050,568913,30.0,594.0300000000001
10270,15050,576353,458.91,594.0300000000001
10271,15051,559812,377.74,463.86999999999995
10272,15051,572227,768.1899999999999,463.86999999999995
10273,15051,576848,245.68,463.86999999999995
10274,15052,541985,215.78,215.78
10275,15053,545514,222.65,232.59666666666666
10276,15053,559132,255.95,232.59666666666666
10277,15053,580619,219.19,232.59666666666666
10278,15054,573387,168.42,151.05
10279,15054,578954,133.68,151.05
10280,15057,542423,1131.0,744.75
10281,15057,546132,358.5,744.75
10282,15058,542733,120.52,193.18090909090907
10283,15058,542737,178.8,193.18090909090907
10284,15058,543798,178.75,193.18090909090907
10285,15058,549558,170.95,193.18090909090907
10286,15058,549560,91.74,193.18090909090907
10287,15058,556247,270.55,193.18090909090907
10288,15058,562564,234.35,193.18090909090907
10289,15058,567302,197.54999999999998,193.18090909090907
10290,15058,572106,200.82999999999998,193.18090909090907
10291,15058,576300,231.8,193.18090909090907
10292,15058,576318,249.15,193.18090909090907
10293,15059,540515,182.78,148.63555555555556
10294,15059,541840,2.95,148.63555555555556
10295,15059,544110,184.18,148.63555555555556
10296,15059,552278,199.11,148.63555555555556
10297,15059,557746,163.91,148.63555555555556
10298,15059,564319,103.47,148.63555555555556
10299,15059,564321,172.2,148.63555555555556
10300,15059,573332,150.21,148.63555555555556
10301,15059,573335,178.91,148.63555555555556
10302,15060,579690,141.72,75.7725
10303,15060,579711,141.88,75.7725
10304,15060,579725,2.88,75.7725
10305,15060,580069,16.61,75.7725
10306,15061,536783,4076.48,1136.1279166666666
10307,15061,536784,2170.9,1136.1279166666666
10308,15061,536785,2730.96,1136.1279166666666
10309,15061,536786,324.0,1136.1279166666666
10310,15061,536788,75.0,1136.1279166666666
10311,15061,536792,30.0,1136.1279166666666
10312,15061,537618,2022.16,1136.1279166666666
10313,15061,538191,5375.28,1136.1279166666666
10314,15061,538192,135.0,1136.1279166666666
10315,15061,538193,67.5,1136.1279166666666
10316,15061,538195,337.5,1136.1279166666666
10317,15061,538998,2605.88,1136.1279166666666
10318,15061,540648,969.87,1136.1279166666666
10319,15061,540649,404.12,1136.1279166666666
10320,15061,540939,2.46,1136.1279166666666
10321,15061,541488,780.5,1136.1279166666666
10322,15061,542143,561.3,1136.1279166666666
10323,15061,543788,2.42,1136.1279166666666
10324,15061,545412,597.81,1136.1279166666666
10325,15061,545413,255.0,1136.1279166666666
10326,15061,546526,285.0,1136.1279166666666
10327,15061,546527,149.4,1136.1279166666666
10328,15061,546540,512.28,1136.1279166666666
10329,15061,547419,1649.58,1136.1279166666666
10330,15061,548406,872.56,1136.1279166666666
10331,15061,548940,81.6,1136.1279166666666
10332,15061,551976,809.4,1136.1279166666666
10333,15061,551977,225.6,1136.1279166666666
10334,15061,552888,2613.36,1136.1279166666666
10335,15061,555934,557.6999999999999,1136.1279166666666
10336,15061,557572,870.3,1136.1279166666666
10337,15061,557573,69.12,1136.1279166666666
10338,15061,559139,477.9,1136.1279166666666
10339,15061,560924,647.92,1136.1279166666666
10340,15061,560925,1665.1999999999998,1136.1279166666666
10341,15061,561532,650.64,1136.1279166666666
10342,15061,562286,913.3,1136.1279166666666
10343,15061,568533,1031.28,1136.1279166666666
10344,15061,568536,291.24,1136.1279166666666
10345,15061,568537,1001.4,1136.1279166666666
10346,15061,568538,1668.84,1136.1279166666666
10347,15061,569724,491.4,1136.1279166666666
10348,15061,569725,141.6,1136.1279166666666
10349,15061,572193,3648.6,1136.1279166666666
10350,15061,574534,2118.12,1136.1279166666666
10351,15061,577487,333.36,1136.1279166666666
10352,15061,579284,3337.44,1136.1279166666666
10353,15061,580873,3895.8599999999997,1136.1279166666666
10354,15062,539042,209.08,246.965
10355,15062,545149,251.9,246.965
10356,15062,552054,353.06,246.965
10357,15062,568993,173.82,246.965
10358,15063,552644,370.79999999999995,370.79999999999995
10359,15065,544568,773.66,789.5325
10360,15065,551035,632.74,789.5325
10361,15065,558315,1452.35,789.5325
10362,15065,573924,299.38,789.5325
10363,15066,571438,893.59,893.59
10364,15067,545408,848.05,581.5866666666666
10365,15067,567850,538.6899999999999,581.5866666666666
10366,15067,567851,358.02,581.5866666666666
10367,15068,547937,239.96,276.68
10368,15068,572517,313.4,276.68
10369,15069,556579,1109.53,1109.53
10370,15070,536636,106.2,106.2
10371,15071,546038,588.6700000000001,491.035
10372,15071,565838,393.4,491.035
10373,15073,555591,430.98,347.80333333333334
10374,15073,555819,430.98,347.80333333333334
10375,15073,579548,181.45,347.80333333333334
10376,15074,564660,748.87,748.87
10377,15075,568047,773.03,773.03
10378,15076,557319,880.85,880.85
10379,15078,537365,449.95,304.4721875
10380,15078,537367,25.2,304.4721875
10381,15078,539570,327.6,304.4721875
10382,15078,539571,15.9,304.4721875
10383,15078,541977,379.7,304.4721875
10384,15078,544660,590.03,304.4721875
10385,15078,545035,430.26,304.4721875
10386,15078,547687,356.3,304.4721875
10387,15078,550662,544.26,304.4721875
10388,15078,550663,36.0,304.4721875
10389,15078,553933,573.66,304.4721875
10390,15078,553934,38.2,304.4721875
10391,15078,553936,71.4,304.4721875
10392,15078,555289,345.7,304.4721875
10393,15078,558919,455.45,304.4721875
10394,15078,558920,104.34,304.4721875
10395,15078,558921,20.8,304.4721875
10396,15078,561473,544.2,304.4721875
10397,15078,562775,494.6,304.4721875
10398,15078,563837,306.1,304.4721875
10399,15078,564572,577.94,304.4721875
10400,15078,564574,15.0,304.4721875
10401,15078,567307,573.2,304.4721875
10402,15078,568323,304.36,304.4721875
10403,15078,571235,423.42,304.4721875
10404,15078,571236,30.6,304.4721875
10405,15078,571237,25.2,304.4721875
10406,15078,574680,553.1,304.4721875
10407,15078,579011,307.56,304.4721875
10408,15078,580319,310.18,304.4721875
10409,15078,580320,462.5,304.4721875
10410,15078,580321,50.4,304.4721875
10411,15079,537882,141.95,223.9025
10412,15079,542538,367.29,223.9025
10413,15079,552813,314.47,223.9025
10414,15079,552814,71.9,223.9025
10415,15081,537655,111.15,100.96000000000001
10416,15081,553193,136.9,100.96000000000001
10417,15081,566719,88.19999999999999,100.96000000000001
10418,15081,569581,80.3,100.96000000000001
10419,15081,577103,88.25,100.96000000000001
10420,15083,547907,88.2,88.2
10421,15087,545471,306.94,306.94
10422,15088,569336,864.19,580.0350000000001
10423,15088,577308,295.88,580.0350000000001
10424,15089,562219,1221.56,403.47333333333336
10425,15089,564166,455.67,403.47333333333336
10426,15089,565784,359.05,403.47333333333336
10427,15089,572812,146.65,403.47333333333336
10428,15089,577072,99.7,403.47333333333336
10429,15089,579506,138.21,403.47333333333336
10430,15090,543242,381.32,381.32
10431,15091,569327,480.71,480.71
10432,15092,545300,323.16,228.90500000000003
10433,15092,552297,134.65,228.90500000000003
10434,15093,536839,623.73,766.1700000000001
10435,15093,540183,1220.4,766.1700000000001
10436,15093,545019,759.08,766.1700000000001
10437,15093,553472,793.47,766.1700000000001
10438,15093,563238,630.42,766.1700000000001
10439,15093,577732,569.9200000000001,766.1700000000001
10440,15095,554039,770.5,342.65
10441,15095,561455,267.32,342.65
10442,15095,564720,19.8,342.65
10443,15095,564721,312.98,342.65
10444,15096,573175,219.39,219.39
10445,15097,580664,248.08,248.08
10446,15098,556442,297.0,13305.5
10447,15098,556444,38970.0,13305.5
10448,15098,556446,649.5,13305.5
10449,15099,567096,410.48,410.48
10450,15100,536374,350.4,292.0
10451,15100,537767,350.4,292.0
10452,15100,540563,175.2,292.0
10453,15101,539006,102.28,158.765
10454,15101,579939,215.25,158.765
10455,15103,566733,291.68,351.68
10456,15103,575136,411.68,351.68
10457,15104,545419,374.64,513.72
10458,15104,554917,652.8,513.72
10459,15105,561542,532.98,328.4185714285714
10460,15105,566674,614.88,328.4185714285714
10461,15105,566675,28.68,328.4185714285714
10462,15105,569369,541.03,328.4185714285714
10463,15105,576392,332.46000000000004,328.4185714285714
10464,15105,577796,233.9,328.4185714285714
10465,15105,577797,15.0,328.4185714285714
10466,15106,546638,410.7,284.504
10467,15106,552869,367.75,284.504
10468,15106,560891,254.38,284.504
10469,15106,569677,269.63,284.504
10470,15106,577814,120.06,284.504
10471,15107,536748,116.0,53.25
10472,15107,538869,61.05,53.25
10473,15107,540542,78.2,53.25
10474,15107,540797,8.5,53.25
10475,15107,541109,14.95,53.25
10476,15107,542903,40.8,53.25
10477,15108,551013,191.4,325.0625
10478,15108,555542,387.05,325.0625
10479,15108,555721,45.0,325.0625
10480,15108,560783,676.8,325.0625
10481,15109,549317,484.95,484.95
10482,15110,542026,169.65,249.025
10483,15110,562451,206.9,249.025
10484,15110,572764,303.85,249.025
10485,15110,576660,315.7,249.025
10486,15111,536639,288.5,522.4933333333333
10487,15111,569401,949.3,522.4933333333333
10488,15111,575700,329.68,522.4933333333333
10489,15113,571289,2242.69,1203.11
10490,15113,576111,78.0,1203.11
10491,15113,579525,1288.64,1203.11
10492,15114,543648,259.05,276.056
10493,15114,549309,215.34,276.056
10494,15114,552193,243.51999999999998,276.056
10495,15114,556296,309.34,276.056
10496,15114,560088,135.62,276.056
10497,15114,563362,191.14,276.056
10498,15114,565855,324.96,276.056
10499,15114,567676,197.29,276.056
10500,15114,569008,376.02,276.056
10501,15114,575367,508.28,276.056
10502,15115,577756,340.11,340.11
10503,15116,553737,479.65,338.1875
10504,15116,561535,311.32,338.1875
10505,15116,571017,411.78,338.1875
10506,15116,577985,150.0,338.1875
10507,15117,552279,312.4,310.356
10508,15117,562999,363.33,310.356
10509,15117,572098,526.3,310.356
10510,15117,578154,1.65,310.356
10511,15117,578679,348.1,310.356
10512,15118,561638,244.8,244.8
10513,15119,549307,266.4,266.4
10514,15120,561693,358.82,358.82
10515,15121,544900,295.15,228.85999999999999
10516,15121,572093,162.57,228.85999999999999
10517,15122,543990,397.03999999999996,544.5933333333334
10518,15122,553912,533.57,544.5933333333334
10519,15122,563584,703.17,544.5933333333334
10520,15123,553527,1069.47,1099.655
10521,15123,580279,1129.84,1099.655
10522,15124,555159,90.75,92.095
10523,15124,576914,93.44,92.095
10524,15125,546438,3840.88,768.5653333333333
10525,15125,550007,527.0,768.5653333333333
10526,15125,553339,1820.6399999999999,768.5653333333333
10527,15125,553340,1122.2,768.5653333333333
10528,15125,556804,554.62,768.5653333333333
10529,15125,556805,213.8,768.5653333333333
10530,15125,556806,122.04,768.5653333333333
10531,15125,557517,179.0,768.5653333333333
10532,15125,559935,315.12,768.5653333333333
10533,15125,559936,49.92,768.5653333333333
10534,15125,561399,1049.38,768.5653333333333
10535,15125,563732,1000.88,768.5653333333333
10536,15125,570265,82.8,768.5653333333333
10537,15125,570266,292.2,768.5653333333333
10538,15125,576253,358.0,768.5653333333333
10539,15127,569574,406.53,406.53
10540,15128,551824,483.7,367.75
10541,15128,558028,374.4,367.75
10542,15128,562454,312.14,367.75
10543,15128,570425,300.76,367.75
10544,15129,544472,355.4,313.4
10545,15129,548153,304.4,313.4
10546,15129,551878,119.7,313.4
10547,15129,553036,340.88,313.4
10548,15129,556788,414.09999999999997,313.4
10549,15129,556789,14.85,313.4
10550,15129,556965,252.0,313.4
10551,15129,561191,299.4,313.4
10552,15129,562516,390.0,313.4
10553,15129,564382,306.0,313.4
10554,15129,572091,650.67,313.4
10555,15130,557802,330.11,330.11
10556,15132,547349,313.77,195.586
10557,15132,554351,176.1,195.586
10558,15132,564627,352.36,195.586
10559,15132,571228,106.19999999999999,195.586
10560,15132,577802,29.5,195.586
10561,15133,543657,333.2,327.4733333333333
10562,15133,547840,324.7,327.4733333333333
10563,15133,562284,324.52,327.4733333333333
10564,15134,549934,110.1,173.49875
10565,15134,552639,129.35,173.49875
10566,15134,556827,171.63,173.49875
10567,15134,562379,203.78,173.49875
10568,15134,568660,282.69,173.49875
10569,15134,572666,166.92,173.49875
10570,15134,575297,172.14,173.49875
10571,15134,578683,151.38,173.49875
10572,15135,550190,139.05,139.05
10573,15136,565453,582.9,321.675
10574,15136,577092,446.9,321.675
10575,15136,581118,212.4,321.675
10576,15136,581119,44.5,321.675
10577,15139,540461,122.1,89.47999999999999
10578,15139,550032,56.86,89.47999999999999
10579,15140,547076,446.15,336.32142857142856
10580,15140,550616,354.78000000000003,336.32142857142856
10581,15140,554597,326.52000000000004,336.32142857142856
10582,15140,563425,566.76,336.32142857142856
10583,15140,563426,33.9,336.32142857142856
10584,15140,567617,324.74,336.32142857142856
10585,15140,571683,301.4,336.32142857142856
10586,15142,572458,498.74,498.74
10587,15143,551390,259.45,259.45
10588,15144,542709,378.32,387.084705882353
10589,15144,547647,232.9,387.084705882353
10590,15144,547648,37.5,387.084705882353
10591,15144,551840,1030.7,387.084705882353
10592,15144,552174,15.6,387.084705882353
10593,15144,559341,443.2,387.084705882353
10594,15144,561087,261.42,387.084705882353
10595,15144,561088,62.400000000000006,387.084705882353
10596,15144,563718,506.90000000000003,387.084705882353
10597,15144,566016,591.9,387.084705882353
10598,15144,568784,141.6,387.084705882353
10599,15144,568786,303.2,387.084705882353
10600,15144,570863,416.6,387.084705882353
10601,15144,571706,206.6,387.084705882353
10602,15144,573109,729.46,387.084705882353
10603,15144,576372,696.24,387.084705882353
10604,15144,580101,525.9,387.084705882353
10605,15145,549017,422.23,298.6825
10606,15145,551170,301.8,298.6825
10607,15145,573019,312.34,298.6825
10608,15145,580728,158.35999999999999,298.6825
10609,15146,544571,834.22,663.58
10610,15146,558328,492.94,663.58
10611,15147,549984,623.5,623.5
10612,15148,579258,301.29,301.29
10613,15149,561702,520.8,520.8
10614,15150,546658,501.25,531.4469999999999
10615,15150,555638,816.82,531.4469999999999
10616,15150,559349,292.82,531.4469999999999
10617,15150,562220,304.42,531.4469999999999
10618,15150,564065,1654.31,531.4469999999999
10619,15150,568207,769.17,531.4469999999999
10620,15150,568415,29.7,531.4469999999999
10621,15150,574723,102.84,531.4469999999999
10622,15150,574749,550.55,531.4469999999999
10623,15150,578011,292.59,531.4469999999999
10624,15152,555570,756.1,365.0530769230769
10625,15152,560415,304.52,365.0530769230769
10626,15152,561366,310.72,365.0530769230769
10627,15152,562256,399.6,365.0530769230769
10628,15152,562598,309.06,365.0530769230769
10629,15152,563690,303.21,365.0530769230769
10630,15152,566973,329.02,365.0530769230769
10631,15152,570256,306.09,365.0530769230769
10632,15152,572237,310.21999999999997,365.0530769230769
10633,15152,575330,309.08,365.0530769230769
10634,15152,577475,439.8,365.0530769230769
10635,15152,579442,262.8,365.0530769230769
10636,15152,579668,405.46999999999997,365.0530769230769
10637,15153,575167,329.25,329.25
10638,15154,568212,296.42,296.42
10639,15156,574681,317.8,320.49666666666667
10640,15156,580544,391.46,320.49666666666667
10641,15156,581454,252.23,320.49666666666667
10642,15157,539250,1085.46,645.3566666666667
10643,15157,559464,419.90999999999997,645.3566666666667
10644,15157,580816,430.7,645.3566666666667
10645,15158,572683,401.40000000000003,401.40000000000003
10646,15159,538662,1822.88,621.367
10647,15159,538663,38.1,621.367
10648,15159,541208,272.64,621.367
10649,15159,542519,564.5,621.367
10650,15159,546441,446.8,621.367
10651,15159,546442,207.29999999999998,621.367
10652,15159,550712,850.7,621.367
10653,15159,550713,12.5,621.367
10654,15159,552336,399.15,621.367
10655,15159,553168,308.3,621.367
10656,15159,553169,103.5,621.367
10657,15159,556032,542.22,621.367
10658,15159,556035,54.48,621.367
10659,15159,556036,52.8,621.367
10660,15159,557625,469.72,621.367
10661,15159,559122,521.34,621.367
10662,15159,561236,908.46,621.367
10663,15159,563745,1394.58,621.367
10664,15159,566230,418.84,621.367
10665,15159,566232,175.04,621.367
10666,15159,569383,1395.09,621.367
10667,15159,569384,207.6,621.367
10668,15159,569386,243.6,621.367
10669,15159,572064,39.9,621.367
10670,15159,572066,3091.98,621.367
10671,15159,575705,826.7,621.367
10672,15159,577748,1437.5,621.367
10673,15159,580669,1352.48,621.367
10674,15159,580671,378.36,621.367
10675,15159,581333,103.95,621.367
10676,15160,539420,158.16,158.16
10677,15163,555119,155.0,152.235
10678,15163,577733,149.47,152.235
10679,15164,540043,173.39000000000001,281.01666666666665
10680,15164,553190,194.79,281.01666666666665
10681,15164,569212,474.87,281.01666666666665
10682,15165,536539,487.75,487.75
10683,15167,541845,163.0,163.0
10684,15168,576188,106.56,106.56
10685,15171,540983,1289.5,1289.5
10686,15172,550317,346.4,324.81
10687,15172,554855,179.8,324.81
10688,15172,561430,360.54,324.81
10689,15172,569124,361.21,324.81
10690,15172,580024,376.1,324.81
10691,15174,541700,135.75,135.75
10692,15175,568828,224.14,224.14
10693,15178,547694,40.5,40.5
10694,15179,541970,1285.62,441.39
10695,15179,548658,102.0,441.39
10696,15179,550660,67.5,441.39
10697,15179,571426,188.55,441.39
10698,15179,577729,563.28,441.39
10699,15180,537625,87.5,87.5
10700,15181,546631,300.0,229.82666666666668
10701,15181,557230,135.0,229.82666666666668
10702,15181,569515,254.48,229.82666666666668
10703,15182,546748,370.48,311.425
10704,15182,559469,252.37,311.425
10705,15184,555348,235.23000000000002,203.38
10706,15184,575631,171.53,203.38
10707,15185,569133,310.62,310.62
10708,15186,558056,229.26,205.70499999999998
10709,15186,578830,182.15,205.70499999999998
10710,15187,552830,431.6,298.57375
10711,15187,557966,607.2,298.57375
10712,15187,560052,413.64,298.57375
10713,15187,562036,99.6,298.57375
10714,15187,565452,316.84000000000003,298.57375
10715,15187,566080,15.0,298.57375
10716,15187,569012,194.18,298.57375
10717,15187,569013,303.0,298.57375
10718,15187,572105,306.0,298.57375
10719,15187,575180,306.0,298.57375
10720,15187,577035,341.15999999999997,298.57375
10721,15187,577830,174.6,298.57375
10722,15187,578512,435.88,298.57375
10723,15187,579916,402.96,298.57375
10724,15187,579917,99.6,298.57375
10725,15187,581327,329.92,298.57375
10726,15189,540802,418.48,395.74121951219513
10727,15189,542134,300.0,395.74121951219513
10728,15189,543396,313.66,395.74121951219513
10729,15189,544929,310.91999999999996,395.74121951219513
10730,15189,545426,276.66,395.74121951219513
10731,15189,546785,302.52,395.74121951219513
10732,15189,547516,385.79999999999995,395.74121951219513
10733,15189,548333,132.7,395.74121951219513
10734,15189,549305,152.3,395.74121951219513
10735,15189,549841,3.3,395.74121951219513
10736,15189,549996,375.35999999999996,395.74121951219513
10737,15189,549997,183.60000000000002,395.74121951219513
10738,15189,551341,459.45,395.74121951219513
10739,15189,553834,696.0999999999999,395.74121951219513
10740,15189,554798,610.6,395.74121951219513
10741,15189,555479,229.26000000000002,395.74121951219513
10742,15189,556062,379.5,395.74121951219513
10743,15189,557529,385.78,395.74121951219513
10744,15189,558443,403.44000000000005,395.74121951219513
10745,15189,559130,412.2,395.74121951219513
10746,15189,559827,431.8,395.74121951219513
10747,15189,560792,685.5,395.74121951219513
10748,15189,561004,304.87,395.74121951219513
10749,15189,561664,569.04,395.74121951219513
10750,15189,562713,576.8399999999999,395.74121951219513
10751,15189,563622,188.1,395.74121951219513
10752,15189,563623,1284.12,395.74121951219513
10753,15189,564369,356.64,395.74121951219513
10754,15189,565128,319.95,395.74121951219513
10755,15189,565740,430.32,395.74121951219513
10756,15189,565741,354.62,395.74121951219513
10757,15189,565877,304.24,395.74121951219513
10758,15189,566201,98.1,395.74121951219513
10759,15189,573132,393.6,395.74121951219513
10760,15189,575190,742.2,395.74121951219513
10761,15189,577055,599.16,395.74121951219513
10762,15189,578230,354.0,395.74121951219513
10763,15189,579466,306.0,395.74121951219513
10764,15189,580104,441.84000000000003,395.74121951219513
10765,15189,580890,348.72,395.74121951219513
10766,15189,581396,404.1,395.74121951219513
10767,15192,538097,315.0,348.1066666666666
10768,15192,555263,422.99,348.1066666666666
10769,15192,563150,306.33,348.1066666666666
10770,15193,570247,499.32,499.32
10771,15194,537409,406.15999999999997,507.76866666666666
10772,15194,538661,309.05,507.76866666666666
10773,15194,539240,843.78,507.76866666666666
10774,15194,540413,331.55,507.76866666666666
10775,15194,542729,315.57,507.76866666666666
10776,15194,545231,307.62,507.76866666666666
10777,15194,548974,335.07,507.76866666666666
10778,15194,552235,313.3,507.76866666666666
10779,15194,554542,499.08,507.76866666666666
10780,15194,557744,406.33,507.76866666666666
10781,15194,562456,402.02,507.76866666666666
10782,15194,566606,305.37,507.76866666666666
10783,15194,567936,713.3199999999999,507.76866666666666
10784,15194,574962,1421.67,507.76866666666666
10785,15194,580972,706.64,507.76866666666666
10786,15195,581115,3861.0,3861.0
10787,15197,539312,556.5,359.87000000000006
10788,15197,548618,216.75,359.87000000000006
10789,15197,579273,306.36,359.87000000000006
10790,15198,562589,107.64,96.82
10791,15198,566051,86.0,96.82
10792,15199,543243,353.1,317.175
10793,15199,550449,304.05,317.175
10794,15199,565679,310.6,317.175
10795,15199,570678,300.95,317.175
10796,15201,549123,301.48,247.308
10797,15201,553888,300.79,247.308
10798,15201,562524,301.41,247.308
10799,15201,562529,29.58,247.308
10800,15201,566592,303.28,247.308
10801,15203,542870,211.94,304.6333333333333
10802,15203,554669,480.96,304.6333333333333
10803,15203,561322,301.98,304.6333333333333
10804,15203,564562,333.44,304.6333333333333
10805,15203,567619,189.4,304.6333333333333
10806,15203,576081,310.08,304.6333333333333
10807,15204,539415,316.58,316.58
10808,15205,562392,476.29999999999995,326.62
10809,15205,566969,176.94,326.62
10810,15206,546029,17.7,105.07500000000002
10811,15206,560236,35.4,105.07500000000002
10812,15206,565120,183.60000000000002,105.07500000000002
10813,15206,579445,183.60000000000002,105.07500000000002
10814,15208,539717,65.4,174.024
10815,15208,558452,258.12,174.024
10816,15208,570183,172.3,174.024
10817,15208,575131,166.7,174.024
10818,15208,581448,207.6,174.024
10819,15210,551462,331.18,331.18
10820,15211,538145,383.07,447.205
10821,15211,570418,511.34,447.205
10822,15212,549839,101.8,101.8
10823,15213,541139,313.2,164.17499999999998
10824,15213,542081,15.15,164.17499999999998
10825,15214,549583,514.93,207.67999999999998
10826,15214,556116,136.7,207.67999999999998
10827,15214,568213,305.12,207.67999999999998
10828,15214,570014,104.6,207.67999999999998
10829,15214,573770,183.2,207.67999999999998
10830,15214,576403,108.43,207.67999999999998
10831,15214,579464,179.7,207.67999999999998
10832,15214,581335,128.76,207.67999999999998
10833,15215,565424,300.04,244.98000000000002
10834,15215,572353,381.0,244.98000000000002
10835,15215,572354,53.9,244.98000000000002
10836,15216,566555,96.6,96.6
10837,15218,542006,581.66,523.3536363636363
10838,15218,547103,527.85,523.3536363636363
10839,15218,552058,647.75,523.3536363636363
10840,15218,556721,690.3399999999999,523.3536363636363
10841,15218,561105,414.25,523.3536363636363
10842,15218,561109,298.2,523.3536363636363
10843,15218,563253,623.7,523.3536363636363
10844,15218,563254,81.6,523.3536363636363
10845,15218,568241,780.56,523.3536363636363
10846,15218,571301,303.3,523.3536363636363
10847,15218,579350,807.68,523.3536363636363
10848,15219,557116,305.75,305.75
10849,15220,545590,316.11,296.49333333333334
10850,15220,550179,195.68,296.49333333333334
10851,15220,553996,346.4,296.49333333333334
10852,15220,557848,88.62,296.49333333333334
10853,15220,563448,337.24,296.49333333333334
10854,15220,571847,494.91,296.49333333333334
10855,15221,537801,403.25,403.25
10856,15222,541988,585.0,585.0
10857,15223,548747,300.85,377.875
10858,15223,551384,454.90000000000003,377.875
10859,15224,538470,11.6,161.04
10860,15224,539264,310.47999999999996,161.04
10861,15225,550631,409.4,409.4
10862,15226,542989,154.41,154.41
10863,15227,542246,318.23,243.88000000000002
10864,15227,545152,306.84000000000003,243.88000000000002
10865,15227,552252,251.75,243.88000000000002
10866,15227,574194,312.58,243.88000000000002
10867,15227,574196,30.0,243.88000000000002
10868,15228,544339,904.85,846.6775
10869,15228,557893,348.6,846.6775
10870,15228,562085,970.58,846.6775
10871,15228,569514,1162.68,846.6775
10872,15230,549933,370.2,214.79999999999998
10873,15230,550150,59.4,214.79999999999998
10874,15232,560979,310.36,306.03
10875,15232,563721,301.7,306.03
10876,15234,545905,197.0,197.0
10877,15235,536594,79.5,187.29250000000002
10878,15235,537206,85.55,187.29250000000002
10879,15235,539933,529.59,187.29250000000002
10880,15235,540115,112.65,187.29250000000002
10881,15235,541800,169.75,187.29250000000002
10882,15235,541801,91.8,187.29250000000002
10883,15235,543132,172.3,187.29250000000002
10884,15235,543133,71.9,187.29250000000002
10885,15235,545076,147.9,187.29250000000002
10886,15235,549189,229.3,187.29250000000002
10887,15235,550173,186.5,187.29250000000002
10888,15235,552046,370.77,187.29250000000002
10889,15236,543836,321.05,321.05
10890,15237,551160,938.92,353.08
10891,15237,554042,154.73,353.08
10892,15237,567887,235.07,353.08
10893,15237,581223,83.6,353.08
10894,15238,556100,300.14,357.33
10895,15238,565616,472.64,357.33
10896,15238,575654,299.21,357.33
10897,15239,567709,461.78999999999996,390.29499999999996
10898,15239,579455,318.8,390.29499999999996
10899,15240,542776,312.9,341.31399999999996
10900,15240,549744,316.2,341.31399999999996
10901,15240,555195,416.28,341.31399999999996
10902,15240,567124,337.17,341.31399999999996
10903,15240,572762,324.02,341.31399999999996
10904,15241,545238,395.33,219.555
10905,15241,554835,201.97,219.555
10906,15241,555127,368.1,219.555
10907,15241,556115,99.96000000000001,219.555
10908,15241,559329,205.1,219.555
10909,15241,562421,74.4,219.555
10910,15241,568535,66.66,219.555
10911,15241,569405,344.92,219.555
10912,15243,568329,316.68,316.68
10913,15244,549015,297.94,315.78499999999997
10914,15244,569662,333.63,315.78499999999997
10915,15245,547510,1251.48,838.6133333333333
10916,15245,555550,486.24,838.6133333333333
10917,15245,561679,778.12,838.6133333333333
10918,15246,539089,186.0,257.075
10919,15246,550290,328.15,257.075
10920,15247,562777,356.0,356.0
10921,15249,547918,1001.8199999999999,514.496923076923
10922,15249,550285,327.2,514.496923076923
10923,15249,550714,478.2,514.496923076923
10924,15249,552467,485.76,514.496923076923
10925,15249,554860,548.39,514.496923076923
10926,15249,559256,819.0,514.496923076923
10927,15249,562283,615.5,514.496923076923
10928,15249,563111,384.6,514.496923076923
10929,15249,564224,330.74,514.496923076923
10930,15249,564227,365.82,514.496923076923
10931,15249,566162,282.31,514.496923076923
10932,15249,569629,641.57,514.496923076923
10933,15249,575036,407.55,514.496923076923
10934,15251,549746,2846.02,953.180909090909
10935,15251,553052,1249.7,953.180909090909
10936,15251,556751,1393.48,953.180909090909
10937,15251,559815,757.6,953.180909090909
10938,15251,560604,464.72,953.180909090909
10939,15251,562447,492.0,953.180909090909
10940,15251,564383,248.60000000000002,953.180909090909
10941,15251,566220,2243.7,953.180909090909
10942,15251,573356,246.85,953.180909090909
10943,15251,573357,178.44,953.180909090909
10944,15251,579759,363.88,953.180909090909
10945,15252,556216,300.55,370.39
10946,15252,574253,440.23,370.39
10947,15253,557864,173.85,183.64000000000001
10948,15253,566361,71.7,183.64000000000001
10949,15253,566364,395.05,183.64000000000001
10950,15253,578309,256.8,183.64000000000001
10951,15253,578311,20.8,183.64000000000001
10952,15254,562376,300.36,300.36
10953,15255,569481,890.85,890.85
10954,15256,559986,98.45,98.45
10955,15257,545305,317.15,317.15
10956,15258,552192,315.66,311.58000000000004
10957,15258,558035,307.5,311.58000000000004
10958,15260,536667,362.5,258.68142857142857
10959,15260,536670,58.0,258.68142857142857
10960,15260,550675,267.7,258.68142857142857
10961,15260,554027,194.4,258.68142857142857
10962,15260,555628,387.88,258.68142857142857
10963,15260,560736,345.14,258.68142857142857
10964,15260,564957,195.15,258.68142857142857
10965,15261,561518,254.82,254.82
10966,15262,541659,178.95,178.95
10967,15263,564377,156.51,156.51
10968,15264,569849,393.74,393.74
10969,15265,550438,712.24,753.06
10970,15265,559679,793.88,753.06
10971,15266,540184,119.3,119.3
10972,15267,556302,1035.76,343.472
10973,15267,559237,372.0,343.472
10974,15267,570723,120.0,343.472
10975,15267,573231,60.0,343.472
10976,15267,577088,129.6,343.472
10977,15269,576635,408.8,408.8
10978,15270,543011,375.4,339.9271428571428
10979,15270,543023,307.3,339.9271428571428
10980,15270,543688,330.8,339.9271428571428
10981,15270,550194,300.25,339.9271428571428
10982,15270,563198,536.54,339.9271428571428
10983,15270,578345,264.6,339.9271428571428
10984,15270,578346,264.6,339.9271428571428
10985,15271,538064,111.75,167.138
10986,15271,540265,253.1,167.138
10987,15271,550121,147.6,167.138
10988,15271,551660,106.66,167.138
10989,15271,553895,116.5,167.138
10990,15271,556497,175.09,167.138
10991,15271,558480,145.75,167.138
10992,15271,562105,174.11,167.138
10993,15271,563354,141.78,167.138
10994,15271,565674,224.28,167.138
10995,15271,571090,79.5,167.138
10996,15271,572475,364.14,167.138
10997,15271,574234,91.59,167.138
10998,15271,575976,183.14000000000001,167.138
10999,15271,580301,192.07999999999998,167.138
11000,15272,566760,298.96000000000004,360.97
11001,15272,571040,422.98,360.97
11002,15274,577746,383.99,358.28499999999997
11003,15274,580721,332.58,358.28499999999997
11004,15275,573992,615.14,615.14
11005,15276,569546,135.31,135.31
11006,15277,572327,255.9,255.9
11007,15279,539498,290.51,290.51
11008,15280,557518,113.12,113.12
11009,15281,540672,780.42,259.1277777777778
11010,15281,545000,234.15,259.1277777777778
11011,15281,549206,104.4,259.1277777777778
11012,15281,550958,252.23,259.1277777777778
11013,15281,554069,508.11,259.1277777777778
11014,15281,554703,48.1,259.1277777777778
11015,15281,560237,49.55,259.1277777777778
11016,15281,561221,214.82,259.1277777777778
11017,15281,570697,140.37,259.1277777777778
11018,15286,572189,240.55,240.55
11019,15287,569104,340.98,243.34500000000003
11020,15287,577083,145.71,243.34500000000003
11021,15288,538067,165.65,461.304
11022,15288,547075,986.75,461.304
11023,15288,554142,471.6,461.304
11024,15288,559199,382.36,461.304
11025,15288,573133,300.15999999999997,461.304
11026,15289,548801,375.45,313.26
11027,15289,561100,322.53,313.26
11028,15289,575639,241.79999999999998,313.26
11029,15290,539047,219.6,441.29
11030,15290,540998,289.5,441.29
11031,15290,541228,45.0,441.29
11032,15290,544352,298.73,441.29
11033,15290,545855,246.3,441.29
11034,15290,548170,280.85,441.29
11035,15290,550798,290.4,441.29
11036,15290,554040,362.19,441.29
11037,15290,558873,457.3,441.29
11038,15290,562202,526.22,441.29
11039,15290,564373,341.1,441.29
11040,15290,564714,35.4,441.29
11041,15290,567639,1067.28,441.29
11042,15290,573266,1510.3600000000001,441.29
11043,15290,575168,435.28,441.29
11044,15290,580116,1274.69,441.29
11045,15290,580606,60.4,441.29
11046,15290,580607,202.62,441.29
11047,15291,536376,328.79999999999995,311.22
11048,15291,539335,320.1,311.22
11049,15291,540986,408.29,311.22
11050,15291,541436,315.0,311.22
11051,15291,545889,45.0,311.22
11052,15291,546310,330.59999999999997,311.22
11053,15291,546782,232.4,311.22
11054,15291,548644,396.0,311.22
11055,15291,549046,303.4,311.22
11056,15291,556470,301.42,311.22
11057,15291,557325,325.26,311.22
11058,15291,565668,378.75,311.22
11059,15291,574513,461.15999999999997,311.22
11060,15291,574884,204.0,311.22
11061,15291,576175,318.12,311.22
11062,15292,554114,180.94,180.94
11063,15296,541280,1199.33,612.1433333333333
11064,15296,552825,578.48,612.1433333333333
11065,15296,556187,299.78,612.1433333333333
11066,15296,557152,13.899999999999999,612.1433333333333
11067,15296,564057,508.0,612.1433333333333
11068,15296,572028,1073.37,612.1433333333333
11069,15297,570010,230.46,213.98000000000002
11070,15297,575660,149.8,213.98000000000002
11071,15297,579507,261.68,213.98000000000002
11072,15298,537819,397.6,399.9916666666666
11073,15298,540249,305.74,399.9916666666666
11074,15298,541521,169.74,399.9916666666666
11075,15298,547361,365.36,399.9916666666666
11076,15298,555565,538.76,399.9916666666666
11077,15298,560734,990.0,399.9916666666666
11078,15298,565920,591.02,399.9916666666666
11079,15298,573326,463.82,399.9916666666666
11080,15298,573327,12.48,399.9916666666666
11081,15298,577031,301.64,399.9916666666666
11082,15298,579279,351.52,399.9916666666666
11083,15298,581194,312.21999999999997,399.9916666666666
11084,15299,536809,1003.2,643.8585714285715
11085,15299,536810,303.96,643.8585714285715
11086,15299,536811,527.85,643.8585714285715
11087,15299,547154,600.0,643.8585714285715
11088,15299,558381,600.0,643.8585714285715
11089,15299,569339,830.0,643.8585714285715
11090,15299,569340,642.0,643.8585714285715
11091,15300,569919,496.44,496.44
11092,15301,537346,673.37,422.5291666666667
11093,15301,546827,622.5,422.5291666666667
11094,15301,551136,501.22,422.5291666666667
11095,15301,553585,306.90999999999997,422.5291666666667
11096,15301,555577,557.85,422.5291666666667
11097,15301,555578,114.06,422.5291666666667
11098,15301,557464,37.2,422.5291666666667
11099,15301,560207,410.85,422.5291666666667
11100,15301,563617,523.84,422.5291666666667
11101,15301,568577,273.1,422.5291666666667
11102,15301,568578,445.69,422.5291666666667
11103,15301,571940,603.76,422.5291666666667
11104,15303,544661,574.02,574.02
11105,15304,537313,123.14999999999999,86.8
11106,15304,545467,105.45,86.8
11107,15304,547698,51.0,86.8
11108,15304,550345,51.0,86.8
11109,15304,551888,51.0,86.8
11110,15304,558259,110.3,86.8
11111,15304,566770,90.6,86.8
11112,15304,570270,111.9,86.8
11113,15306,560051,344.62,391.45
11114,15306,566021,312.45,391.45
11115,15306,569833,517.28,391.45
11116,15307,565488,205.3,205.3
11117,15308,546243,310.46999999999997,310.46999999999997
11118,15311,536381,449.98,667.7791208791209
11119,15311,537195,650.64,667.7791208791209
11120,15311,537808,251.08999999999997,667.7791208791209
11121,15311,538076,272.36,667.7791208791209
11122,15311,538651,280.94,667.7791208791209
11123,15311,538857,152.4,667.7791208791209
11124,15311,539247,228.5,667.7791208791209
11125,15311,539641,134.14,667.7791208791209
11126,15311,539982,256.61,667.7791208791209
11127,15311,540157,1145.33,667.7791208791209
11128,15311,540475,141.48000000000002,667.7791208791209
11129,15311,540680,434.03999999999996,667.7791208791209
11130,15311,540957,342.46000000000004,667.7791208791209
11131,15311,541216,416.53999999999996,667.7791208791209
11132,15311,541293,394.57,667.7791208791209
11133,15311,541575,577.02,667.7791208791209
11134,15311,541798,387.87,667.7791208791209
11135,15311,542003,1368.38,667.7791208791209
11136,15311,542409,305.25,667.7791208791209
11137,15311,542890,1003.23,667.7791208791209
11138,15311,543124,610.16,667.7791208791209
11139,15311,543463,694.27,667.7791208791209
11140,15311,543740,350.82,667.7791208791209
11141,15311,544062,784.74,667.7791208791209
11142,15311,544398,518.2,667.7791208791209
11143,15311,544777,726.83,667.7791208791209
11144,15311,545288,1390.06,667.7791208791209
11145,15311,545653,935.54,667.7791208791209
11146,15311,545991,896.7099999999999,667.7791208791209
11147,15311,546384,826.07,667.7791208791209
11148,15311,546528,2420.9500000000003,667.7791208791209
11149,15311,548856,25.09,667.7791208791209
11150,15311,548863,1713.74,667.7791208791209
11151,15311,549104,703.54,667.7791208791209
11152,15311,549542,862.8199999999999,667.7791208791209
11153,15311,550493,1026.6100000000001,667.7791208791209
11154,15311,551440,173.43,667.7791208791209
11155,15311,551839,453.02,667.7791208791209
11156,15311,552574,2764.29,667.7791208791209
11157,15311,553691,870.9200000000001,667.7791208791209
11158,15311,554268,638.24,667.7791208791209
11159,15311,554644,714.77,667.7791208791209
11160,15311,554939,373.03999999999996,667.7791208791209
11161,15311,555344,1541.98,667.7791208791209
11162,15311,555855,2517.44,667.7791208791209
11163,15311,556572,149.2,667.7791208791209
11164,15311,557225,411.48,667.7791208791209
11165,15311,557628,1966.66,667.7791208791209
11166,15311,558447,856.3199999999999,667.7791208791209
11167,15311,559141,683.91,667.7791208791209
11168,15311,559459,454.28,667.7791208791209
11169,15311,559905,152.81,667.7791208791209
11170,15311,560203,472.81,667.7791208791209
11171,15311,560552,750.9300000000001,667.7791208791209
11172,15311,560853,460.7,667.7791208791209
11173,15311,561295,1648.73,667.7791208791209
11174,15311,561677,112.56,667.7791208791209
11175,15311,562096,189.94,667.7791208791209
11176,15311,562619,159.92000000000002,667.7791208791209
11177,15311,562912,205.32,667.7791208791209
11178,15311,563262,626.0600000000001,667.7791208791209
11179,15311,563638,1964.85,667.7791208791209
11180,15311,563850,138.68,667.7791208791209
11181,15311,565309,300.2,667.7791208791209
11182,15311,565776,724.01,667.7791208791209
11183,15311,566558,679.69,667.7791208791209
11184,15311,567099,257.3,667.7791208791209
11185,15311,567626,597.45,667.7791208791209
11186,15311,567980,157.14,667.7791208791209
11187,15311,568505,626.52,667.7791208791209
11188,15311,569330,607.33,667.7791208791209
11189,15311,570096,291.26,667.7791208791209
11190,15311,570797,1229.42,667.7791208791209
11191,15311,571292,273.99,667.7791208791209
11192,15311,571628,131.4,667.7791208791209
11193,15311,572217,97.25,667.7791208791209
11194,15311,572885,423.81,667.7791208791209
11195,15311,573275,284.09000000000003,667.7791208791209
11196,15311,573865,358.59,667.7791208791209
11197,15311,574514,627.0,667.7791208791209
11198,15311,575321,275.41,667.7791208791209
11199,15311,575919,4041.18,667.7791208791209
11200,15311,576564,273.52,667.7791208791209
11201,15311,577321,266.91,667.7791208791209
11202,15311,578018,714.0899999999999,667.7791208791209
11203,15311,578523,150.76,667.7791208791209
11204,15311,578819,790.06,667.7791208791209
11205,15311,579432,282.18,667.7791208791209
11206,15311,580284,252.10999999999999,667.7791208791209
11207,15311,580904,429.36,667.7791208791209
11208,15311,581571,494.59999999999997,667.7791208791209
11209,15312,539580,289.74,231.2125
11210,15312,552311,318.15999999999997,231.2125
11211,15312,564737,186.9,231.2125
11212,15312,568171,130.05,231.2125
11213,15313,563934,52.0,52.0
11214,15314,554498,327.96999999999997,327.96999999999997
11215,15315,563361,233.54,285.25
11216,15315,569832,336.96,285.25
11217,15316,541276,165.0,165.0
11218,15318,580819,312.62,312.62
11219,15319,545303,204.5,204.5
11220,15320,572872,267.13,267.13
11221,15321,544484,1159.47,916.1033333333334
11222,15321,569020,1238.54,916.1033333333334
11223,15321,569021,350.3,916.1033333333334
11224,15322,566771,679.68,679.68
11225,15325,564719,162.29,162.29
11226,15326,540604,311.71,311.71
11227,15327,571638,208.75,208.75
11228,15329,557560,309.1,349.90000000000003
11229,15329,561650,444.9,349.90000000000003
11230,15329,573632,295.7,349.90000000000003
11231,15330,570356,320.4,357.48
11232,15330,574942,394.56,357.48
11233,15332,537081,1145.06,415.265
11234,15332,537086,438.0,415.265
11235,15332,537090,15.0,415.265
11236,15332,537827,63.0,415.265
11237,15333,553192,1028.56,1028.56
11238,15334,557296,114.5,117.22333333333334
11239,15334,558459,109.64,117.22333333333334
11240,15334,559107,127.53,117.22333333333334
11241,15335,571429,173.97,173.97
11242,15339,542100,257.9,287.03499999999997
11243,15339,569486,316.17,287.03499999999997
11244,15341,567374,2020.52,2020.52
11245,15342,562043,406.09,406.09
11246,15343,566583,364.5,364.5
11247,15344,568333,308.69,187.98
11248,15344,574937,151.95,187.98
11249,15344,581500,103.3,187.98
11250,15345,572613,393.54,393.54
11251,15346,540779,252.42,252.42
11252,15347,537846,201.6,201.6
11253,15348,568672,158.04,158.04
11254,15349,555573,366.11,236.905
11255,15349,558900,107.7,236.905
11256,15350,536534,115.64999999999999,115.64999999999999
11257,15351,537057,274.67,280.0157142857143
11258,15351,567675,601.57,280.0157142857143
11259,15351,569690,141.35,280.0157142857143
11260,15351,570673,103.4,280.0157142857143
11261,15351,571268,269.96,280.0157142857143
11262,15351,574743,253.01999999999998,280.0157142857143
11263,15351,578935,316.14,280.0157142857143
11264,15353,537538,311.65,388.51
11265,15353,548313,465.37,388.51
11266,15355,571506,126.25,138.525
11267,15355,575633,150.8,138.525
11268,15356,537395,150.22,276.65
11269,15356,538744,215.32,276.65
11270,15356,544153,254.19,276.65
11271,15356,548670,212.13,276.65
11272,15356,551966,369.95,276.65
11273,15356,557233,405.76,276.65
11274,15356,559307,370.15,276.65
11275,15356,564643,301.92,276.65
11276,15356,568895,336.82,276.65
11277,15356,575074,150.04,276.65
11278,15358,537888,524.35,379.41818181818184
11279,15358,537890,100.2,379.41818181818184
11280,15358,540187,653.86,379.41818181818184
11281,15358,542268,490.88,379.41818181818184
11282,15358,543981,367.76,379.41818181818184
11283,15358,543982,281.8,379.41818181818184
11284,15358,545661,829.85,379.41818181818184
11285,15358,545662,208.2,379.41818181818184
11286,15358,549847,362.26,379.41818181818184
11287,15358,553211,439.75,379.41818181818184
11288,15358,553212,104.16,379.41818181818184
11289,15358,556682,201.84,379.41818181818184
11290,15358,556683,212.04,379.41818181818184
11291,15358,561223,152.66,379.41818181818184
11292,15358,563016,710.2,379.41818181818184
11293,15358,566314,405.86,379.41818181818184
11294,15358,568228,524.61,379.41818181818184
11295,15358,568229,164.58,379.41818181818184
11296,15358,572213,402.58,379.41818181818184
11297,15358,574521,379.7,379.41818181818184
11298,15358,580541,778.04,379.41818181818184
11299,15358,580542,52.019999999999996,379.41818181818184
11300,15360,573418,427.93,427.93
11301,15361,538527,418.92,418.92
11302,15363,536698,326.0,326.0
11303,15364,548332,331.8,456.595
11304,15364,565465,581.39,456.595
11305,15365,542530,208.61,330.6171428571428
11306,15365,565451,752.67,330.6171428571428
11307,15365,567204,765.15,330.6171428571428
11308,15365,567205,218.72,330.6171428571428
11309,15365,576084,15.0,330.6171428571428
11310,15365,576085,218.72,330.6171428571428
11311,15365,576086,135.45,330.6171428571428
11312,15366,539285,105.54,301.255
11313,15366,568202,496.97,301.255
11314,15367,546116,764.58,469.39750000000004
11315,15367,549424,651.6,469.39750000000004
11316,15367,571056,434.40999999999997,469.39750000000004
11317,15367,571057,27.0,469.39750000000004
11318,15368,577334,446.94,446.94
11319,15370,540782,184.2,340.86428571428576
11320,15370,544070,570.02,340.86428571428576
11321,15370,553925,373.72,340.86428571428576
11322,15370,560920,385.52,340.86428571428576
11323,15370,568907,525.79,340.86428571428576
11324,15370,570510,33.0,340.86428571428576
11325,15370,573325,313.8,340.86428571428576
11326,15372,561208,2007.4,2007.4
11327,15373,536985,334.3,201.32583333333335
11328,15373,538907,202.8,201.32583333333335
11329,15373,542220,211.35,201.32583333333335
11330,15373,544749,151.55,201.32583333333335
11331,15373,548260,176.21,201.32583333333335
11332,15373,553140,115.54,201.32583333333335
11333,15373,557301,328.55,201.32583333333335
11334,15373,563365,17.0,201.32583333333335
11335,15373,563366,149.6,201.32583333333335
11336,15373,576659,21.0,201.32583333333335
11337,15373,577610,362.48,201.32583333333335
11338,15373,580098,345.53000000000003,201.32583333333335
11339,15374,562136,168.0,168.0
11340,15376,551531,654.17,411.11999999999995
11341,15376,563230,334.85,411.11999999999995
11342,15376,573392,244.34,411.11999999999995
11343,15379,539225,1491.46,529.0414285714286
11344,15379,540349,660.15,529.0414285714286
11345,15379,541676,530.48,529.0414285714286
11346,15379,546115,371.84,529.0414285714286
11347,15379,553188,209.18,529.0414285714286
11348,15379,555703,309.38,529.0414285714286
11349,15379,557877,130.8,529.0414285714286
11350,15380,538101,230.1,338.052
11351,15380,560888,352.46,338.052
11352,15380,566750,422.0,338.052
11353,15380,572338,300.4,338.052
11354,15380,580029,385.29999999999995,338.052
11355,15381,546757,282.3,298.425
11356,15381,552565,314.55,298.425
11357,15382,544278,1019.42,992.6183333333333
11358,15382,553134,568.6,992.6183333333333
11359,15382,556017,512.7,992.6183333333333
11360,15382,556018,26.4,992.6183333333333
11361,15382,566976,2582.78,992.6183333333333
11362,15382,578702,1245.81,992.6183333333333
11363,15384,538968,303.57,321.205
11364,15384,557852,338.84,321.205
11365,15385,573395,316.88,316.88
11366,15386,555649,394.14,394.14
11367,15388,546533,140.54,140.54
11368,15389,557509,500.0,500.0
11369,15392,538879,338.98,383.8825
11370,15392,566315,326.48,383.8825
11371,15392,575323,565.66,383.8825
11372,15392,580596,304.41,383.8825
11373,15393,545573,124.1,115.93
11374,15393,578319,107.76,115.93
11375,15394,539217,587.66,545.885
11376,15394,553869,848.78,545.885
11377,15394,567892,417.7,545.885
11378,15394,579572,329.4,545.885
11379,15395,541483,107.45,107.45
11380,15396,563754,288.18,288.18
11381,15397,544693,94.0,94.0
11382,15398,567880,634.85,672.765
11383,15398,578317,710.68,672.765
11384,15399,567678,305.17,271.92333333333335
11385,15399,577074,243.96,271.92333333333335
11386,15399,581383,266.64,271.92333333333335
11387,15400,545680,346.1,143.24
11388,15400,556053,112.7,143.24
11389,15400,562259,85.2,143.24
11390,15400,563618,67.2,143.24
11391,15400,566045,105.0,143.24
11392,15402,554937,440.99,313.385
11393,15402,559988,185.78,313.385
11394,15405,555496,349.1,349.1
11395,15406,543777,252.29,255.35500000000002
11396,15406,575077,258.42,255.35500000000002
11397,15407,543351,165.0,264.11
11398,15407,551533,164.86,264.11
11399,15407,556181,410.87,264.11
11400,15407,574660,315.71,264.11
11401,15408,547079,267.18,267.18
11402,15410,547416,382.6,431.355
11403,15410,550333,456.2,431.355
11404,15410,553681,152.17000000000002,431.355
11405,15410,554028,809.92,431.355
11406,15410,557409,561.04,431.355
11407,15410,562033,340.74,431.355
11408,15410,565223,386.74,431.355
11409,15410,567140,361.43,431.355
11410,15411,556419,156.4,339.72
11411,15411,562575,225.81,339.72
11412,15411,569134,609.05,339.72
11413,15411,576059,367.62,339.72
11414,15412,557634,190.53,190.53
11415,15414,549694,36.2,258.3
11416,15414,574072,385.3,258.3
11417,15414,579535,353.4,258.3
11418,15415,542611,572.81,572.81
11419,15416,545340,1375.24,996.08
11420,15416,550016,899.19,996.08
11421,15416,559356,869.9,996.08
11422,15416,569728,839.99,996.08
11423,15417,566930,508.8,508.8
11424,15419,576380,135.86,135.86
11425,15421,543021,295.06,237.59
11426,15421,552291,406.1,237.59
11427,15421,552292,38.2,237.59
11428,15421,570699,211.0,237.59
11429,15422,541679,55.5,48.85
11430,15422,541690,42.2,48.85
11431,15423,573895,43.5,43.5
11432,15424,548323,193.5,191.67000000000002
11433,15424,548326,189.84,191.67000000000002
11434,15426,537196,411.42,289.47799999999995
11435,15426,547880,251.56,289.47799999999995
11436,15426,574701,293.86,289.47799999999995
11437,15426,574703,44.39,289.47799999999995
11438,15426,577557,446.15999999999997,289.47799999999995
11439,15427,572302,371.03000000000003,494.38000000000005
11440,15427,574710,506.51,494.38000000000005
11441,15427,574714,605.6,494.38000000000005
11442,15428,578663,93.78,93.78
11443,15429,568180,243.06,198.675
11444,15429,575960,154.29,198.675
11445,15432,576874,171.19,171.19
11446,15433,546856,372.64,266.65
11447,15433,552551,160.66,266.65
11448,15434,554289,306.96,208.296
11449,15434,564363,247.5,208.296
11450,15434,564364,32.82,208.296
11451,15434,574945,303.3,208.296
11452,15434,580065,150.9,208.296
11453,15435,577094,149.29,149.29
11454,15436,550651,489.05,374.1766666666667
11455,15436,572318,370.27,374.1766666666667
11456,15436,578998,263.21,374.1766666666667
11457,15437,547367,200.16,200.16
11458,15438,561891,156.57999999999998,156.57999999999998
11459,15440,553179,125.8,127.89333333333333
11460,15440,561334,111.86,127.89333333333333
11461,15440,571271,146.02,127.89333333333333
11462,15442,548981,594.0,594.0
11463,15443,541847,437.71,462.4157142857143
11464,15443,564042,247.09,462.4157142857143
11465,15443,568491,369.54,462.4157142857143
11466,15443,572662,622.69,462.4157142857143
11467,15443,576932,492.51,462.4157142857143
11468,15443,578928,687.86,462.4157142857143
11469,15443,581237,379.51,462.4157142857143
11470,15444,573413,342.9,709.1299999999999
11471,15444,579885,1075.36,709.1299999999999
11472,15445,547080,113.5,113.5
11473,15447,541011,155.17,155.17
11474,15448,542634,494.64,494.64
11475,15449,547420,345.92,324.84
11476,15449,555921,301.78,324.84
11477,15449,576055,326.82,324.84
11478,15450,575487,429.84,429.84
11479,15452,547083,247.25,179.57666666666668
11480,15452,568916,166.08,179.57666666666668
11481,15452,575595,125.4,179.57666666666668
11482,15453,555537,197.09,198.3385714285714
11483,15453,557960,147.94,198.3385714285714
11484,15453,561884,139.98,198.3385714285714
11485,15453,566055,227.79,198.3385714285714
11486,15453,571229,189.85999999999999,198.3385714285714
11487,15453,574477,350.43,198.3385714285714
11488,15453,581246,135.28,198.3385714285714
11489,15454,538513,179.1,179.1
11490,15456,539041,243.22,149.07333333333332
11491,15456,545310,17.67,149.07333333333332
11492,15456,545312,186.32999999999998,149.07333333333332
11493,15457,547382,237.07,237.07
11494,15458,576224,161.64,161.64
11495,15460,539647,216.76,216.76
11496,15462,555571,105.0,78.2
11497,15462,560523,64.8,78.2
11498,15462,565754,64.8,78.2
11499,15463,575618,126.14,126.14
11500,15464,540247,1048.85,1048.85
11501,15465,537038,535.75,408.59
11502,15465,538996,332.1,408.59
11503,15465,540500,390.29999999999995,408.59
11504,15465,541836,394.04999999999995,408.59
11505,15465,543797,278.65,408.59
11506,15465,544440,645.5600000000001,408.59
11507,15465,545670,292.75,408.59
11508,15465,547029,405.0,408.59
11509,15465,547835,485.45,408.59
11510,15465,549539,292.8,408.59
11511,15465,549936,514.05,408.59
11512,15465,550754,597.0,408.59
11513,15465,556466,189.05,408.59
11514,15465,558747,318.90999999999997,408.59
11515,15465,561021,320.71,408.59
11516,15465,567159,426.95,408.59
11517,15465,570206,149.1,408.59
11518,15465,577402,786.44,408.59
11519,15466,566914,334.53,334.53
11520,15467,559545,288.42,174.96
11521,15467,560277,114.14,174.96
11522,15467,579712,122.32,174.96
11523,15468,571857,447.61,233.755
11524,15468,571863,19.9,233.755
11525,15469,563089,304.3,269.275
11526,15469,572104,234.25,269.275
11527,15471,581149,469.48,469.48
11528,15472,563709,371.56,371.56
11529,15473,570280,547.2,253.02857142857144
11530,15473,570441,102.0,253.02857142857144
11531,15473,570844,102.0,253.02857142857144
11532,15473,570848,102.0,253.02857142857144
11533,15473,570849,204.0,253.02857142857144
11534,15473,575920,306.0,253.02857142857144
11535,15473,578831,408.0,253.02857142857144
11536,15475,568100,454.11,454.11
11537,15478,571184,826.83,720.71
11538,15478,573384,614.59,720.71
11539,15480,563353,905.5,905.5
11540,15482,539092,527.04,921.2466666666666
11541,15482,539093,196.6,921.2466666666666
11542,15482,548697,713.8,921.2466666666666
11543,15482,558126,666.06,921.2466666666666
11544,15482,571179,40.0,921.2466666666666
11545,15482,572348,360.0,921.2466666666666
11546,15482,572756,360.0,921.2466666666666
11547,15482,574319,1915.6,921.2466666666666
11548,15482,576137,1617.56,921.2466666666666
11549,15482,576172,1355.56,921.2466666666666
11550,15482,578358,2210.64,921.2466666666666
11551,15482,578365,1092.1,921.2466666666666
11552,15483,546982,114.85,58.4525
11553,15483,558710,31.11,58.4525
11554,15483,558711,18.830000000000002,58.4525
11555,15483,558713,69.02,58.4525
11556,15484,567853,1636.52,898.5775
11557,15484,571193,394.15999999999997,898.5775
11558,15484,577800,889.38,898.5775
11559,15484,581419,674.25,898.5775
11560,15485,536531,950.09,858.3333333333334
11561,15485,540496,328.54,858.3333333333334
11562,15485,575340,1296.37,858.3333333333334
11563,15488,565929,91.32,91.32
11564,15489,552961,348.26,378.0933333333333
11565,15489,570910,442.64,378.0933333333333
11566,15489,576900,343.38,378.0933333333333
11567,15491,550350,837.97,516.6816666666667
11568,15491,550351,184.48,516.6816666666667
11569,15491,552005,622.47,516.6816666666667
11570,15491,556531,765.03,516.6816666666667
11571,15491,564863,390.98,516.6816666666667
11572,15491,565644,299.15999999999997,516.6816666666667
11573,15492,568327,487.74,329.73
11574,15492,575897,171.72,329.73
11575,15493,546498,538.76,400.36
11576,15493,548739,412.49,400.36
11577,15493,559878,367.5,400.36
11578,15493,574839,419.9,400.36
11579,15493,574852,263.15,400.36
11580,15494,562928,1127.38,649.615
11581,15494,577337,171.85,649.615
11582,15497,541874,970.6,631.1
11583,15497,577905,291.6,631.1
11584,15498,537771,450.92,493.2
11585,15498,537829,525.8,493.2
11586,15498,540114,243.39999999999998,493.2
11587,15498,541684,1761.18,493.2
11588,15498,541950,523.34,493.2
11589,15498,545842,557.0,493.2
11590,15498,545859,593.92,493.2
11591,15498,550274,344.4,493.2
11592,15498,552958,463.2,493.2
11593,15498,553050,344.15,493.2
11594,15498,553051,19.5,493.2
11595,15498,555418,1299.04,493.2
11596,15498,555419,17.0,493.2
11597,15498,557615,648.6,493.2
11598,15498,557623,47.0,493.2
11599,15498,557964,272.26,493.2
11600,15498,562939,660.76,493.2
11601,15498,562940,337.5,493.2
11602,15498,562941,17.4,493.2
11603,15498,566980,683.28,493.2
11604,15498,566981,373.9,493.2
11605,15498,571180,1135.8899999999999,493.2
11606,15498,571181,70.8,493.2
11607,15498,573119,377.76,493.2
11608,15498,573121,20.8,493.2
11609,15498,578030,662.66,493.2
11610,15498,581129,864.9399999999999,493.2
11611,15500,567312,406.02,282.89
11612,15500,575981,312.24,282.89
11613,15500,577603,147.04,282.89
11614,15500,580071,266.26,282.89
11615,15502,537216,569.5,865.4108333333334
11616,15502,537217,167.2,865.4108333333334
11617,15502,537407,192.7,865.4108333333334
11618,15502,546096,1711.06,865.4108333333334
11619,15502,562608,3315.0699999999997,865.4108333333334
11620,15502,566242,160.6,865.4108333333334
11621,15502,566243,33.9,865.4108333333334
11622,15502,566244,126.0,865.4108333333334
11623,15502,569382,3155.95,865.4108333333334
11624,15502,569389,305.0,865.4108333333334
11625,15502,576063,330.45,865.4108333333334
11626,15502,578480,317.5,865.4108333333334
11627,15503,538368,147.09,147.09
11628,15504,567310,52.83,52.83
11629,15505,559310,944.16,722.192
11630,15505,562538,502.02,722.192
11631,15505,563658,644.96,722.192
11632,15505,567076,639.24,722.192
11633,15505,571548,880.58,722.192
11634,15506,561034,209.35,326.42
11635,15506,572650,305.06,326.42
11636,15506,577010,464.85,326.42
11637,15507,557595,492.36,492.36
11638,15508,550503,311.42,166.71166666666667
11639,15508,551412,207.05,166.71166666666667
11640,15508,551860,110.64,166.71166666666667
11641,15508,555500,114.68,166.71166666666667
11642,15508,555501,241.48,166.71166666666667
11643,15508,555504,15.0,166.71166666666667
11644,15510,541043,250.0,250.0
11645,15511,566923,202.9,181.846
11646,15511,571038,192.35,181.846
11647,15511,572095,119.25,181.846
11648,15511,573915,229.8,181.846
11649,15511,579012,164.93,181.846
11650,15512,538993,101.2,60.5
11651,15512,559185,19.8,60.5
11652,15513,536402,357.0,776.7484210526316
11653,15513,537881,956.5,776.7484210526316
11654,15513,541088,692.8199999999999,776.7484210526316
11655,15513,541425,79.2,776.7484210526316
11656,15513,542349,328.74,776.7484210526316
11657,15513,546367,1726.6,776.7484210526316
11658,15513,546369,67.5,776.7484210526316
11659,15513,547686,310.4,776.7484210526316
11660,15513,552867,1105.0,776.7484210526316
11661,15513,552868,5.04,776.7484210526316
11662,15513,552870,123.5,776.7484210526316
11663,15513,554507,317.16,776.7484210526316
11664,15513,557211,1025.34,776.7484210526316
11665,15513,561258,1611.11,776.7484210526316
11666,15513,564507,222.95999999999998,776.7484210526316
11667,15513,565675,2184.59,776.7484210526316
11668,15513,565676,238.68,776.7484210526316
11669,15513,573320,2520.28,776.7484210526316
11670,15513,574718,885.8,776.7484210526316
11671,15514,538313,1136.32,376.31454545454545
11672,15514,538327,401.92,376.31454545454545
11673,15514,538342,39.95,376.31454545454545
11674,15514,538809,306.52,376.31454545454545
11675,15514,545637,292.03,376.31454545454545
11676,15514,551391,385.2,376.31454545454545
11677,15514,574667,555.39,376.31454545454545
11678,15514,574668,29.7,376.31454545454545
11679,15514,576572,355.23,376.31454545454545
11680,15514,578667,137.97,376.31454545454545
11681,15514,578951,499.23,376.31454545454545
11682,15516,572350,47.4,20.81
11683,15516,572351,6.36,20.81
11684,15516,572792,8.67,20.81
11685,15517,550785,267.03,267.03
11686,15518,540816,364.91,242.80625
11687,15518,540819,23.85,242.80625
11688,15518,542090,241.89,242.80625
11689,15518,552296,356.92,242.80625
11690,15518,558754,406.65999999999997,242.80625
11691,15518,561683,1.95,242.80625
11692,15518,562576,228.57999999999998,242.80625
11693,15518,569835,317.69,242.80625
11694,15520,581241,343.5,343.5
11695,15521,548213,475.69,375.025
11696,15521,548907,505.0,375.025
11697,15521,552816,258.4,375.025
11698,15521,552822,428.69,375.025
11699,15521,560079,449.2,375.025
11700,15521,565677,192.4,375.025
11701,15521,565678,17.4,375.025
11702,15521,573375,673.42,375.025
11703,15522,566564,259.9,199.42
11704,15522,574831,138.94,199.42
11705,15523,567154,412.01,412.01
11706,15524,576512,440.0,440.0
11707,15525,536528,313.93,275.3066666666667
11708,15525,577938,197.3,275.3066666666667
11709,15525,581166,314.69,275.3066666666667
11710,15526,574727,128.54,74.22
11711,15526,574729,19.9,74.22
11712,15527,539609,221.4,303.7225
11713,15527,542511,358.9,303.7225
11714,15527,551812,319.74,303.7225
11715,15527,556416,247.25,303.7225
11716,15527,560357,183.5,303.7225
11717,15527,566262,277.55,303.7225
11718,15527,573822,641.1,303.7225
11719,15527,577711,180.34,303.7225
11720,15528,548370,229.33,229.33
11721,15529,537770,295.65999999999997,363.20272727272726
11722,15529,538310,25.799999999999997,363.20272727272726
11723,15529,541658,249.43,363.20272727272726
11724,15529,546108,382.86,363.20272727272726
11725,15529,547729,366.18,363.20272727272726
11726,15529,549059,198.91,363.20272727272726
11727,15529,553074,413.37,363.20272727272726
11728,15529,560650,466.87,363.20272727272726
11729,15529,566495,817.04,363.20272727272726
11730,15529,569424,427.57,363.20272727272726
11731,15529,576933,351.54,363.20272727272726
11732,15530,549235,553.13,375.5875
11733,15530,557949,437.75,375.5875
11734,15530,559896,177.85,375.5875
11735,15530,577256,333.62,375.5875
11736,15531,575491,1522.31,1003.72
11737,15531,580133,485.13,1003.72
11738,15532,539294,356.35,395.2325
11739,15532,558096,545.34,395.2325
11740,15532,561885,324.1,395.2325
11741,15532,576303,355.14,395.2325
11742,15533,566294,449.66,269.19
11743,15533,567176,105.08,269.19
11744,15533,577554,252.82999999999998,269.19
11745,15535,541244,270.34000000000003,134.10000000000002
11746,15535,541246,22.2,134.10000000000002
11747,15535,550335,118.85,134.10000000000002
11748,15535,557315,125.01,134.10000000000002
11749,15537,558442,110.92,110.92
11750,15539,580291,538.46,538.46
11751,15540,579157,213.3,213.3
11752,15541,563571,85.13,85.13
11753,15543,544913,127.86,127.86
11754,15544,536732,354.54,394.0788888888889
11755,15544,543652,479.48,394.0788888888889
11756,15544,544942,365.1,394.0788888888889
11757,15544,553006,560.35,394.0788888888889
11758,15544,557275,318.02,394.0788888888889
11759,15544,559814,370.16,394.0788888888889
11760,15544,563096,324.72,394.0788888888889
11761,15544,575902,446.02,394.0788888888889
11762,15544,579868,328.32,394.0788888888889
11763,15545,537036,135.33,146.36
11764,15545,571282,157.39000000000001,146.36
11765,15547,538507,767.37,353.9171428571429
11766,15547,542520,238.67,353.9171428571429
11767,15547,545060,406.74,353.9171428571429
11768,15547,545061,14.95,353.9171428571429
11769,15547,546422,288.71,353.9171428571429
11770,15547,549569,280.66,353.9171428571429
11771,15547,554999,407.43,353.9171428571429
11772,15547,563935,366.18,353.9171428571429
11773,15547,566295,458.43,353.9171428571429
11774,15547,567167,282.7,353.9171428571429
11775,15547,567179,217.93,353.9171428571429
11776,15547,569228,469.89,353.9171428571429
11777,15547,573397,232.77,353.9171428571429
11778,15547,580272,522.41,353.9171428571429
11779,15549,542399,942.1,564.42
11780,15549,559009,689.58,564.42
11781,15549,568132,61.58,564.42
11782,15550,543739,137.9,143.9075
11783,15550,557786,141.14,143.9075
11784,15550,564537,154.24,143.9075
11785,15550,580688,142.35,143.9075
11786,15551,574237,436.06,436.06
11787,15552,552198,90.12,90.12
11788,15553,570428,437.23,437.23
11789,15554,545705,217.2,217.2
11790,15555,537204,198.43,300.323125
11791,15555,538156,620.35,300.323125
11792,15555,538597,171.04,300.323125
11793,15555,550331,290.52,300.323125
11794,15555,554103,379.41,300.323125
11795,15555,555399,123.75,300.323125
11796,15555,557123,164.22,300.323125
11797,15555,557150,174.27,300.323125
11798,15555,558906,433.22,300.323125
11799,15555,564724,264.73,300.323125
11800,15555,567912,353.2,300.323125
11801,15555,569216,261.12,300.323125
11802,15555,570857,167.47,300.323125
11803,15555,574673,420.42,300.323125
11804,15555,575339,312.12,300.323125
11805,15555,579001,470.9,300.323125
11806,15556,576609,279.77,279.77
11807,15557,575870,473.65,473.65
11808,15561,552263,265.75,200.1475
11809,15561,559877,178.82,200.1475
11810,15561,559879,5.1,200.1475
11811,15561,579096,350.92,200.1475
11812,15562,539864,134.55,134.55
11813,15563,539118,270.19,350.11
11814,15563,554158,465.43,350.11
11815,15563,577029,655.82,350.11
11816,15563,577068,9.0,350.11
11817,15565,569035,88.8,86.58
11818,15565,572089,84.36,86.58
11819,15567,577669,186.01,186.01
11820,15568,568547,228.31,252.76333333333332
11821,15568,572836,194.21,252.76333333333332
11822,15568,581074,335.77,252.76333333333332
11823,15569,540823,288.5,275.142
11824,15569,561862,352.81,275.142
11825,15569,561865,244.79999999999998,275.142
11826,15569,564160,244.8,275.142
11827,15569,564709,244.8,275.142
11828,15570,537141,517.65,347.1266666666666
11829,15570,538371,350.24,347.1266666666666
11830,15570,539450,196.75,347.1266666666666
11831,15570,541214,487.7,347.1266666666666
11832,15570,543602,116.85,347.1266666666666
11833,15570,545183,314.9,347.1266666666666
11834,15570,550008,294.04,347.1266666666666
11835,15570,553524,247.29,347.1266666666666
11836,15570,560845,301.26,347.1266666666666
11837,15570,574269,958.8199999999999,347.1266666666666
11838,15570,579493,344.62,347.1266666666666
11839,15570,580310,35.4,347.1266666666666
11840,15571,567849,202.35,162.60750000000002
11841,15571,574654,196.43,162.60750000000002
11842,15571,576625,121.6,162.60750000000002
11843,15571,579017,130.05,162.60750000000002
11844,15572,545698,225.14,364.69428571428574
11845,15572,545699,220.77,364.69428571428574
11846,15572,548952,430.13,364.69428571428574
11847,15572,563952,679.25,364.69428571428574
11848,15572,576181,545.83,364.69428571428574
11849,15572,576200,256.76,364.69428571428574
11850,15572,580552,194.98,364.69428571428574
11851,15573,566851,410.7,303.725
11852,15573,575034,196.75,303.725
11853,15574,536796,375.65,175.5625
11854,15574,539215,210.75,175.5625
11855,15574,539218,3.75,175.5625
11856,15574,556878,112.1,175.5625
11857,15576,574015,940.67,940.67
11858,15577,543352,29.65,86.29333333333334
11859,15577,559696,156.85,86.29333333333334
11860,15577,559697,72.38,86.29333333333334
11861,15578,558555,127.1,127.1
11862,15579,542602,199.6,174.3
11863,15579,569217,149.0,174.3
11864,15581,537826,272.34,283.0746153846154
11865,15581,539472,31.62,283.0746153846154
11866,15581,539474,12.8,283.0746153846154
11867,15581,539660,9.2,283.0746153846154
11868,15581,546122,91.54,283.0746153846154
11869,15581,550197,39.6,283.0746153846154
11870,15581,551137,172.75,283.0746153846154
11871,15581,551338,5.11,283.0746153846154
11872,15581,557488,18.88,283.0746153846154
11873,15581,559143,67.79,283.0746153846154
11874,15581,561916,250.0,283.0746153846154
11875,15581,562787,208.34,283.0746153846154
11876,15581,562946,2500.0,283.0746153846154
11877,15582,551693,303.61,227.63666666666666
11878,15582,564963,237.89999999999998,227.63666666666666
11879,15582,576387,141.4,227.63666666666666
11880,15584,558620,154.65,181.2775
11881,15584,568583,138.03,181.2775
11882,15584,572287,288.37,181.2775
11883,15584,576654,144.06,181.2775
11884,15585,556954,455.3,455.3
11885,15587,539865,344.88,228.42000000000002
11886,15587,560641,111.96000000000001,228.42000000000002
11887,15587,566250,344.88,228.42000000000002
11888,15587,572070,111.96000000000001,228.42000000000002
11889,15589,542931,184.95,159.51
11890,15589,547990,263.58,159.51
11891,15589,547991,30.0,159.51
11892,15592,572321,388.58,388.58
11893,15593,569080,199.8,199.8
11894,15594,550523,267.91,354.35600000000005
11895,15594,565806,520.3100000000001,354.35600000000005
11896,15594,567297,718.21,354.35600000000005
11897,15594,575480,182.55,354.35600000000005
11898,15594,578334,82.8,354.35600000000005
11899,15596,538146,402.32,281.318
11900,15596,541292,375.15,281.318
11901,15596,545522,303.03000000000003,281.318
11902,15596,552326,309.19,281.318
11903,15596,564895,16.9,281.318
11904,15597,574511,324.57,324.57
11905,15598,571511,240.68,240.68
11906,15599,553852,448.83,380.87
11907,15599,575942,312.91,380.87
11908,15601,536623,768.38,484.04
11909,15601,539256,468.07,484.04
11910,15601,540471,688.45,484.04
11911,15601,542058,461.64,484.04
11912,15601,542407,283.74,484.04
11913,15601,543984,549.04,484.04
11914,15601,544294,570.88,484.04
11915,15601,548636,266.85,484.04
11916,15601,553946,691.54,484.04
11917,15601,557771,374.81,484.04
11918,15601,562727,462.06,484.04
11919,15601,566289,231.56,484.04
11920,15601,571219,781.14,484.04
11921,15601,579182,178.4,484.04
11922,15602,537424,92.55,144.20777777777778
11923,15602,538719,60.0,144.20777777777778
11924,15602,540842,60.0,144.20777777777778
11925,15602,542718,192.2,144.20777777777778
11926,15602,554264,138.2,144.20777777777778
11927,15602,569019,402.24,144.20777777777778
11928,15602,575890,125.03999999999999,144.20777777777778
11929,15602,577129,46.8,144.20777777777778
11930,15602,580076,180.84,144.20777777777778
11931,15603,567711,48.480000000000004,48.480000000000004
11932,15604,571696,216.39,216.39
11933,15605,536535,194.85,239.64600000000002
11934,15605,544724,182.75,239.64600000000002
11935,15605,548655,312.58,239.64600000000002
11936,15605,566226,204.6,239.64600000000002
11937,15605,574265,303.45,239.64600000000002
11938,15606,541568,305.6,324.4622222222222
11939,15606,544083,303.57,324.4622222222222
11940,15606,544825,305.7,324.4622222222222
11941,15606,545684,279.8,324.4622222222222
11942,15606,547509,310.8,324.4622222222222
11943,15606,551515,320.88,324.4622222222222
11944,15606,557667,309.81,324.4622222222222
11945,15606,563188,303.22,324.4622222222222
11946,15606,570243,480.78000000000003,324.4622222222222
11947,15607,540460,104.75999999999999,104.75999999999999
11948,15608,562950,285.68,273.42
11949,15608,570416,660.64,273.42
11950,15608,570419,24.96,273.42
11951,15608,575876,122.4,273.42
11952,15609,556048,298.48,298.48
11953,15610,571741,112.46000000000001,112.46000000000001
11954,15611,540510,104.25,122.41923076923078
11955,15611,545576,99.75,122.41923076923078
11956,15611,547939,127.5,122.41923076923078
11957,15611,555266,100.6,122.41923076923078
11958,15611,556929,53.91,122.41923076923078
11959,15611,558421,60.66,122.41923076923078
11960,15611,564649,15.0,122.41923076923078
11961,15611,564712,385.47,122.41923076923078
11962,15611,569033,6.0,122.41923076923078
11963,15611,569125,142.7,122.41923076923078
11964,15611,573162,244.5,122.41923076923078
11965,15611,578130,104.2,122.41923076923078
11966,15611,579670,146.91,122.41923076923078
11967,15612,570220,69.65,97.575
11968,15612,574282,125.5,97.575
11969,15615,539049,1048.64,452.1626086956522
11970,15615,539051,14.85,452.1626086956522
11971,15615,539052,17.7,452.1626086956522
11972,15615,541134,643.6,452.1626086956522
11973,15615,543977,710.31,452.1626086956522
11974,15615,547100,536.78,452.1626086956522
11975,15615,549732,758.92,452.1626086956522
11976,15615,550450,90.0,452.1626086956522
11977,15615,552532,521.49,452.1626086956522
11978,15615,552804,396.77,452.1626086956522
11979,15615,556189,400.7,452.1626086956522
11980,15615,556192,82.2,452.1626086956522
11981,15615,558629,32.4,452.1626086956522
11982,15615,558630,646.82,452.1626086956522
11983,15615,562918,520.54,452.1626086956522
11984,15615,562919,15.0,452.1626086956522
11985,15615,563656,325.90000000000003,452.1626086956522
11986,15615,563657,54.2,452.1626086956522
11987,15615,564635,551.03,452.1626086956522
11988,15615,570167,824.41,452.1626086956522
11989,15615,572657,381.1,452.1626086956522
11990,15615,575141,787.29,452.1626086956522
11991,15615,579461,1039.09,452.1626086956522
11992,15618,561226,222.83,194.2125
11993,15618,566026,74.4,194.2125
11994,15618,566027,121.81,194.2125
11995,15618,574747,357.81,194.2125
11996,15619,579257,336.4,336.4
11997,15620,539261,424.49,517.7266666666666
11998,15620,551584,450.52,517.7266666666666
11999,15620,571205,678.17,517.7266666666666
12000,15621,577209,563.28,323.2575
12001,15621,579183,481.67999999999995,323.2575
12002,15621,580656,235.57,323.2575
12003,15621,580663,12.5,323.2575
12004,15622,545417,576.0,412.17333333333335
12005,15622,551414,1537.2,412.17333333333335
12006,15622,551415,78.6,412.17333333333335
12007,15622,554817,302.8,412.17333333333335
12008,15622,554820,107.4,412.17333333333335
12009,15622,566629,613.77,412.17333333333335
12010,15622,566631,42.239999999999995,412.17333333333335
12011,15622,566632,69.6,412.17333333333335
12012,15622,573131,381.95,412.17333333333335
12013,15623,560896,301.03000000000003,301.03000000000003
12014,15624,547922,183.9,147.0325
12015,15624,553491,127.5,147.0325
12016,15624,561511,208.63,147.0325
12017,15624,563250,68.1,147.0325
12018,15625,550479,695.33,383.565
12019,15625,556533,249.94,383.565
12020,15625,561909,301.14,383.565
12021,15625,564710,287.84999999999997,383.565
12022,15626,541126,281.88,337.9
12023,15626,568220,393.92,337.9
12024,15628,537674,319.18,318.91555555555556
12025,15628,548185,371.83,318.91555555555556
12026,15628,556283,314.11,318.91555555555556
12027,15628,562163,308.43,318.91555555555556
12028,15628,565316,311.84999999999997,318.91555555555556
12029,15628,569652,416.46,318.91555555555556
12030,15628,572399,321.5,318.91555555555556
12031,15628,576378,303.93,318.91555555555556
12032,15628,580559,202.95,318.91555555555556
12033,15630,553751,396.86,593.175
12034,15630,572735,789.49,593.175
12035,15632,546155,394.63,410.66375
12036,15632,548458,300.6,410.66375
12037,15632,551417,547.27,410.66375
12038,15632,556447,314.15999999999997,410.66375
12039,15632,560686,385.57,410.66375
12040,15632,562881,409.61,410.66375
12041,15632,570091,627.12,410.66375
12042,15632,578350,306.35,410.66375
12043,15634,578080,243.55,243.55
12044,15636,545430,306.7,362.38
12045,15636,566235,418.06,362.38
12046,15637,571551,223.36,223.36
12047,15639,561632,425.32,425.32
12048,15640,536795,333.71999999999997,834.3773333333334
12049,15640,538641,1485.78,834.3773333333334
12050,15640,539484,947.1899999999999,834.3773333333334
12051,15640,540701,602.44,834.3773333333334
12052,15640,543814,981.9,834.3773333333334
12053,15640,549985,1103.73,834.3773333333334
12054,15640,551247,316.84999999999997,834.3773333333334
12055,15640,555896,1008.61,834.3773333333334
12056,15640,561007,649.46,834.3773333333334
12057,15640,562587,1444.66,834.3773333333334
12058,15640,562879,45.0,834.3773333333334
12059,15640,567881,524.26,834.3773333333334
12060,15640,574311,998.72,834.3773333333334
12061,15640,578293,886.86,834.3773333333334
12062,15640,580675,1186.48,834.3773333333334
12063,15641,539038,308.37,471.80000000000007
12064,15641,545415,453.79,471.80000000000007
12065,15641,547623,543.22,471.80000000000007
12066,15641,564648,581.82,471.80000000000007
12067,15643,545423,337.1,221.33333333333334
12068,15643,555156,39.45,221.33333333333334
12069,15643,555157,287.45,221.33333333333334
12070,15644,547548,202.22,203.25
12071,15644,547553,36.4,203.25
12072,15644,547960,184.57,203.25
12073,15644,558105,389.81,203.25
12074,15645,577695,612.01,612.01
12075,15646,536813,189.79999999999998,149.21333333333334
12076,15646,549182,150.24,149.21333333333334
12077,15646,558918,107.6,149.21333333333334
12078,15648,546908,316.85,328.675
12079,15648,553886,340.5,328.675
12080,15649,537461,510.0,408.0
12081,15649,540466,306.0,408.0
12082,15651,547563,227.32,215.4333333333333
12083,15651,574086,304.78,215.4333333333333
12084,15651,574087,114.2,215.4333333333333
12085,15652,566202,337.74,337.74
12086,15653,563372,48.0,438.72
12087,15653,565936,829.44,438.72
12088,15654,576058,595.02,461.265
12089,15654,579675,327.51,461.265
12090,15655,549571,560.67,560.67
12091,15656,545190,242.95,187.125
12092,15656,551661,63.910000000000004,187.125
12093,15656,556790,256.77,187.125
12094,15656,572718,184.87,187.125
12095,15657,577011,30.0,30.0
12096,15658,536627,306.2,204.82
12097,15658,543106,270.2,204.82
12098,15658,547407,21.25,204.82
12099,15658,554704,418.95,204.82
12100,15658,555385,7.5,204.82
12101,15659,572926,306.45,306.45
12102,15660,537886,209.3,177.87333333333333
12103,15660,545311,155.0,177.87333333333333
12104,15660,553750,358.22,177.87333333333333
12105,15660,553874,16.5,177.87333333333333
12106,15660,561385,135.35999999999999,177.87333333333333
12107,15660,561386,9.96,177.87333333333333
12108,15660,566904,372.16,177.87333333333333
12109,15660,576357,327.02,177.87333333333333
12110,15660,576358,17.34,177.87333333333333
12111,15661,540173,116.0,154.89999999999998
12112,15661,542235,193.79999999999998,154.89999999999998
12113,15663,564544,138.14,138.14
12114,15664,572021,386.43,386.43
12115,15665,549568,1476.22,1121.005
12116,15665,558057,765.79,1121.005
12117,15667,573464,301.32,301.32
12118,15668,552060,76.32,76.32
12119,15669,547096,198.8,171.085
12120,15669,557120,235.94,171.085
12121,15669,564717,130.8,171.085
12122,15669,573410,118.8,171.085
12123,15670,544107,173.05,173.05
12124,15671,546435,356.19,379.59000000000003
12125,15671,546764,300.98,379.59000000000003
12126,15671,549633,375.96000000000004,379.59000000000003
12127,15671,562555,301.36,379.59000000000003
12128,15671,565685,638.4,379.59000000000003
12129,15671,576148,321.48,379.59000000000003
12130,15671,577727,362.76,379.59000000000003
12131,15673,541266,969.95,720.255
12132,15673,552358,815.78,720.255
12133,15673,559064,318.65999999999997,720.255
12134,15673,566450,776.63,720.255
12135,15674,548215,355.12,489.32
12136,15674,548973,355.12,489.32
12137,15674,552316,334.71,489.32
12138,15674,552549,334.71,489.32
12139,15674,568553,1066.94,489.32
12140,15675,545659,45.0,107.89666666666666
12141,15675,559358,180.39,107.89666666666666
12142,15675,567313,98.3,107.89666666666666
12143,15676,545232,897.8,1145.2533333333333
12144,15676,574532,2370.04,1145.2533333333333
12145,15676,577726,167.92000000000002,1145.2533333333333
12146,15677,572242,657.23,657.23
12147,15678,571557,352.7,352.7
12148,15679,556282,178.22,195.32
12149,15679,559466,82.04,195.32
12150,15679,575481,474.4,195.32
12151,15679,576610,46.62,195.32
12152,15680,537828,478.89,444.56
12153,15680,573379,542.82,444.56
12154,15680,579685,311.96999999999997,444.56
12155,15681,545654,345.68,285.23199999999997
12156,15681,556248,332.64,285.23199999999997
12157,15681,556249,24.9,285.23199999999997
12158,15681,575922,479.8,285.23199999999997
12159,15681,576356,243.14,285.23199999999997
12160,15683,563215,193.75,193.75
12161,15687,541111,353.5,332.56666666666666
12162,15687,542888,379.09999999999997,332.56666666666666
12163,15687,544800,299.95,332.56666666666666
12164,15687,546685,369.9,332.56666666666666
12165,15687,555587,277.0,332.56666666666666
12166,15687,569675,561.73,332.56666666666666
12167,15687,576655,470.33,332.56666666666666
12168,15687,576656,30.0,332.56666666666666
12169,15687,579899,251.59,332.56666666666666
12170,15689,538528,103.5,127.05
12171,15689,563099,150.6,127.05
12172,15690,564901,111.0,119.88
12173,15690,580693,128.76,119.88
12174,15691,548669,136.8,136.8
12175,15692,575891,191.04,191.04
12176,15694,536599,306.4,462.8142857142857
12177,15694,537884,525.93,462.8142857142857
12178,15694,538685,15.0,462.8142857142857
12179,15694,541013,397.78999999999996,462.8142857142857
12180,15694,546768,584.76,462.8142857142857
12181,15694,549284,365.4,462.8142857142857
12182,15694,553979,481.7,462.8142857142857
12183,15694,555528,324.72,462.8142857142857
12184,15694,557109,304.08000000000004,462.8142857142857
12185,15694,569407,1410.26,462.8142857142857
12186,15694,575685,600.1800000000001,462.8142857142857
12187,15694,576239,291.5,462.8142857142857
12188,15694,580132,464.88,462.8142857142857
12189,15694,581487,406.8,462.8142857142857
12190,15695,546915,359.73,204.99
12191,15695,546916,50.25,204.99
12192,15696,541274,493.45,342.0575
12193,15696,542374,264.26,342.0575
12194,15696,542549,19.8,342.0575
12195,15696,545696,230.0,342.0575
12196,15696,548038,317.9,342.0575
12197,15696,551599,312.49,342.0575
12198,15696,567524,378.95,342.0575
12199,15696,574704,719.61,342.0575
12200,15699,577807,309.65,309.65
12201,15700,557311,692.78,348.34
12202,15700,557513,3.9,348.34
12203,15701,563909,857.0,385.53499999999997
12204,15701,568409,111.07,385.53499999999997
12205,15701,569224,255.13,385.53499999999997
12206,15701,581165,318.94,385.53499999999997
12207,15703,547038,211.5,211.5
12208,15704,552281,938.85,573.405
12209,15704,555556,568.47,573.405
12210,15704,560989,748.14,573.405
12211,15704,560994,38.16,573.405
12212,15705,554122,143.1,143.1
12213,15706,563352,450.05,265.14
12214,15706,568167,428.71,265.14
12215,15706,569822,79.8,265.14
12216,15706,570017,102.0,265.14
12217,15707,566735,166.78,236.39499999999998
12218,15707,569894,188.22,236.39499999999998
12219,15707,573094,282.63,236.39499999999998
12220,15707,574536,307.95,236.39499999999998
12221,15708,537051,350.68,480.60571428571427
12222,15708,540514,431.77,480.60571428571427
12223,15708,542614,197.25,480.60571428571427
12224,15708,545045,644.75,480.60571428571427
12225,15708,551518,443.85,480.60571428571427
12226,15708,561043,632.13,480.60571428571427
12227,15708,573323,663.81,480.60571428571427
12228,15709,545237,133.25,133.25
12229,15712,544969,299.8,214.47200000000004
12230,15712,556239,158.85,214.47200000000004
12231,15712,564016,307.66,214.47200000000004
12232,15712,568893,99.6,214.47200000000004
12233,15712,579693,206.45,214.47200000000004
12234,15713,537843,171.15,178.35000000000002
12235,15713,560562,185.55,178.35000000000002
12236,15714,567983,132.48000000000002,165.44
12237,15714,579099,198.4,165.44
12238,15716,537131,547.1,279.7025
12239,15716,547864,115.25999999999999,279.7025
12240,15716,554094,240.08,279.7025
12241,15716,560240,216.37,279.7025
12242,15717,550619,150.3,150.3
12243,15719,540278,433.04,388.1238461538462
12244,15719,543111,428.11,388.1238461538462
12245,15719,545503,183.65,388.1238461538462
12246,15719,547359,326.8,388.1238461538462
12247,15719,549241,336.38,388.1238461538462
12248,15719,551810,231.27,388.1238461538462
12249,15719,554376,491.71999999999997,388.1238461538462
12250,15719,556728,342.15000000000003,388.1238461538462
12251,15719,559289,433.25,388.1238461538462
12252,15719,562517,347.13,388.1238461538462
12253,15719,565129,515.17,388.1238461538462
12254,15719,570103,360.11,388.1238461538462
12255,15719,574863,616.83,388.1238461538462
12256,15720,576593,598.73,598.73
12257,15721,579124,507.08,507.08
12258,15722,544648,324.05,444.512
12259,15722,555533,446.6,444.512
12260,15722,564137,654.15,444.512
12261,15722,574445,713.76,444.512
12262,15722,574446,84.0,444.512
12263,15723,538201,203.1,203.1
12264,15724,545083,103.65,109.125
12265,15724,554111,114.60000000000001,109.125
12266,15725,578534,415.25,415.25
12267,15727,539044,1536.85,739.8514285714285
12268,15727,540979,554.75,739.8514285714285
12269,15727,548978,784.45,739.8514285714285
12270,15727,554667,374.82,739.8514285714285
12271,15727,560527,470.95,739.8514285714285
12272,15727,564346,887.47,739.8514285714285
12273,15727,578244,569.67,739.8514285714285
12274,15729,552806,85.0,85.0
12275,15730,553489,467.43,373.6266666666667
12276,15730,566049,309.79,373.6266666666667
12277,15730,569643,343.66,373.6266666666667
12278,15732,536777,138.1,147.06
12279,15732,552838,156.02,147.06
12280,15733,545343,162.3,162.3
12281,15734,554306,578.65,669.7249999999999
12282,15734,563510,760.8,669.7249999999999
12283,15737,549587,475.88,150.64
12284,15737,555494,204.85,150.64
12285,15737,555724,15.0,150.64
12286,15737,555725,34.0,150.64
12287,15737,560190,168.2,150.64
12288,15737,567630,183.57999999999998,150.64
12289,15737,576892,67.00999999999999,150.64
12290,15737,578708,56.6,150.64
12291,15738,536733,329.65,300.77625
12292,15738,541408,316.5,300.77625
12293,15738,542659,305.07,300.77625
12294,15738,545044,333.92,300.77625
12295,15738,546531,391.79999999999995,300.77625
12296,15738,548172,328.15,300.77625
12297,15738,551124,291.9,300.77625
12298,15738,553846,299.45,300.77625
12299,15738,553847,16.6,300.77625
12300,15738,556130,316.02,300.77625
12301,15738,559060,302.2,300.77625
12302,15738,563941,327.15,300.77625
12303,15738,565417,295.03999999999996,300.77625
12304,15738,570076,306.52,300.77625
12305,15738,573126,335.55,300.77625
12306,15738,577599,316.9,300.77625
12307,15739,569494,449.12,449.12
12308,15740,572230,154.88,154.88
12309,15743,555942,322.55,196.115
12310,15743,563689,111.5,196.115
12311,15743,574046,137.56,196.115
12312,15743,578323,212.85,196.115
12313,15744,567969,34.8,34.8
12314,15745,550325,302.85,273.64750000000004
12315,15745,568397,304.9,273.64750000000004
12316,15745,574591,309.53000000000003,273.64750000000004
12317,15745,577528,177.31,273.64750000000004
12318,15746,561648,196.88,196.88
12319,15747,557406,242.65,324.68
12320,15747,563026,306.82,324.68
12321,15747,578927,424.57,324.68
12322,15748,573360,149.31,149.31
12323,15749,540815,15160.9,14844.766666666668
12324,15749,540818,7837.5,14844.766666666668
12325,15749,550461,21535.9,14844.766666666668
12326,15750,537689,301.52,308.185
12327,15750,537768,39.0,308.185
12328,15750,545334,272.05,308.185
12329,15750,557745,497.26,308.185
12330,15750,568668,508.07,308.185
12331,15750,574009,320.05,308.185
12332,15750,578677,187.14000000000001,308.185
12333,15750,581123,340.39,308.185
12334,15752,536611,259.65,376.7685714285714
12335,15752,545872,381.75,376.7685714285714
12336,15752,548796,403.78000000000003,376.7685714285714
12337,15752,559876,243.25,376.7685714285714
12338,15752,563376,335.2,376.7685714285714
12339,15752,565915,480.52,376.7685714285714
12340,15752,573485,533.23,376.7685714285714
12341,15753,543456,79.2,79.2
12342,15754,549256,91.8,152.85666666666668
12343,15754,568393,211.62,152.85666666666668
12344,15754,571903,155.15,152.85666666666668
12345,15755,544391,314.68,394.0416666666667
12346,15755,550478,306.05,394.0416666666667
12347,15755,564186,524.1,394.0416666666667
12348,15755,566440,330.92,394.0416666666667
12349,15755,568367,600.99,394.0416666666667
12350,15755,579467,287.51,394.0416666666667
12351,15756,548864,123.59,133.24
12352,15756,552654,125.53,133.24
12353,15756,559526,115.72,133.24
12354,15756,570229,168.12,133.24
12355,15757,552121,261.36,357.21000000000004
12356,15757,569637,453.06,357.21000000000004
12357,15758,576398,205.25,205.25
12358,15759,539272,97.24,84.34666666666666
12359,15759,544143,87.8,84.34666666666666
12360,15759,551990,68.0,84.34666666666666
12361,15762,568098,315.31,291.875
12362,15762,569705,268.44,291.875
12363,15763,568044,522.49,543.46
12364,15763,574951,564.43,543.46
12365,15764,545906,1120.93,546.6616666666667
12366,15764,556044,165.55,546.6616666666667
12367,15764,556045,408.04,546.6616666666667
12368,15764,564353,1564.7,546.6616666666667
12369,15764,564354,17.4,546.6616666666667
12370,15764,566465,3.35,546.6616666666667
12371,15766,569918,315.06,315.06
12372,15768,551347,354.34999999999997,207.27666666666664
12373,15768,553932,124.8,207.27666666666664
12374,15768,563381,142.68,207.27666666666664
12375,15769,536992,91.8,2163.566153846154
12376,15769,540160,2574.48,2163.566153846154
12377,15769,540478,2970.0,2163.566153846154
12378,15769,543831,3257.4,2163.566153846154
12379,15769,544936,1295.4,2163.566153846154
12380,15769,545865,2597.4,2163.566153846154
12381,15769,546112,330.0,2163.566153846154
12382,15769,546789,10065.0,2163.566153846154
12383,15769,550135,1220.4,2163.566153846154
12384,15769,550476,122.03999999999999,2163.566153846154
12385,15769,554282,1742.8,2163.566153846154
12386,15769,554709,1086.0,2163.566153846154
12387,15769,554710,537.0,2163.566153846154
12388,15769,557485,2876.0,2163.566153846154
12389,15769,559322,2609.0,2163.566153846154
12390,15769,564310,2597.0,2163.566153846154
12391,15769,564311,1611.0,2163.566153846154
12392,15769,564312,3744.0,2163.566153846154
12393,15769,564811,537.0,2163.566153846154
12394,15769,566481,1253.0,2163.566153846154
12395,15769,569740,2924.0,2163.566153846154
12396,15769,569839,2327.0,2163.566153846154
12397,15769,571298,2327.0,2163.566153846154
12398,15769,573322,179.0,2163.566153846154
12399,15769,575255,1975.0,2163.566153846154
12400,15769,580297,3404.0,2163.566153846154
12401,15773,580490,635.6800000000001,635.6800000000001
12402,15774,569211,270.8,270.8
12403,15775,549443,104.9,104.9
12404,15776,561799,241.62,241.62
12405,15777,538671,365.55,261.77750000000003
12406,15777,542154,102.0,261.77750000000003
12407,15777,542155,285.6,261.77750000000003
12408,15777,549909,293.96,261.77750000000003
12409,15780,539379,177.15,158.42666666666668
12410,15780,549579,225.61,158.42666666666668
12411,15780,556190,72.52,158.42666666666668
12412,15781,543283,83.35,115.15333333333332
12413,15781,561118,127.95,115.15333333333332
12414,15781,576317,134.16,115.15333333333332
12415,15782,566282,1638.34,871.5799999999999
12416,15782,572128,526.0,871.5799999999999
12417,15782,579551,450.4,871.5799999999999
12418,15783,579270,246.3,246.3
12419,15785,544309,928.58,465.79400000000004
12420,15785,554824,401.82000000000005,465.79400000000004
12421,15785,558924,318.03,465.79400000000004
12422,15785,558925,17.4,465.79400000000004
12423,15785,574837,663.14,465.79400000000004
12424,15786,563557,3160.84,1644.0666666666666
12425,15786,572499,1687.46,1644.0666666666666
12426,15786,572504,83.9,1644.0666666666666
12427,15787,570223,492.05,316.0166666666667
12428,15787,576052,368.79,316.0166666666667
12429,15787,576054,87.21000000000001,316.0166666666667
12430,15789,539262,351.3,351.3
12431,15790,579465,220.85,220.85
12432,15791,553879,1223.24,806.345
12433,15791,572932,389.45,806.345
12434,15793,546691,306.64,321.87
12435,15793,573483,305.36,321.87
12436,15793,578689,353.61,321.87
12437,15795,559866,610.01,610.01
12438,15796,543626,343.92,338.945
12439,15796,552259,253.47,338.945
12440,15796,554329,379.4,338.945
12441,15796,555522,273.13,338.945
12442,15796,564059,325.8,338.945
12443,15796,568727,311.99,338.945
12444,15796,578031,376.2,338.945
12445,15796,581472,447.65,338.945
12446,15797,541983,15.0,551.85
12447,15797,543394,1495.2,551.85
12448,15797,552523,330.0,551.85
12449,15797,563727,367.2,551.85
12450,15799,540541,320.22,294.7133333333333
12451,15799,555876,161.01999999999998,294.7133333333333
12452,15799,568168,402.9,294.7133333333333
12453,15800,549263,244.5,349.53999999999996
12454,15800,564335,454.58,349.53999999999996
12455,15801,563942,137.22,354.65000000000003
12456,15801,570459,869.98,354.65000000000003
12457,15801,572487,56.75,354.65000000000003
12458,15802,560651,451.42,451.42
12459,15803,571908,415.82,415.82
12460,15804,554557,525.36,323.5684615384616
12461,15804,557676,600.03,323.5684615384616
12462,15804,561889,519.04,323.5684615384616
12463,15804,564091,432.48,323.5684615384616
12464,15804,565779,477.93,323.5684615384616
12465,15804,566723,233.39,323.5684615384616
12466,15804,566954,19.8,323.5684615384616
12467,15804,567942,142.27,323.5684615384616
12468,15804,569716,223.22,323.5684615384616
12469,15804,574081,362.43,323.5684615384616
12470,15804,577697,135.06,323.5684615384616
12471,15804,579194,206.32999999999998,323.5684615384616
12472,15804,581585,329.05,323.5684615384616
12473,15805,538172,370.79999999999995,325.2047058823529
12474,15805,544894,553.76,325.2047058823529
12475,15805,550775,1052.56,325.2047058823529
12476,15805,550776,140.85,325.2047058823529
12477,15805,554702,385.81,325.2047058823529
12478,15805,555627,130.44,325.2047058823529
12479,15805,555840,70.2,325.2047058823529
12480,15805,557226,252.63,325.2047058823529
12481,15805,557227,23.0,325.2047058823529
12482,15805,557228,17.7,325.2047058823529
12483,15805,564526,570.25,325.2047058823529
12484,15805,569825,270.25,325.2047058823529
12485,15805,572652,1062.43,325.2047058823529
12486,15805,572654,45.480000000000004,325.2047058823529
12487,15805,574041,19.92,325.2047058823529
12488,15805,574948,192.0,325.2047058823529
12489,15805,576875,370.4,325.2047058823529
12490,15806,545907,300.36,261.5266666666667
12491,15806,558999,221.52,261.5266666666667
12492,15806,572512,262.7,261.5266666666667
12493,15807,568094,635.6,301.3
12494,15807,572077,251.8,301.3
12495,15807,572078,16.5,301.3
12496,15808,537154,1021.45,933.7425000000001
12497,15808,538660,1228.4,933.7425000000001
12498,15808,540099,733.92,933.7425000000001
12499,15808,543277,751.2,933.7425000000001
12500,15809,543586,198.8,103.154
12501,15809,547965,63.42,103.154
12502,15809,553902,121.09,103.154
12503,15809,556097,15.9,103.154
12504,15809,574307,116.56,103.154
12505,15810,544094,377.32,347.995
12506,15810,550993,476.8,347.995
12507,15810,557762,507.07,347.995
12508,15810,567702,30.79,347.995
12509,15811,538113,289.85,369.77
12510,15811,539423,148.95,369.77
12511,15811,543996,458.53,369.77
12512,15811,553672,397.51,369.77
12513,15811,564559,478.96000000000004,369.77
12514,15811,577082,444.82,369.77
12515,15812,542212,244.8,360.228
12516,15812,548349,519.96,360.228
12517,15812,555499,289.46,360.228
12518,15812,559640,533.02,360.228
12519,15812,564334,213.9,360.228
12520,15813,549999,770.65,651.9549999999999
12521,15813,553205,533.26,651.9549999999999
12522,15814,571936,599.42,486.3325
12523,15814,572108,521.53,486.3325
12524,15814,574278,456.24,486.3325
12525,15814,578100,368.14,486.3325
12526,15815,547714,427.0,420.12
12527,15815,549428,453.0,420.12
12528,15815,552855,514.08,420.12
12529,15815,560978,480.62,420.12
12530,15815,570117,225.9,420.12
12531,15819,545909,639.64,476.3625
12532,15819,554497,537.5,476.3625
12533,15819,561896,408.33,476.3625
12534,15819,572238,319.98,476.3625
12535,15820,541948,206.98,206.98
12536,15821,570228,254.18,285.48
12537,15821,572909,316.78,285.48
12538,15822,539015,440.2,442.735
12539,15822,580964,445.27,442.735
12540,15823,536779,15.0,15.0
12541,15825,557471,532.94,532.94
12542,15826,553060,720.0,551.4366666666666
12543,15826,571247,878.46,551.4366666666666
12544,15826,571248,55.85,551.4366666666666
12545,15827,536738,98.17999999999999,131.1492857142857
12546,15827,536740,92.75,131.1492857142857
12547,15827,542384,177.35,131.1492857142857
12548,15827,543446,146.2,131.1492857142857
12549,15827,543520,29.7,131.1492857142857
12550,15827,545601,152.0,131.1492857142857
12551,15827,545603,38.1,131.1492857142857
12552,15827,550330,63.36,131.1492857142857
12553,15827,552299,114.05,131.1492857142857
12554,15827,556205,203.98,131.1492857142857
12555,15827,560906,173.8,131.1492857142857
12556,15827,560908,86.24,131.1492857142857
12557,15827,563574,222.45,131.1492857142857
12558,15827,568556,237.93,131.1492857142857
12559,15829,560930,325.44,318.07
12560,15829,565204,310.7,318.07
12561,15830,573937,576.0,576.0
12562,15831,541591,309.94,267.25333333333333
12563,15831,562583,141.17,267.25333333333333
12564,15831,570827,350.65,267.25333333333333
12565,15832,548358,836.79,836.79
12566,15834,545901,1031.37,558.4375
12567,15834,545902,250.0,558.4375
12568,15834,558123,510.45,558.4375
12569,15834,569136,441.93,558.4375
12570,15835,541003,301.11,238.5225
12571,15835,547674,187.2,238.5225
12572,15835,561120,187.20000000000002,238.5225
12573,15835,572908,278.58,238.5225
12574,15836,572107,137.37,137.37
12575,15837,569718,391.98,391.98
12576,15838,537476,957.5,1770.6884210526316
12577,15838,542921,277.5,1770.6884210526316
12578,15838,546160,3277.24,1770.6884210526316
12579,15838,548899,825.96,1770.6884210526316
12580,15838,549186,270.0,1770.6884210526316
12581,15838,551952,494.7,1770.6884210526316
12582,15838,555352,2105.98,1770.6884210526316
12583,15838,556667,254.12,1770.6884210526316
12584,15838,556670,786.36,1770.6884210526316
12585,15838,558201,318.2,1770.6884210526316
12586,15838,562880,4105.94,1770.6884210526316
12587,15838,564146,480.0,1770.6884210526316
12588,15838,567962,3187.12,1770.6884210526316
12589,15838,569815,10992.96,1770.6884210526316
12590,15838,576219,3134.96,1770.6884210526316
12591,15838,576220,1023.42,1770.6884210526316
12592,15838,576221,179.0,1770.6884210526316
12593,15838,579163,730.08,1770.6884210526316
12594,15838,579164,242.04,1770.6884210526316
12595,15839,560086,299.18,349.49666666666667
12596,15839,567454,491.18,349.49666666666667
12597,15839,574702,258.13,349.49666666666667
12598,15840,557414,241.74,177.78
12599,15840,570696,113.82000000000001,177.78
12600,15841,540153,331.6,306.015
12601,15841,551984,281.66,306.015
12602,15841,566728,303.48,306.015
12603,15841,568652,307.32,306.015
12604,15843,543485,118.95,118.95
12605,15844,572521,130.74,130.74
12606,15845,540374,303.36,463.97125
12607,15845,544943,929.22,463.97125
12608,15845,553042,304.58,463.97125
12609,15845,556538,426.18,463.97125
12610,15845,560288,563.42,463.97125
12611,15845,566621,543.24,463.97125
12612,15845,574345,340.48,463.97125
12613,15845,577824,301.29,463.97125
12614,15847,544922,180.68,194.635
12615,15847,573899,208.59,194.635
12616,15850,558049,118.88,119.425
12617,15850,577536,119.97,119.425
12618,15852,554813,103.21000000000001,80.355
12619,15852,555601,57.5,80.355
12620,15853,571743,110.8,110.8
12621,15854,538592,230.1,247.88750000000002
12622,15854,541226,214.20000000000002,247.88750000000002
12623,15854,542897,303.0,247.88750000000002
12624,15854,546918,309.4,247.88750000000002
12625,15854,553202,217.19,247.88750000000002
12626,15854,553855,310.5,247.88750000000002
12627,15854,557320,321.3,247.88750000000002
12628,15854,557321,132.0,247.88750000000002
12629,15854,560988,356.0,247.88750000000002
12630,15854,566718,446.25,247.88750000000002
12631,15854,580654,112.66,247.88750000000002
12632,15854,580655,22.049999999999997,247.88750000000002
12633,15855,547192,95.8,142.448
12634,15855,549976,106.4,142.448
12635,15855,553538,140.31,142.448
12636,15855,556121,132.18,142.448
12637,15855,561231,237.55,142.448
12638,15856,538053,1571.32,606.947037037037
12639,15856,539452,741.22,606.947037037037
12640,15856,539985,968.77,606.947037037037
12641,15856,543774,1078.8999999999999,606.947037037037
12642,15856,548450,516.29,606.947037037037
12643,15856,548686,785.5,606.947037037037
12644,15856,550964,504.9,606.947037037037
12645,15856,553935,772.57,606.947037037037
12646,15856,556455,734.4399999999999,606.947037037037
12647,15856,559674,351.7,606.947037037037
12648,15856,561009,489.6,606.947037037037
12649,15856,563500,423.84,606.947037037037
12650,15856,563501,20.3,606.947037037037
12651,15856,564735,627.64,606.947037037037
12652,15856,565067,511.46,606.947037037037
12653,15856,565398,855.28,606.947037037037
12654,15856,565665,488.21,606.947037037037
12655,15856,569715,503.64,606.947037037037
12656,15856,571231,992.0,606.947037037037
12657,15856,571234,47.04,606.947037037037
12658,15856,572753,292.25,606.947037037037
12659,15856,580289,844.78,606.947037037037
12660,15856,580292,264.99,606.947037037037
12661,15856,580357,945.13,606.947037037037
12662,15856,580662,479.58,606.947037037037
12663,15856,580666,81.6,606.947037037037
12664,15856,580723,494.62,606.947037037037
12665,15857,577716,297.0,297.0
12666,15858,537623,383.93,287.77
12667,15858,544795,432.29,287.77
12668,15858,567967,153.9,287.77
12669,15858,570500,277.71999999999997,287.77
12670,15858,578479,191.01,287.77
12671,15860,537301,102.66,122.15125
12672,15860,548610,292.85,122.15125
12673,15860,550833,24.75,122.15125
12674,15860,560442,120.23,122.15125
12675,15860,562581,113.78999999999999,122.15125
12676,15860,565248,112.86,122.15125
12677,15860,568161,108.06,122.15125
12678,15860,573331,102.01,122.15125
12679,15861,546912,474.19,395.67
12680,15861,546913,248.29,395.67
12681,15861,561600,407.52,395.67
12682,15861,572653,563.74,395.67
12683,15861,576057,219.79,395.67
12684,15861,576075,487.21,395.67
12685,15861,577130,165.0,395.67
12686,15861,578995,599.62,395.67
12687,15862,536401,354.23,208.22
12688,15862,553864,136.78,208.22
12689,15862,563890,168.72,208.22
12690,15862,580062,173.15,208.22
12691,15863,555070,9.2,34.42
12692,15863,576214,59.64,34.42
12693,15864,542411,242.42000000000002,322.71999999999997
12694,15864,556931,171.84,322.71999999999997
12695,15864,565247,543.5999999999999,322.71999999999997
12696,15864,569419,520.54,322.71999999999997
12697,15864,575945,305.28,322.71999999999997
12698,15864,577041,152.64,322.71999999999997
12699,15865,552559,313.93,298.37666666666667
12700,15865,566308,289.92,298.37666666666667
12701,15865,573355,291.28,298.37666666666667
12702,15866,564843,230.53,230.53
12703,15867,537200,112.9,254.176
12704,15867,538657,201.4,254.176
12705,15867,539642,242.92000000000002,254.176
12706,15867,540687,237.19,254.176
12707,15867,542265,142.71,254.176
12708,15867,544189,133.0,254.176
12709,15867,546665,215.49,254.176
12710,15867,549730,217.14000000000001,254.176
12711,15867,554964,252.3,254.176
12712,15867,556244,302.72,254.176
12713,15867,560579,566.13,254.176
12714,15867,563720,326.01,254.176
12715,15867,569143,357.71,254.176
12716,15867,577095,219.44,254.176
12717,15867,580505,285.58,254.176
12718,15869,545896,61.589999999999996,74.82
12719,15869,545898,88.05,74.82
12720,15870,574826,354.09000000000003,354.09000000000003
12721,15872,578781,358.83,180.465
12722,15872,578782,2.1,180.465
12723,15874,545158,584.35,629.4114285714286
12724,15874,547935,240.35,629.4114285714286
12725,15874,547936,56.05,629.4114285714286
12726,15874,549431,1163.75,629.4114285714286
12727,15874,552064,118.3,629.4114285714286
12728,15874,556830,44.95,629.4114285714286
12729,15874,570113,2198.13,629.4114285714286
12730,15877,577855,242.26,246.64
12731,15877,581325,251.02,246.64
12732,15880,537144,343.28,343.28
12733,15881,538309,114.45,100.27799999999999
12734,15881,538534,40.8,100.27799999999999
12735,15881,542745,339.28999999999996,100.27799999999999
12736,15881,542746,1.9,100.27799999999999
12737,15881,542759,4.95,100.27799999999999
12738,15882,537377,270.52,129.09
12739,15882,537380,100.8,129.09
12740,15882,554629,135.14000000000001,129.09
12741,15882,554631,9.9,129.09
12742,15883,574725,143.76,198.24
12743,15883,581192,252.72,198.24
12744,15885,543134,15.0,126.45
12745,15885,565862,349.35,126.45
12746,15885,565933,15.0,126.45
12747,15886,570430,181.09,181.09
12748,15888,567460,168.31,168.31
12749,15889,537208,297.92,223.435
12750,15889,559106,148.95,223.435
12751,15891,551270,524.52,524.52
12752,15894,537199,156.74,131.775
12753,15894,548501,106.81,131.775
12754,15895,559861,179.17,179.17
12755,15897,554988,119.71000000000001,111.025
12756,15897,554989,102.34,111.025
12757,15898,537254,382.69,277.776
12758,15898,537615,139.0,277.776
12759,15898,547033,168.7,277.776
12760,15898,551188,312.6,277.776
12761,15898,581421,385.89,277.776
12762,15899,537248,56.25,56.25
12763,15900,576690,351.11,351.11
12764,15901,559436,110.49,121.29333333333334
12765,15901,568050,122.86,121.29333333333334
12766,15901,578250,130.53,121.29333333333334
12767,15903,544307,161.28,732.3942857142857
12768,15903,551055,480.36,732.3942857142857
12769,15903,568083,310.32,732.3942857142857
12770,15903,569127,1568.4,732.3942857142857
12771,15903,575915,1405.2,732.3942857142857
12772,15903,575978,471.6,732.3942857142857
12773,15903,579523,729.6,732.3942857142857
12774,15904,580094,164.68,164.68
12775,15906,548158,341.93,223.95571428571427
12776,15906,548159,69.4,223.95571428571427
12777,15906,551816,271.83,223.95571428571427
12778,15906,560355,114.55,223.95571428571427
12779,15906,569222,590.49,223.95571428571427
12780,15906,577498,155.38,223.95571428571427
12781,15906,577499,24.11,223.95571428571427
12782,15907,553141,251.18,322.48333333333335
12783,15907,557019,278.34,322.48333333333335
12784,15907,580884,437.93,322.48333333333335
12785,15909,557259,191.94,191.94
12786,15910,542345,149.49,154.0225
12787,15910,544837,161.41,154.0225
12788,15910,549240,118.89,154.0225
12789,15910,553388,120.82000000000001,154.0225
12790,15910,565209,112.75,154.0225
12791,15910,569790,188.41,154.0225
12792,15910,578664,247.06,154.0225
12793,15910,581502,133.35,154.0225
12794,15912,550818,141.49,132.31
12795,15912,556795,123.13,132.31
12796,15916,537799,142.95,191.01125
12797,15916,537803,89.5,191.01125
12798,15916,541110,342.61,191.01125
12799,15916,549275,160.12,191.01125
12800,15916,555198,113.35,191.01125
12801,15916,568099,118.9,191.01125
12802,15916,575482,372.28,191.01125
12803,15916,578275,188.38,191.01125
12804,15917,549056,123.1,123.1
12805,15918,546430,142.0,167.115
12806,15918,555343,192.23000000000002,167.115
12807,15919,537265,270.72,319.94500000000005
12808,15919,577473,369.17,319.94500000000005
12809,15920,559504,35.33,41.875
12810,15920,559507,98.06,41.875
12811,15920,559509,31.74,41.875
12812,15920,559511,2.37,41.875
12813,15921,557389,336.03000000000003,336.03000000000003
12814,15922,536537,369.5,369.5
12815,15923,536674,127.08,127.08
12816,15925,554998,207.15,207.15
12817,15930,569357,426.63,426.63
12818,15932,544806,317.73,311.98375
12819,15932,546644,339.34000000000003,311.98375
12820,15932,549880,311.15999999999997,311.98375
12821,15932,552404,305.02,311.98375
12822,15932,558241,310.12,311.98375
12823,15932,564302,302.58,311.98375
12824,15932,566428,309.7,311.98375
12825,15932,580725,300.21999999999997,311.98375
12826,15933,566713,411.81,369.15333333333336
12827,15933,568990,316.46,369.15333333333336
12828,15933,577309,379.19,369.15333333333336
12829,15935,549739,308.82,208.43
12830,15935,550131,108.03999999999999,208.43
12831,15937,569892,145.35,145.35
12832,15938,541609,74.9,80.91600000000001
12833,15938,547040,62.7,80.91600000000001
12834,15938,548942,105.0,80.91600000000001
12835,15938,554115,92.7,80.91600000000001
12836,15938,563836,69.28,80.91600000000001
12837,15939,540947,747.06,407.6673333333334
12838,15939,541505,15.0,407.6673333333334
12839,15939,542872,354.24,407.6673333333334
12840,15939,545026,247.8,407.6673333333334
12841,15939,546164,547.35,407.6673333333334
12842,15939,547878,131.3,407.6673333333334
12843,15939,549246,1072.2,407.6673333333334
12844,15939,551148,1265.4,407.6673333333334
12845,15939,554930,252.0,407.6673333333334
12846,15939,556492,587.52,407.6673333333334
12847,15939,561641,212.18,407.6673333333334
12848,15939,561643,178.8,407.6673333333334
12849,15939,563235,47.4,407.6673333333334
12850,15939,564339,202.0,407.6673333333334
12851,15939,566241,254.76000000000002,407.6673333333334
12852,15940,542915,35.8,35.8
12853,15942,561689,337.44,337.44
12854,15944,545912,325.09999999999997,325.09999999999997
12855,15945,538048,181.0,181.0
12856,15947,567161,1708.24,1708.24
12857,15948,572923,644.24,477.62
12858,15948,580107,311.0,477.62
12859,15949,568999,237.04,182.35999999999999
12860,15949,578107,127.67999999999999,182.35999999999999
12861,15950,538992,428.82,441.37749999999994
12862,15950,564489,662.56,441.37749999999994
12863,15950,567768,255.84,441.37749999999994
12864,15950,575003,418.29,441.37749999999994
12865,15951,545050,375.17,354.11
12866,15951,579900,333.05,354.11
12867,15952,551397,232.65,201.64249999999998
12868,15952,558768,95.15,201.64249999999998
12869,15952,569218,253.6,201.64249999999998
12870,15952,574619,225.17,201.64249999999998
12871,15953,537210,209.84,207.42249999999999
12872,15953,540862,202.35,207.42249999999999
12873,15953,545313,242.03,207.42249999999999
12874,15953,552945,171.92,207.42249999999999
12875,15953,569683,251.69,207.42249999999999
12876,15953,572297,161.81,207.42249999999999
12877,15953,576256,261.32,207.42249999999999
12878,15953,578623,158.42,207.42249999999999
12879,15955,536635,572.38,315.44714285714286
12880,15955,549551,491.79,315.44714285714286
12881,15955,553920,381.45,315.44714285714286
12882,15955,563078,480.65000000000003,315.44714285714286
12883,15955,563079,17.7,315.44714285714286
12884,15955,563080,37.14,315.44714285714286
12885,15955,564430,466.74,315.44714285714286
12886,15955,564431,15.8,315.44714285714286
12887,15955,568917,477.14,315.44714285714286
12888,15955,568918,25.2,315.44714285714286
12889,15955,569550,8.5,315.44714285714286
12890,15955,570669,454.33,315.44714285714286
12891,15955,573140,416.46,315.44714285714286
12892,15955,576581,570.98,315.44714285714286
12893,15957,575051,428.89,428.89
12894,15958,568322,104.35,104.35
12895,15963,572667,280.04,235.38
12896,15963,577478,190.72,235.38
12897,15965,537607,156.19,211.41
12898,15965,575760,506.4,211.41
12899,15965,575764,32.5,211.41
12900,15965,578087,150.55,211.41
12901,15967,542057,173.8,209.41500000000002
12902,15967,576851,245.03,209.41500000000002
12903,15969,555832,308.7,222.03333333333333
12904,15969,572122,222.4,222.03333333333333
12905,15969,581058,135.0,222.03333333333333
12906,15970,543527,314.09999999999997,314.09999999999997
12907,15971,542919,762.0,349.9875
12908,15971,545287,117.0,349.9875
12909,15971,546508,184.5,349.9875
12910,15971,549689,22.65,349.9875
12911,15971,559127,301.9,349.9875
12912,15971,560919,430.0,349.9875
12913,15971,564089,291.4,349.9875
12914,15971,566318,217.3,349.9875
12915,15971,569368,260.09999999999997,349.9875
12916,15971,571594,708.0,349.9875
12917,15971,571595,701.0,349.9875
12918,15971,578010,204.0,349.9875
12919,15973,537760,307.82,307.82
12920,15974,544833,769.24,491.7357142857143
12921,15974,545883,147.95,491.7357142857143
12922,15974,552905,656.3,491.7357142857143
12923,15974,556071,481.36,491.7357142857143
12924,15974,561698,492.28,491.7357142857143
12925,15974,565618,347.88,491.7357142857143
12926,15974,573546,547.14,491.7357142857143
12927,15975,567104,371.01,371.01
12928,15976,551724,209.99,215.47
12929,15976,558200,220.95,215.47
12930,15977,573666,355.63,527.365
12931,15977,578027,699.1,527.365
12932,15978,568101,1098.78,1098.78
12933,15980,548353,760.18,799.6199999999999
12934,15980,566310,1468.58,799.6199999999999
12935,15980,566311,170.1,799.6199999999999
12936,15981,542896,270.0,426.06
12937,15981,548354,600.0,426.06
12938,15981,549740,520.8,426.06
12939,15981,553040,231.4,426.06
12940,15981,557975,438.8,426.06
12941,15981,561097,397.2,426.06
12942,15981,568063,391.68,426.06
12943,15981,576370,558.6,426.06
12944,15983,536446,440.89,368.755
12945,15983,537900,382.65999999999997,368.755
12946,15983,538814,324.72,368.755
12947,15983,577108,326.75,368.755
12948,15984,537384,122.7,283.767
12949,15984,540180,107.89,283.767
12950,15984,544813,104.95,283.767
12951,15984,545337,234.35,283.767
12952,15984,550769,212.19,283.767
12953,15984,563924,683.28,283.767
12954,15984,564904,383.40000000000003,283.767
12955,15984,569009,243.2,283.767
12956,15984,580697,541.33,283.767
12957,15984,581108,204.38,283.767
12958,15985,550310,899.5799999999999,571.2099999999999
12959,15985,562721,242.84,571.2099999999999
12960,15986,575383,168.12,168.12
12961,15987,537226,113.48,207.32571428571427
12962,15987,551832,9.36,207.32571428571427
12963,15987,554354,39.9,207.32571428571427
12964,15987,554357,353.34,207.32571428571427
12965,15987,560018,287.29,207.32571428571427
12966,15987,562947,403.05,207.32571428571427
12967,15987,578993,244.86,207.32571428571427
12968,15988,577522,158.03,158.03
12969,15990,545031,401.37,396.055
12970,15990,572910,390.74,396.055
12971,15992,580772,41.989999999999995,41.989999999999995
12972,15993,572913,863.89,399.65285714285716
12973,15993,572921,421.59,399.65285714285716
12974,15993,574741,439.88,399.65285714285716
12975,15993,576255,419.72,399.65285714285716
12976,15993,578251,417.05,399.65285714285716
12977,15993,579946,218.94,399.65285714285716
12978,15993,579947,16.5,399.65285714285716
12979,15994,571275,427.07,427.07
12980,15996,537855,263.25,176.78
12981,15996,545071,222.29,176.78
12982,15996,547134,169.73000000000002,176.78
12983,15996,558183,141.03,176.78
12984,15996,563333,111.56,176.78
12985,15996,566438,152.82,176.78
12986,15998,538508,863.39,617.994
12987,15998,547358,918.83,617.994
12988,15998,557570,329.84,617.994
12989,15998,566599,398.7,617.994
12990,15998,574240,579.21,617.994
12991,16000,581105,8345.2,4131.233333333334
12992,16000,581107,2046.0,4131.233333333334
12993,16000,581110,2002.5,4131.233333333334
12994,16003,538999,1181.0,547.074
12995,16003,558115,573.7,547.074
12996,16003,561593,39.2,547.074
12997,16003,575499,525.92,547.074
12998,16003,575500,415.55,547.074
12999,16005,546502,177.59,153.8475
13000,16005,556413,120.49000000000001,153.8475
13001,16005,578944,171.48,153.8475
13002,16005,578946,145.83,153.8475
13003,16006,552967,101.4,101.4
13004,16007,552290,369.75,425.485
13005,16007,556474,363.7,425.485
13006,16007,569220,751.74,425.485
13007,16007,572280,216.75,425.485
13008,16008,553781,139.15,159.59333333333333
13009,16008,568194,191.56,159.59333333333333
13010,16008,576649,148.07,159.59333333333333
13011,16009,558751,462.19,248.1775
13012,16009,573007,388.76,248.1775
13013,16009,574908,82.75999999999999,248.1775
13014,16009,577100,59.0,248.1775
13015,16010,538437,110.1,135.83333333333334
13016,16010,548703,178.65,135.83333333333334
13017,16010,549320,118.75,135.83333333333334
13018,16011,537865,237.95,210.169375
13019,16011,538504,168.15,210.169375
13020,16011,542902,231.0,210.169375
13021,16011,544675,116.09,210.169375
13022,16011,548196,118.55,210.169375
13023,16011,550811,119.1,210.169375
13024,16011,556103,237.57,210.169375
13025,16011,557032,141.3,210.169375
13026,16011,560417,147.18,210.169375
13027,16011,563178,208.39000000000001,210.169375
13028,16011,565091,299.25,210.169375
13029,16011,566063,170.88,210.169375
13030,16011,568793,271.88,210.169375
13031,16011,573022,245.3,210.169375
13032,16011,575604,256.2,210.169375
13033,16011,580118,393.91999999999996,210.169375
13034,16012,559354,365.05,471.7633333333333
13035,16012,562157,767.0699999999999,471.7633333333333
13036,16012,574509,283.17,471.7633333333333
13037,16013,536968,534.0,790.0127659574467
13038,16013,536969,528.0,790.0127659574467
13039,16013,539108,204.0,790.0127659574467
13040,16013,539109,1491.0,790.0127659574467
13041,16013,539331,216.0,790.0127659574467
13042,16013,540401,797.6,790.0127659574467
13043,16013,540408,637.5,790.0127659574467
13044,16013,543670,468.0,790.0127659574467
13045,16013,543672,306.0,790.0127659574467
13046,16013,543673,554.4,790.0127659574467
13047,16013,543674,1252.2,790.0127659574467
13048,16013,543675,382.5,790.0127659574467
13049,16013,545722,475.2,790.0127659574467
13050,16013,546318,255.0,790.0127659574467
13051,16013,546521,679.5,790.0127659574467
13052,16013,546736,414.72,790.0127659574467
13053,16013,549444,375.0,790.0127659574467
13054,16013,551279,172.8,790.0127659574467
13055,16013,551617,489.6,790.0127659574467
13056,16013,551618,626.1,790.0127659574467
13057,16013,552904,1177.0,790.0127659574467
13058,16013,555075,382.5,790.0127659574467
13059,16013,556049,382.7,790.0127659574467
13060,16013,556718,2145.0,790.0127659574467
13061,16013,557430,375.0,790.0127659574467
13062,16013,559701,1305.6,790.0127659574467
13063,16013,559702,696.72,790.0127659574467
13064,16013,561101,241.92,790.0127659574467
13065,16013,563162,339.26,790.0127659574467
13066,16013,563163,1069.2,790.0127659574467
13067,16013,563164,505.8,790.0127659574467
13068,16013,564045,1047.12,790.0127659574467
13069,16013,564046,1020.0,790.0127659574467
13070,16013,564048,40.8,790.0127659574467
13071,16013,565285,1821.6,790.0127659574467
13072,16013,569108,669.5999999999999,790.0127659574467
13073,16013,569338,339.26,790.0127659574467
13074,16013,569342,1441.2,790.0127659574467
13075,16013,572765,2251.2,790.0127659574467
13076,16013,572766,1603.06,790.0127659574467
13077,16013,572845,864.0,790.0127659574467
13078,16013,572851,476.1,790.0127659574467
13079,16013,577718,523.2,790.0127659574467
13080,16013,577719,1100.22,790.0127659574467
13081,16013,577720,1809.7,790.0127659574467
13082,16013,580178,1852.68,790.0127659574467
13083,16013,580763,791.04,790.0127659574467
13084,16014,544597,262.93,220.79333333333332
13085,16014,559552,267.0,220.79333333333332
13086,16014,574017,132.45,220.79333333333332
13087,16015,572216,300.77,235.13
13088,16015,575952,201.52,235.13
13089,16015,580771,203.1,235.13
13090,16016,537773,382.27,188.595
13091,16016,551276,219.01,188.595
13092,16016,551280,89.1,188.595
13093,16016,554941,127.19,188.595
13094,16016,567621,108.92,188.595
13095,16016,574321,287.19,188.595
13096,16016,578676,154.48000000000002,188.595
13097,16016,580960,140.6,188.595
13098,16017,572292,211.88,211.88
13099,16018,556488,161.9,204.45
13100,16018,573578,247.0,204.45
13101,16019,538252,219.1,420.6933333333333
13102,16019,540409,504.25,420.6933333333333
13103,16019,542533,100.8,420.6933333333333
13104,16019,544098,1129.35,420.6933333333333
13105,16019,548315,303.32,420.6933333333333
13106,16019,550938,232.68,420.6933333333333
13107,16019,561330,462.75,420.6933333333333
13108,16019,571564,417.29,420.6933333333333
13109,16019,572380,416.7,420.6933333333333
13110,16020,569671,518.8,283.67
13111,16020,578150,16.5,283.67
13112,16020,578151,315.71,283.67
13113,16022,547663,628.28,628.28
13114,16023,546998,177.84,239.9366666666667
13115,16023,555109,322.85,239.9366666666667
13116,16023,572544,219.12,239.9366666666667
13117,16024,578941,251.24,251.24
13118,16025,575576,439.65999999999997,439.65999999999997
13119,16026,573066,236.09,236.09
13120,16027,543595,320.52,155.77
13121,16027,545185,79.2,155.77
13122,16027,551907,116.95,155.77
13123,16027,557100,108.7,155.77
13124,16027,561170,150.85,155.77
13125,16027,566108,158.4,155.77
13126,16029,536386,508.2,1286.1085714285714
13127,16029,536387,3193.92,1286.1085714285714
13128,16029,536831,569.4,1286.1085714285714
13129,16029,539101,6930.0,1286.1085714285714
13130,16029,539102,1431.6,1286.1085714285714
13131,16029,539666,479.4,1286.1085714285714
13132,16029,540029,90.0,1286.1085714285714
13133,16029,541105,660.0,1286.1085714285714
13134,16029,541610,429.15,1286.1085714285714
13135,16029,541611,528.48,1286.1085714285714
13136,16029,541992,431.76,1286.1085714285714
13137,16029,543247,585.0,1286.1085714285714
13138,16029,543248,791.52,1286.1085714285714
13139,16029,543669,2256.0,1286.1085714285714
13140,16029,544477,567.84,1286.1085714285714
13141,16029,546733,705.5999999999999,1286.1085714285714
13142,16029,546734,705.5999999999999,1286.1085714285714
13143,16029,547101,585.0,1286.1085714285714
13144,16029,547726,465.84000000000003,1286.1085714285714
13145,16029,547727,878.1600000000001,1286.1085714285714
13146,16029,547728,146.88,1286.1085714285714
13147,16029,549594,470.4,1286.1085714285714
13148,16029,551189,870.0,1286.1085714285714
13149,16029,551697,8142.75,1286.1085714285714
13150,16029,552786,1024.8,1286.1085714285714
13151,16029,552789,237.6,1286.1085714285714
13152,16029,553468,921.6,1286.1085714285714
13153,16029,553469,905.76,1286.1085714285714
13154,16029,554364,264.0,1286.1085714285714
13155,16029,555585,612.0,1286.1085714285714
13156,16029,556397,358.0,1286.1085714285714
13157,16029,558192,348.0,1286.1085714285714
13158,16029,558193,768.0,1286.1085714285714
13159,16029,558362,1353.2,1286.1085714285714
13160,16029,558363,530.4,1286.1085714285714
13161,16029,559098,605.76,1286.1085714285714
13162,16029,559419,438.0,1286.1085714285714
13163,16029,561644,648.72,1286.1085714285714
13164,16029,561646,477.6,1286.1085714285714
13165,16029,562458,480.0,1286.1085714285714
13166,16029,562459,757.2,1286.1085714285714
13167,16029,562461,260.62,1286.1085714285714
13168,16029,562462,520.1,1286.1085714285714
13169,16029,563562,697.6,1286.1085714285714
13170,16029,563563,6578.08,1286.1085714285714
13171,16029,564327,1177.7,1286.1085714285714
13172,16029,565590,324.5,1286.1085714285714
13173,16029,565591,177.6,1286.1085714285714
13174,16029,565592,480.0,1286.1085714285714
13175,16029,565791,189.6,1286.1085714285714
13176,16029,565793,177.6,1286.1085714285714
13177,16029,565794,567.6,1286.1085714285714
13178,16029,567455,552.6,1286.1085714285714
13179,16029,567456,703.0,1286.1085714285714
13180,16029,569649,612.0,1286.1085714285714
13181,16029,570092,1728.0,1286.1085714285714
13182,16029,570094,4186.08,1286.1085714285714
13183,16029,570097,7630.5599999999995,1286.1085714285714
13184,16029,570338,358.0,1286.1085714285714
13185,16029,570522,2076.0,1286.1085714285714
13186,16029,570557,7810.5599999999995,1286.1085714285714
13187,16029,572878,431.6,1286.1085714285714
13188,16029,573774,632.3,1286.1085714285714
13189,16030,543094,331.24,331.24
13190,16031,549126,305.63,274.47
13191,16031,566033,243.31,274.47
13192,16033,537041,155.64000000000001,440.82
13193,16033,538843,154.05,440.82
13194,16033,540179,481.14,440.82
13195,16033,541417,262.96,440.82
13196,16033,543355,208.76,440.82
13197,16033,545688,635.17,440.82
13198,16033,550447,393.33,440.82
13199,16033,550483,42.400000000000006,440.82
13200,16033,550491,19.8,440.82
13201,16033,552949,667.44,440.82
13202,16033,554261,256.98,440.82
13203,16033,558196,626.41,440.82
13204,16033,559678,214.25,440.82
13205,16033,561192,441.14,440.82
13206,16033,563444,687.08,440.82
13207,16033,564172,631.75,440.82
13208,16033,567184,954.51,440.82
13209,16033,569523,368.38,440.82
13210,16033,574700,1193.34,440.82
13211,16033,580482,421.87,440.82
13212,16034,540794,153.6,145.9
13213,16034,553200,137.7,145.9
13214,16034,554966,146.4,145.9
13215,16036,547200,188.73000000000002,379.46000000000004
13216,16036,566591,570.19,379.46000000000004
13217,16037,539095,300.46,285.00666666666666
13218,16037,543452,303.0,285.00666666666666
13219,16037,546554,251.56,285.00666666666666
13220,16038,554075,316.95,157.26
13221,16038,556921,76.38,157.26
13222,16038,580261,78.45,157.26
13223,16040,546687,422.43,437.84999999999997
13224,16040,560078,453.75,437.84999999999997
13225,16040,569668,437.37,437.84999999999997
13226,16041,560886,675.0,1055.4666666666667
13227,16041,560887,2064.8,1055.4666666666667
13228,16041,575296,426.6,1055.4666666666667
13229,16042,540822,24.95,239.454
13230,16042,564303,435.33,239.454
13231,16042,571047,388.71999999999997,239.454
13232,16042,571048,43.800000000000004,239.454
13233,16042,577109,304.47,239.454
13234,16043,542174,307.85,193.4975
13235,16043,549243,144.10000000000002,193.4975
13236,16043,552972,224.54,193.4975
13237,16043,574037,97.5,193.4975
13238,16045,544664,664.45,335.175
13239,16045,549324,196.79999999999998,335.175
13240,16045,558616,269.4,335.175
13241,16045,563168,210.05,335.175
13242,16048,536567,251.39999999999998,128.22
13243,16048,536568,5.04,128.22
13244,16049,568188,488.26,370.59666666666664
13245,16049,573300,508.77,370.59666666666664
13246,16049,573369,114.76,370.59666666666664
13247,16050,557273,137.9,137.9
13248,16052,571288,362.06,362.06
13249,16053,562807,1124.19,755.975
13250,16053,574830,387.76,755.975
13251,16054,560255,783.9,783.9
13252,16055,551543,134.8,134.8
13253,16056,572726,664.85,664.85
13254,16057,545081,683.98,323.30285714285714
13255,16057,552964,305.21,323.30285714285714
13256,16057,552966,70.35,323.30285714285714
13257,16057,565446,400.24,323.30285714285714
13258,16057,565448,49.65,323.30285714285714
13259,16057,565449,34.8,323.30285714285714
13260,16057,578302,718.89,323.30285714285714
13261,16059,537467,118.25,243.30999999999997
13262,16059,541260,145.0,243.30999999999997
13263,16059,548312,384.45,243.30999999999997
13264,16059,558416,303.6,243.30999999999997
13265,16059,568831,403.26,243.30999999999997
13266,16059,569567,105.3,243.30999999999997
13267,16062,538240,247.56,288.405
13268,16062,549851,330.62,288.405
13269,16062,561783,199.96,288.405
13270,16062,579623,375.48,288.405
13271,16063,547690,335.32,335.32
13272,16065,538035,372.09,372.09
13273,16066,562586,316.38,304.37399999999997
13274,16066,570215,364.59,304.37399999999997
13275,16066,572279,176.7,304.37399999999997
13276,16066,575037,390.85,304.37399999999997
13277,16066,578229,273.35,304.37399999999997
13278,16070,574921,686.85,426.07500000000005
13279,16070,577086,165.3,426.07500000000005
13280,16071,572811,326.24,326.24
13281,16072,544910,584.3199999999999,584.3199999999999
13282,16073,544078,122.4,122.4
13283,16076,553183,305.45,223.473
13284,16076,561610,325.47,223.473
13285,16076,563032,256.88,223.473
13286,16076,565995,418.34000000000003,223.473
13287,16076,566009,51.84,223.473
13288,16076,567611,97.83,223.473
13289,16076,570600,304.26,223.473
13290,16076,571436,127.5,223.473
13291,16076,577105,186.18,223.473
13292,16076,580969,160.98000000000002,223.473
13293,16078,545228,79.2,79.2
13294,16079,573363,508.22,450.6666666666667
13295,16079,576637,313.62,450.6666666666667
13296,16079,578252,530.16,450.6666666666667
13297,16080,546253,130.26,108.58
13298,16080,567203,86.9,108.58
13299,16081,537754,157.6,561.3799999999999
13300,16081,547829,410.53,561.3799999999999
13301,16081,555848,424.24,561.3799999999999
13302,16081,566581,1599.55,561.3799999999999
13303,16081,571216,214.98,561.3799999999999
13304,16083,538801,337.98,658.81
13305,16083,564872,979.64,658.81
13306,16084,543820,436.18,436.18
13307,16085,541842,181.35,196.302
13308,16085,550318,143.69,196.302
13309,16085,567672,294.61,196.302
13310,16085,570876,120.33,196.302
13311,16085,576778,241.53,196.302
13312,16086,537617,177.26,224.27799999999996
13313,16086,544847,101.19,224.27799999999996
13314,16086,554315,308.61,224.27799999999996
13315,16086,565325,312.64,224.27799999999996
13316,16086,570648,221.69,224.27799999999996
13317,16091,554543,157.25,157.53
13318,16091,559363,157.81,157.53
13319,16092,548361,310.87,272.62
13320,16092,554832,282.86,272.62
13321,16092,563509,224.13,272.62
13322,16093,564419,17.0,17.0
13323,16094,551843,252.1,269.5575
13324,16094,575697,77.64,269.5575
13325,16094,575698,431.56,269.5575
13326,16094,579136,316.93,269.5575
13327,16096,547064,320.62,320.62
13328,16097,549959,185.04999999999998,185.04999999999998
13329,16098,536382,430.6,286.5185714285714
13330,16098,543825,421.79999999999995,286.5185714285714
13331,16098,550645,157.9,286.5185714285714
13332,16098,555918,211.92,286.5185714285714
13333,16098,558933,289.95,286.5185714285714
13334,16098,562271,200.32,286.5185714285714
13335,16098,566486,293.14,286.5185714285714
13336,16099,551342,318.3,243.9666666666667
13337,16099,561096,273.8,243.9666666666667
13338,16099,572067,139.8,243.9666666666667
13339,16101,569026,1290.7,1290.7
13340,16102,562203,839.76,614.0466666666666
13341,16102,565292,553.0799999999999,614.0466666666666
13342,16102,573278,449.3,614.0466666666666
13343,16103,550765,204.46,238.27333333333334
13344,16103,551185,330.0,238.27333333333334
13345,16103,555626,270.8,238.27333333333334
13346,16103,558959,351.14,238.27333333333334
13347,16103,567614,256.74,238.27333333333334
13348,16103,580302,16.5,238.27333333333334
13349,16104,570208,302.36,302.36
13350,16105,548918,336.96,336.96
13351,16106,569575,108.38,108.38
13352,16107,556264,532.9,457.7371428571428
13353,16107,560980,318.8,457.7371428571428
13354,16107,564741,642.42,457.7371428571428
13355,16107,566247,316.6,457.7371428571428
13356,16107,573279,496.8,457.7371428571428
13357,16107,575866,504.24,457.7371428571428
13358,16107,577823,392.4,457.7371428571428
13359,16108,567062,842.5,842.5
13360,16109,543198,315.0,305.94
13361,16109,551884,296.88,305.94
13362,16110,542898,409.7,445.82666666666665
13363,16110,547374,284.23,445.82666666666665
13364,16110,572703,643.55,445.82666666666665
13365,16112,540159,72.0,48.935
13366,16112,540682,64.14,48.935
13367,16112,559333,23.04,48.935
13368,16112,560570,36.56,48.935
13369,16113,556246,161.38,161.38
13370,16114,557672,135.75,135.75
13371,16115,544449,138.82999999999998,208.49624999999997
13372,16115,547070,205.13,208.49624999999997
13373,16115,552802,166.94,208.49624999999997
13374,16115,556481,147.76,208.49624999999997
13375,16115,563213,273.02,208.49624999999997
13376,16115,568686,361.34,208.49624999999997
13377,16115,573353,225.94,208.49624999999997
13378,16115,579561,149.01,208.49624999999997
13379,16116,552950,612.78,612.78
13380,16117,555471,232.21,232.21
13381,16119,568586,309.48,211.68
13382,16119,580100,113.88,211.68
13383,16120,570656,996.84,327.285
13384,16120,570659,219.6,327.285
13385,16120,570662,75.6,327.285
13386,16120,570665,17.1,327.285
13387,16121,552269,287.89,433.555
13388,16121,571039,579.22,433.555
13389,16122,537758,105.72,171.10500000000002
13390,16122,540732,144.12,171.10500000000002
13391,16122,563750,300.42,171.10500000000002
13392,16122,568555,134.16,171.10500000000002
13393,16123,571728,307.78,307.78
13394,16124,542240,249.0,249.0
13395,16125,537650,289.35,289.35
13396,16126,544111,891.35,1571.9425
13397,16126,556072,952.65,1571.9425
13398,16126,564752,1862.7,1571.9425
13399,16126,575687,2581.07,1571.9425
13400,16127,573564,656.25,656.25
13401,16128,545411,388.3,376.044
13402,16128,560538,306.4,376.044
13403,16128,568070,717.36,376.044
13404,16128,574102,278.52,376.044
13405,16128,577854,189.64,376.044
13406,16131,549995,1056.36,584.4233333333333
13407,16131,553392,608.16,584.4233333333333
13408,16131,563435,596.98,584.4233333333333
13409,16131,563436,17.0,584.4233333333333
13410,16131,571829,1177.6399999999999,584.4233333333333
13411,16131,571830,50.4,584.4233333333333
13412,16133,542131,323.71,442.0921212121212
13413,16133,544932,307.2,442.0921212121212
13414,16133,549304,301.53000000000003,442.0921212121212
13415,16133,549597,403.34000000000003,442.0921212121212
13416,16133,550823,2210.05,442.0921212121212
13417,16133,551559,612.16,442.0921212121212
13418,16133,551560,820.74,442.0921212121212
13419,16133,553742,310.5,442.0921212121212
13420,16133,554643,792.62,442.0921212121212
13421,16133,554649,79.2,442.0921212121212
13422,16133,554915,325.6,442.0921212121212
13423,16133,555820,304.72,442.0921212121212
13424,16133,560634,421.44,442.0921212121212
13425,16133,561360,375.0,442.0921212121212
13426,16133,561995,306.02,442.0921212121212
13427,16133,562092,457.86,442.0921212121212
13428,16133,562854,304.96,442.0921212121212
13429,16133,562966,424.08,442.0921212121212
13430,16133,563367,303.83,442.0921212121212
13431,16133,563508,308.08,442.0921212121212
13432,16133,564096,309.5,442.0921212121212
13433,16133,564171,308.65999999999997,442.0921212121212
13434,16133,564842,308.46999999999997,442.0921212121212
13435,16133,568158,1146.8,442.0921212121212
13436,16133,569103,312.2,442.0921212121212
13437,16133,570449,291.4,442.0921212121212
13438,16133,571504,301.08,442.0921212121212
13439,16133,573423,308.77,442.0921212121212
13440,16133,575899,359.9,442.0921212121212
13441,16133,578106,312.5,442.0921212121212
13442,16133,580280,318.06,442.0921212121212
13443,16133,580283,309.84,442.0921212121212
13444,16133,580808,309.22,442.0921212121212
13445,16134,539018,283.53,309.04499999999996
13446,16134,577160,334.56,309.04499999999996
13447,16135,547360,517.55,517.55
13448,16136,545711,159.3,236.46
13449,16136,567957,143.34,236.46
13450,16136,570498,406.74,236.46
13451,16139,553421,139.8,211.80333333333337
13452,16139,563847,166.57,211.80333333333337
13453,16139,577602,329.04,211.80333333333337
13454,16140,536986,124.13999999999999,362.59
13455,16140,569638,601.04,362.59
13456,16141,566399,620.4,620.4
13457,16142,548732,535.34,535.34
13458,16143,537211,355.75,404.1566666666667
13459,16143,539581,455.6,404.1566666666667
13460,16143,543538,401.5,404.1566666666667
13461,16143,552711,361.32,404.1566666666667
13462,16143,564190,375.19,404.1566666666667
13463,16143,580937,475.58,404.1566666666667
13464,16144,549187,175.2,175.2
13465,16145,538896,302.78,345.4081818181818
13466,16145,540121,366.06,345.4081818181818
13467,16145,544801,310.08,345.4081818181818
13468,16145,551305,337.36,345.4081818181818
13469,16145,556964,331.44,345.4081818181818
13470,16145,559733,309.07,345.4081818181818
13471,16145,562596,325.51,345.4081818181818
13472,16145,565088,318.01,345.4081818181818
13473,16145,568399,341.62,345.4081818181818
13474,16145,573367,490.17,345.4081818181818
13475,16145,579942,367.39,345.4081818181818
13476,16146,550939,385.69,244.71
13477,16146,553918,273.44,244.71
13478,16146,559026,75.0,244.71
13479,16147,561694,375.0,375.0
13480,16148,544170,76.32,76.32
13481,16149,560731,163.68,140.26
13482,16149,580602,116.84,140.26
13483,16150,536841,393.42,410.604
13484,16150,546534,571.06,410.604
13485,16150,562128,444.22,410.604
13486,16150,566312,339.83,410.604
13487,16150,573265,304.49,410.604
13488,16152,546684,1829.04,1829.04
13489,16153,539487,215.01,364.846
13490,16153,552053,186.9,364.846
13491,16153,555737,298.19,364.846
13492,16153,563370,323.44,364.846
13493,16153,572183,800.6899999999999,364.846
13494,16156,542993,303.84,346.8933333333333
13495,16156,546556,309.02,346.8933333333333
13496,16156,553553,447.71,346.8933333333333
13497,16156,559331,349.92,346.8933333333333
13498,16156,559556,34.68,346.8933333333333
13499,16156,566922,680.28,346.8933333333333
13500,16156,572125,284.98,346.8933333333333
13501,16156,576624,396.0,346.8933333333333
13502,16156,580046,315.61,346.8933333333333
13503,16157,568647,168.32,218.89666666666665
13504,16157,576663,247.98,218.89666666666665
13505,16157,578375,240.39,218.89666666666665
13506,16159,545519,348.2,348.2
13507,16160,566817,801.9399999999999,512.72
13508,16160,569679,223.5,512.72
13509,16161,537238,164.2,293.4505263157895
13510,16161,538894,202.45,293.4505263157895
13511,16161,539034,209.65,293.4505263157895
13512,16161,541005,200.25,293.4505263157895
13513,16161,542914,272.4,293.4505263157895
13514,16161,543642,85.86,293.4505263157895
13515,16161,544670,181.13,293.4505263157895
13516,16161,549044,345.35,293.4505263157895
13517,16161,553057,407.35,293.4505263157895
13518,16161,554695,219.46,293.4505263157895
13519,16161,557958,305.7,293.4505263157895
13520,16161,561006,469.90000000000003,293.4505263157895
13521,16161,566567,303.65000000000003,293.4505263157895
13522,16161,567879,534.28,293.4505263157895
13523,16161,570693,399.25,293.4505263157895
13524,16161,576323,271.95,293.4505263157895
13525,16161,577025,363.62,293.4505263157895
13526,16161,578789,320.6,293.4505263157895
13527,16161,581336,318.51,293.4505263157895
13528,16162,548668,37.4,37.4
13529,16163,538151,441.6,428.3
13530,16163,550934,415.0,428.3
13531,16164,573165,245.35999999999999,274.16
13532,16164,576396,242.22,274.16
13533,16164,578056,334.90000000000003,274.16
13534,16168,537053,275.8,140.28148148148148
13535,16168,541976,127.7,140.28148148148148
13536,16168,546633,163.2,140.28148148148148
13537,16168,549670,141.2,140.28148148148148
13538,16168,549850,44.55,140.28148148148148
13539,16168,551145,107.1,140.28148148148148
13540,16168,552254,158.26,140.28148148148148
13541,16168,553181,159.0,140.28148148148148
13542,16168,555011,75.0,140.28148148148148
13543,16168,555695,143.5,140.28148148148148
13544,16168,559810,243.64999999999998,140.28148148148148
13545,16168,560269,148.16,140.28148148148148
13546,16168,562152,205.1,140.28148148148148
13547,16168,563465,134.4,140.28148148148148
13548,16168,563468,65.2,140.28148148148148
13549,16168,564723,169.38,140.28148148148148
13550,16168,565157,85.92,140.28148148148148
13551,16168,565724,185.0,140.28148148148148
13552,16168,568216,163.02,140.28148148148148
13553,16168,571169,119.89999999999999,140.28148148148148
13554,16168,574665,156.54,140.28148148148148
13555,16168,574666,257.76,140.28148148148148
13556,16168,575415,207.5,140.28148148148148
13557,16168,576395,61.2,140.28148148148148
13558,16168,577771,41.6,140.28148148148148
13559,16168,578196,83.4,140.28148148148148
13560,16168,579410,64.56,140.28148148148148
13561,16169,568146,587.46,455.7425
13562,16169,573509,317.34,455.7425
13563,16169,575678,579.15,455.7425
13564,16169,580106,339.02,455.7425
13565,16170,548990,316.02,314.175
13566,16170,550520,309.56,314.175
13567,16170,556199,319.29,314.175
13568,16170,561544,305.0,314.175
13569,16170,563748,310.79,314.175
13570,16170,571934,324.39,314.175
13571,16171,570671,73.19999999999999,73.19999999999999
13572,16172,549790,199.38,228.042
13573,16172,557208,351.96999999999997,228.042
13574,16172,562021,249.0,228.042
13575,16172,565585,306.82,228.042
13576,16172,565586,33.04,228.042
13577,16173,565381,429.38,236.38666666666666
13578,16173,566075,205.67000000000002,236.38666666666666
13579,16173,567934,109.19999999999999,236.38666666666666
13580,16173,572771,262.57,236.38666666666666
13581,16173,573887,112.64999999999999,236.38666666666666
13582,16173,578366,298.85,236.38666666666666
13583,16174,559553,322.15,336.51666666666665
13584,16174,561530,383.2,336.51666666666665
13585,16174,562523,304.2,336.51666666666665
13586,16175,549975,272.86,259.3975
13587,16175,553754,194.12,259.3975
13588,16175,557955,269.90999999999997,259.3975
13589,16175,565769,300.7,259.3975
13590,16177,572062,331.95,331.95
13591,16178,561078,197.89999999999998,197.89999999999998
13592,16179,570254,215.83,215.83
13593,16180,548565,413.88,1281.7725
13594,16180,550613,767.0,1281.7725
13595,16180,553088,1147.15,1281.7725
13596,16180,553095,417.4,1281.7725
13597,16180,557673,1581.85,1281.7725
13598,16180,560234,1885.1,1281.7725
13599,16180,562353,2317.0,1281.7725
13600,16180,565014,1724.8,1281.7725
13601,16181,568529,305.53999999999996,305.53999999999996
13602,16182,544351,825.0,1654.4125
13603,16182,553978,1692.0,1654.4125
13604,16182,562029,2327.0,1654.4125
13605,16182,568673,1773.65,1654.4125
13606,16183,569361,338.71000000000004,338.71000000000004
13607,16184,552968,148.22,193.13166666666666
13608,16184,556432,299.67,193.13166666666666
13609,16184,561816,116.93,193.13166666666666
13610,16184,563822,315.98,193.13166666666666
13611,16184,564560,105.0,193.13166666666666
13612,16184,569923,172.99,193.13166666666666
13613,16185,550885,335.0,264.705
13614,16185,578114,194.41,264.705
13615,16186,536762,307.68,333.9116666666667
13616,16186,549743,392.40999999999997,333.9116666666667
13617,16186,552973,269.88,333.9116666666667
13618,16186,552974,77.24,333.9116666666667
13619,16186,555507,300.14,333.9116666666667
13620,16186,560724,534.34,333.9116666666667
13621,16186,560725,59.699999999999996,333.9116666666667
13622,16186,563090,389.36,333.9116666666667
13623,16186,564731,365.78,333.9116666666667
13624,16186,569468,666.21,333.9116666666667
13625,16186,572612,231.4,333.9116666666667
13626,16186,577023,412.8,333.9116666666667
13627,16187,545161,195.0,460.76266666666663
13628,16187,545162,480.90000000000003,460.76266666666663
13629,16187,550034,713.08,460.76266666666663
13630,16187,551343,200.2,460.76266666666663
13631,16187,551344,433.7,460.76266666666663
13632,16187,554033,477.86,460.76266666666663
13633,16187,554035,63.9,460.76266666666663
13634,16187,557798,910.98,460.76266666666663
13635,16187,562346,422.82,460.76266666666663
13636,16187,563626,702.88,460.76266666666663
13637,16187,565083,334.46,460.76266666666663
13638,16187,565147,459.92,460.76266666666663
13639,16187,568173,886.49,460.76266666666663
13640,16187,571733,312.89,460.76266666666663
13641,16187,574953,316.36,460.76266666666663
13642,16188,549581,151.65,245.465
13643,16188,551192,414.12,245.465
13644,16188,560885,189.26,245.465
13645,16188,572848,226.83,245.465
13646,16189,566928,144.48,107.74
13647,16189,578384,71.0,107.74
13648,16190,573408,215.07999999999998,215.07999999999998
13649,16191,538817,301.2,398.5015384615384
13650,16191,538829,326.4,398.5015384615384
13651,16191,540454,368.52,398.5015384615384
13652,16191,540459,479.1,398.5015384615384
13653,16191,542725,14.75,398.5015384615384
13654,16191,542743,14.75,398.5015384615384
13655,16191,543735,514.56,398.5015384615384
13656,16191,547246,596.4,398.5015384615384
13657,16191,571660,539.1800000000001,398.5015384615384
13658,16191,571726,927.4,398.5015384615384
13659,16191,576836,462.28,398.5015384615384
13660,16191,579005,391.32,398.5015384615384
13661,16191,581068,244.66,398.5015384615384
13662,16193,550316,314.45,314.45
13663,16198,568200,400.68,400.68
13664,16200,558372,550.57,540.31
13665,16200,580677,530.05,540.31
13666,16201,563953,303.8,465.86749999999995
13667,16201,572721,479.03,465.86749999999995
13668,16201,577400,571.24,465.86749999999995
13669,16201,580981,509.4,465.86749999999995
13670,16202,538708,365.27,365.27
13671,16203,536793,170.7,148.225
13672,16203,551159,147.6,148.225
13673,16203,560191,60.0,148.225
13674,16203,570799,214.6,148.225
13675,16204,576784,405.71,405.71
13676,16205,556527,112.35,190.345
13677,16205,569302,323.15,190.345
13678,16205,574082,111.08,190.345
13679,16205,575192,214.8,190.345
13680,16206,541240,161.3,134.26500000000001
13681,16206,553174,127.45,134.26500000000001
13682,16206,562565,121.11,134.26500000000001
13683,16206,571260,127.2,134.26500000000001
13684,16207,576251,394.38,394.38
13685,16208,544796,497.59,332.13
13686,16208,572830,166.67,332.13
13687,16209,549255,305.95,452.524
13688,16209,555603,262.11,452.524
13689,16209,556574,1336.2,452.524
13690,16209,563180,212.64000000000001,452.524
13691,16209,566322,145.72,452.524
13692,16210,536477,2474.7400000000002,1171.4611111111112
13693,16210,537256,2263.8,1171.4611111111112
13694,16210,538522,539.2,1171.4611111111112
13695,16210,539257,1722.9,1171.4611111111112
13696,16210,541808,10.0,1171.4611111111112
13697,16210,543047,1866.3,1171.4611111111112
13698,16210,551563,1102.86,1171.4611111111112
13699,16210,551662,311.13,1171.4611111111112
13700,16210,552699,302.28,1171.4611111111112
13701,16210,563356,310.87,1171.4611111111112
13702,16210,565311,344.88,1171.4611111111112
13703,16210,566759,358.06,1171.4611111111112
13704,16210,570028,528.6,1171.4611111111112
13705,16210,574044,843.6,1171.4611111111112
13706,16210,575213,1809.6000000000001,1171.4611111111112
13707,16210,578793,1909.6200000000001,1171.4611111111112
13708,16210,579552,788.46,1171.4611111111112
13709,16210,581375,3599.4,1171.4611111111112
13710,16211,566326,547.02,547.02
13711,16212,545304,498.15,345.16999999999996
13712,16212,577514,192.19,345.16999999999996
13713,16213,567710,159.0,159.0
13714,16214,546643,542.97,354.25
13715,16214,548559,206.7,354.25
13716,16214,557735,313.08,354.25
13717,16215,567382,242.35,242.35
13718,16216,546862,914.93,914.93
13719,16217,545435,183.0,152.125
13720,16217,550465,121.25,152.125
13721,16218,536404,471.3,440.6685714285714
13722,16218,548242,216.3,440.6685714285714
13723,16218,553464,925.16,440.6685714285714
13724,16218,553465,116.0,440.6685714285714
13725,16218,561046,452.0,440.6685714285714
13726,16218,563504,454.72,440.6685714285714
13727,16218,575501,449.2,440.6685714285714
13728,16221,537605,166.74,288.2866666666667
13729,16221,546062,148.63,288.2866666666667
13730,16221,574170,549.49,288.2866666666667
13731,16222,542107,846.72,846.72
13732,16224,548741,167.47,323.82500000000005
13733,16224,549966,375.74,323.82500000000005
13734,16224,560921,322.67,323.82500000000005
13735,16224,571117,429.42,323.82500000000005
13736,16225,545797,326.91,219.26399999999998
13737,16225,545856,89.7,219.26399999999998
13738,16225,557023,183.95,219.26399999999998
13739,16225,559898,353.08,219.26399999999998
13740,16225,572760,142.68,219.26399999999998
13741,16226,550453,130.8,85.04
13742,16226,553239,109.32,85.04
13743,16226,554041,15.0,85.04
13744,16227,551413,314.22,314.22
13745,16229,552723,358.2,505.29999999999995
13746,16229,566612,652.4,505.29999999999995
13747,16230,551713,275.93,271.015
13748,16230,555414,266.1,271.015
13749,16232,552293,173.12,247.71999999999997
13750,16232,552294,193.35,247.71999999999997
13751,16232,560554,358.57,247.71999999999997
13752,16232,573006,265.84,247.71999999999997
13753,16233,537791,147.39999999999998,178.89333333333332
13754,16233,541135,179.1,178.89333333333332
13755,16233,568997,210.18,178.89333333333332
13756,16235,540840,108.67,173.462
13757,16235,544209,235.79,173.462
13758,16235,555602,320.83,173.462
13759,16235,567342,10.0,173.462
13760,16235,573324,192.01999999999998,173.462
13761,16236,567864,432.2,432.2
13762,16239,555410,347.9,207.1
13763,16239,571118,66.3,207.1
13764,16240,568065,1824.79,1859.4
13765,16240,576590,1894.01,1859.4
13766,16241,537049,277.65,200.6053846153846
13767,16241,540098,160.38,200.6053846153846
13768,16241,549099,229.27,200.6053846153846
13769,16241,552769,166.66,200.6053846153846
13770,16241,556876,173.82,200.6053846153846
13771,16241,561025,196.28,200.6053846153846
13772,16241,562878,120.84,200.6053846153846
13773,16241,563533,182.97,200.6053846153846
13774,16241,565432,244.27,200.6053846153846
13775,16241,565435,34.0,200.6053846153846
13776,16241,570796,110.03,200.6053846153846
13777,16241,574919,102.3,200.6053846153846
13778,16241,579555,609.4,200.6053846153846
13779,16242,545894,211.36,514.7442857142858
13780,16242,552465,181.54,514.7442857142858
13781,16242,558235,453.69,514.7442857142858
13782,16242,569528,825.29,514.7442857142858
13783,16242,574898,848.22,514.7442857142858
13784,16242,577749,534.2,514.7442857142858
13785,16242,580103,548.91,514.7442857142858
13786,16243,571269,214.95,204.55
13787,16243,574676,194.15,204.55
13788,16244,536638,1056.6299999999999,761.375
13789,16244,552886,466.12,761.375
13790,16245,547887,453.98,471.22
13791,16245,562847,315.71999999999997,471.22
13792,16245,576645,643.96,471.22
13793,16247,557765,114.56,114.56
13794,16248,570213,152.94,152.94
13795,16249,550134,814.8299999999999,360.014
13796,16249,554107,205.7,360.014
13797,16249,561128,331.74,360.014
13798,16249,563812,88.5,360.014
13799,16249,571563,359.3,360.014
13800,16250,536388,226.14,194.72
13801,16250,547535,163.3,194.72
13802,16253,548160,1700.4,1841.93
13803,16253,569406,1983.46,1841.93
13804,16255,538078,374.25,327.48875
13805,16255,540013,299.6,327.48875
13806,16255,543369,219.36,327.48875
13807,16255,549278,168.46,327.48875
13808,16255,560248,438.76,327.48875
13809,16255,561874,297.32,327.48875
13810,16255,565472,385.03999999999996,327.48875
13811,16255,578248,437.12,327.48875
13812,16256,546979,752.4300000000001,752.4300000000001
13813,16257,556969,46.95,46.95
13814,16258,551849,1032.46,1040.702
13815,16258,557853,801.0,1040.702
13816,16258,561242,1152.8,1040.702
13817,16258,562372,754.8,1040.702
13818,16258,572676,1462.45,1040.702
13819,16260,571939,1035.45,1035.45
13820,16261,549291,254.96,186.7075
13821,16261,563737,163.42000000000002,186.7075
13822,16261,568174,144.05,186.7075
13823,16261,578094,184.4,186.7075
13824,16265,538183,651.83,605.2222222222222
13825,16265,538185,188.98,605.2222222222222
13826,16265,543447,802.65,605.2222222222222
13827,16265,544409,799.38,605.2222222222222
13828,16265,547571,432.3,605.2222222222222
13829,16265,558812,750.9,605.2222222222222
13830,16265,563911,435.98,605.2222222222222
13831,16265,573074,595.08,605.2222222222222
13832,16265,579867,789.9,605.2222222222222
13833,16266,553525,127.28999999999999,123.12714285714286
13834,16266,553526,131.0,123.12714285714286
13835,16266,554274,113.55,123.12714285714286
13836,16266,557113,117.0,123.12714285714286
13837,16266,561314,161.9,123.12714285714286
13838,16266,563431,110.38000000000001,123.12714285714286
13839,16266,568494,100.77,123.12714285714286
13840,16268,569005,493.76,333.825
13841,16268,569006,173.89,333.825
13842,16270,539728,1141.24,1141.24
13843,16271,539290,133.22,285.848
13844,16271,560644,460.39,285.848
13845,16271,562562,299.42,285.848
13846,16271,578429,521.21,285.848
13847,16271,581127,15.0,285.848
13848,16272,563245,411.7,411.7
13849,16274,536569,357.95,357.95
13850,16275,554920,559.87,559.87
13851,16276,556961,810.5999999999999,810.5999999999999
13852,16278,565056,566.38,566.38
13853,16279,557011,359.08,503.1933333333333
13854,16279,566604,371.9,503.1933333333333
13855,16279,577341,778.6,503.1933333333333
13856,16281,568697,2062.06,2062.06
13857,16282,540016,168.3,168.3
13858,16283,553194,277.81,314.162
13859,16283,559536,198.56,314.162
13860,16283,563011,109.97999999999999,314.162
13861,16283,569223,743.79,314.162
13862,16283,580419,240.67000000000002,314.162
13863,16284,572074,399.4,411.985
13864,16284,575152,424.57,411.985
13865,16287,557794,142.5,142.5
13866,16292,562892,302.25,302.25
13867,16293,537628,378.75,224.89899999999997
13868,16293,546562,317.56,224.89899999999997
13869,16293,553341,307.88,224.89899999999997
13870,16293,553342,125.55,224.89899999999997
13871,16293,566081,253.99,224.89899999999997
13872,16293,566082,70.6,224.89899999999997
13873,16293,572232,303.58,224.89899999999997
13874,16293,572234,65.75,224.89899999999997
13875,16293,572235,82.5,224.89899999999997
13876,16293,577158,342.83,224.89899999999997
13877,16295,569737,355.9,332.1375
13878,16295,570829,336.4,332.1375
13879,16295,576575,333.69,332.1375
13880,16295,579524,302.56,332.1375
13881,16297,546681,301.9,301.9
13882,16298,555593,114.3,199.4
13883,16298,571732,239.24,199.4
13884,16298,576995,244.66,199.4
13885,16302,562452,233.22,233.22
13886,16303,540644,827.18,1786.8766666666668
13887,16303,563404,3209.15,1786.8766666666668
13888,16303,576147,1324.3,1786.8766666666668
13889,16305,561042,361.22,361.22
13890,16306,537635,68.1,105.37833333333333
13891,16306,540387,175.15,105.37833333333333
13892,16306,543651,335.3,105.37833333333333
13893,16306,544147,10.82,105.37833333333333
13894,16306,544430,5.1,105.37833333333333
13895,16306,552573,37.8,105.37833333333333
13896,16308,547519,320.0,640.0
13897,16308,552172,640.0,640.0
13898,16308,564272,640.0,640.0
13899,16308,573995,960.0,640.0
13900,16309,549939,334.2,353.28499999999997
13901,16309,564541,372.37,353.28499999999997
13902,16311,572218,401.55,308.13
13903,16311,577811,214.71,308.13
13904,16313,572126,167.62,137.075
13905,16313,580905,106.53,137.075
13906,16315,541015,226.37,226.37
13907,16316,539255,308.22,367.36375
13908,16316,545759,806.05,367.36375
13909,16316,545790,17.0,367.36375
13910,16316,546102,17.7,367.36375
13911,16316,553461,680.14,367.36375
13912,16316,558568,363.78,367.36375
13913,16316,559029,19.92,367.36375
13914,16316,569848,726.1,367.36375
13915,16317,544071,570.76,447.2166666666667
13916,16317,558638,462.58,447.2166666666667
13917,16317,563171,308.31,447.2166666666667
13918,16318,574491,328.15,328.15
13919,16319,552080,404.40000000000003,404.40000000000003
13920,16320,552695,852.68,519.23
13921,16320,557499,185.78,519.23
13922,16321,541657,87.75,74.72999999999999
13923,16321,543372,67.95,74.72999999999999
13924,16321,543376,67.95,74.72999999999999
13925,16321,568687,75.0,74.72999999999999
13926,16321,568695,75.0,74.72999999999999
13927,16322,574273,213.08,163.375
13928,16322,581429,113.67,163.375
13929,16323,554951,207.5,207.5
13930,16324,556926,166.56,142.89333333333335
13931,16324,562204,258.17,142.89333333333335
13932,16324,562208,3.95,142.89333333333335
13933,16325,549310,190.82,198.08
13934,16325,559313,225.20000000000002,198.08
13935,16325,572320,178.22,198.08
13936,16326,540516,267.2,222.21142857142857
13937,16326,542597,159.43,222.21142857142857
13938,16326,552376,109.05,222.21142857142857
13939,16326,557293,249.95000000000002,222.21142857142857
13940,16326,557304,132.95,222.21142857142857
13941,16326,558749,155.34,222.21142857142857
13942,16326,563199,151.0,222.21142857142857
13943,16326,565420,313.05,222.21142857142857
13944,16326,568141,200.99,222.21142857142857
13945,16326,570209,380.53,222.21142857142857
13946,16326,572278,211.1,222.21142857142857
13947,16326,574629,218.98,222.21142857142857
13948,16326,578420,277.85,222.21142857142857
13949,16326,580385,283.54,222.21142857142857
13950,16327,537137,535.6,640.7033333333334
13951,16327,542503,622.62,640.7033333333334
13952,16327,546538,582.35,640.7033333333334
13953,16327,554494,729.07,640.7033333333334
13954,16327,567477,702.75,640.7033333333334
13955,16327,578808,671.83,640.7033333333334
13956,16330,563892,21.6,83.97
13957,16330,563893,27.36,83.97
13958,16330,577980,202.95,83.97
13959,16332,543359,122.3,227.6
13960,16332,559669,307.97,227.6
13961,16332,561968,229.0,227.6
13962,16332,568690,469.02,227.6
13963,16332,570238,129.93,227.6
13964,16332,572901,132.67,227.6
13965,16332,575892,202.31,227.6
13966,16333,543057,989.52,1210.3090909090909
13967,16333,543842,1119.36,1210.3090909090909
13968,16333,544478,399.6,1210.3090909090909
13969,16333,545644,1920.48,1210.3090909090909
13970,16333,548627,1445.6,1210.3090909090909
13971,16333,548629,355.2,1210.3090909090909
13972,16333,548630,355.2,1210.3090909090909
13973,16333,548633,915.84,1210.3090909090909
13974,16333,548635,538.72,1210.3090909090909
13975,16333,548641,577.2,1210.3090909090909
13976,16333,549925,1119.36,1210.3090909090909
13977,16333,549926,725.76,1210.3090909090909
13978,16333,551314,1292.96,1210.3090909090909
13979,16333,555097,177.6,1210.3090909090909
13980,16333,555098,310.8,1210.3090909090909
13981,16333,555099,844.0,1210.3090909090909
13982,16333,562610,1282.0,1210.3090909090909
13983,16333,565228,1250.4,1210.3090909090909
13984,16333,569492,3733.0,1210.3090909090909
13985,16333,574294,5727.0,1210.3090909090909
13986,16333,580235,360.0,1210.3090909090909
13987,16333,580243,1187.2,1210.3090909090909
13988,16337,574098,151.05,151.05
13989,16338,559025,214.8,214.8
13990,16339,545165,109.95,109.95
13991,16340,564342,549.07,549.07
13992,16341,554099,797.65,492.9675
13993,16341,566849,734.24,492.9675
13994,16341,576376,383.48,492.9675
13995,16341,576377,56.5,492.9675
13996,16342,556508,136.95000000000002,80.6025
13997,16342,560263,89.25999999999999,80.6025
13998,16342,564202,57.5,80.6025
13999,16342,568190,38.7,80.6025
14000,16343,578325,178.47,185.24
14001,16343,578326,192.01,185.24
14002,16344,558894,101.10000000000001,101.10000000000001
14003,16345,572911,575.41,575.41
14004,16347,574249,444.29,443.82500000000005
14005,16347,579146,443.36,443.82500000000005
14006,16348,549981,298.40999999999997,209.92142857142858
14007,16348,549983,157.29,209.92142857142858
14008,16348,555279,127.62,209.92142857142858
14009,16348,562258,191.82,209.92142857142858
14010,16348,567875,275.4,209.92142857142858
14011,16348,574080,212.19,209.92142857142858
14012,16348,574910,206.72,209.92142857142858
14013,16349,544650,53.5,53.5
14014,16350,540552,376.7,279.1175
14015,16350,566968,189.7,279.1175
14016,16350,569729,435.46999999999997,279.1175
14017,16350,577356,114.6,279.1175
14018,16351,540750,153.9,153.9
14019,16352,573921,204.92000000000002,247.22
14020,16352,577838,289.52,247.22
14021,16353,537117,204.0,290.24826086956523
14022,16353,539001,102.0,290.24826086956523
14023,16353,539410,102.0,290.24826086956523
14024,16353,539604,102.0,290.24826086956523
14025,16353,540174,102.0,290.24826086956523
14026,16353,540855,445.6,290.24826086956523
14027,16353,543163,118.8,290.24826086956523
14028,16353,544334,118.8,290.24826086956523
14029,16353,546510,175.72,290.24826086956523
14030,16353,552055,327.96,290.24826086956523
14031,16353,552056,356.4,290.24826086956523
14032,16353,560698,664.83,290.24826086956523
14033,16353,564736,505.8,290.24826086956523
14034,16353,566178,141.9,290.24826086956523
14035,16353,566556,237.6,290.24826086956523
14036,16353,569203,262.6,290.24826086956523
14037,16353,572518,237.6,290.24826086956523
14038,16353,574888,637.5,290.24826086956523
14039,16353,574889,213.45,290.24826086956523
14040,16353,577842,787.55,290.24826086956523
14041,16353,577843,237.6,290.24826086956523
14042,16353,580189,237.6,290.24826086956523
14043,16353,580885,356.4,290.24826086956523
14044,16354,568558,366.1,197.9
14045,16354,570181,29.7,197.9
14046,16356,545819,102.0,70.58999999999999
14047,16356,551060,2.1,70.58999999999999
14048,16356,554787,107.67,70.58999999999999
14049,16357,552548,137.9,219.62666666666667
14050,16357,558622,120.05000000000001,219.62666666666667
14051,16357,574739,400.93,219.62666666666667
14052,16358,556073,462.15,506.875
14053,16358,567636,672.4,506.875
14054,16358,570036,459.79,506.875
14055,16358,581420,433.15999999999997,506.875
14056,16359,540858,92.4,194.54666666666668
14057,16359,543553,209.25,194.54666666666668
14058,16359,546171,130.56,194.54666666666668
14059,16359,549547,423.4,194.54666666666668
14060,16359,552441,160.65,194.54666666666668
14061,16359,557124,230.57,194.54666666666668
14062,16359,565733,164.4,194.54666666666668
14063,16359,569658,228.96,194.54666666666668
14064,16359,580372,110.72999999999999,194.54666666666668
14065,16360,566420,211.01,585.4216666666667
14066,16360,567475,263.92,585.4216666666667
14067,16360,569469,1007.05,585.4216666666667
14068,16360,573876,530.37,585.4216666666667
14069,16360,577485,735.84,585.4216666666667
14070,16360,580632,764.34,585.4216666666667
14071,16361,568896,334.94,224.165
14072,16361,573366,269.36,224.165
14073,16361,576518,176.89,224.165
14074,16361,579667,115.47,224.165
14075,16362,566203,337.75,146.954
14076,16362,566206,34.65,146.954
14077,16362,566208,7.65,146.954
14078,16362,570664,139.63,146.954
14079,16362,574873,215.09,146.954
14080,16363,571462,109.36,109.36
14081,16364,561197,347.55,353.52
14082,16364,579101,359.49,353.52
14083,16365,537665,139.86,171.1577777777778
14084,16365,539033,228.6,171.1577777777778
14085,16365,548549,120.9,171.1577777777778
14086,16365,559821,131.45,171.1577777777778
14087,16365,559822,12.75,171.1577777777778
14088,16365,560931,175.05,171.1577777777778
14089,16365,562719,53.95,171.1577777777778
14090,16365,574075,281.21000000000004,171.1577777777778
14091,16365,577858,396.65,171.1577777777778
14092,16366,577597,327.3,327.3
14093,16367,538419,170.91,402.245
14094,16367,574043,633.58,402.245
14095,16368,575898,302.48,248.715
14096,16368,581134,194.95,248.715
14097,16369,554854,354.45,517.8866666666667
14098,16369,567424,497.24,517.8866666666667
14099,16369,577785,701.97,517.8866666666667
14100,16370,551471,275.54,330.14
14101,16370,556365,271.04,330.14
14102,16370,563214,406.53,330.14
14103,16370,567185,367.45,330.14
14104,16372,574683,344.13,183.965
14105,16372,574689,23.799999999999997,183.965
14106,16374,547372,156.3,236.51500000000001
14107,16374,569533,316.73,236.51500000000001
14108,16376,578088,874.25,493.505
14109,16376,580005,112.75999999999999,493.505
14110,16377,546863,676.2,676.2
14111,16378,543005,144.2,120.98333333333333
14112,16378,544101,142.85,120.98333333333333
14113,16378,549131,75.9,120.98333333333333
14114,16379,567700,478.88,539.35
14115,16379,574053,823.8,539.35
14116,16379,577769,453.08,539.35
14117,16379,580687,401.64,539.35
14118,16380,570242,1780.59,1780.59
14119,16383,546753,309.46,334.17999999999995
14120,16383,568301,358.9,334.17999999999995
14121,16384,547098,409.1,292.25
14122,16384,566236,175.4,292.25
14123,16385,537792,148.23,185.29666666666665
14124,16385,558878,126.62,185.29666666666665
14125,16385,570412,281.04,185.29666666666665
14126,16386,548466,61.1,158.60000000000002
14127,16386,575856,256.1,158.60000000000002
14128,16387,541732,94.36,94.36
14129,16389,545328,119.65,345.5175
14130,16389,553684,550.52,345.5175
14131,16389,567894,408.53999999999996,345.5175
14132,16389,571474,303.36,345.5175
14133,16392,546635,221.19,221.19
14134,16393,537158,184.8,234.32384615384615
14135,16393,538417,106.75,234.32384615384615
14136,16393,544393,214.05,234.32384615384615
14137,16393,550157,128.25,234.32384615384615
14138,16393,552286,205.37,234.32384615384615
14139,16393,555857,133.62,234.32384615384615
14140,16393,559120,380.45,234.32384615384615
14141,16393,560688,153.34,234.32384615384615
14142,16393,565751,258.64,234.32384615384615
14143,16393,571656,354.36,234.32384615384615
14144,16393,576677,319.86,234.32384615384615
14145,16393,579162,300.02,234.32384615384615
14146,16393,581131,306.7,234.32384615384615
14147,16394,544754,312.40999999999997,311.068
14148,16394,549012,306.89,311.068
14149,16394,557614,313.8,311.068
14150,16394,568685,308.76,311.068
14151,16394,571125,313.48,311.068
14152,16395,541038,301.14,297.38
14153,16395,541615,149.42000000000002,297.38
14154,16395,558063,516.6899999999999,297.38
14155,16395,567796,304.96,297.38
14156,16395,570404,214.69,297.38
14157,16398,548404,1169.95,852.9000000000001
14158,16398,559505,535.85,852.9000000000001
14159,16399,550469,178.41,204.285
14160,16399,577595,230.16,204.285
14161,16400,565737,303.93,303.93
14162,16401,541239,487.90000000000003,341.52666666666664
14163,16401,544404,177.9,341.52666666666664
14164,16401,548407,306.6,341.52666666666664
14165,16401,551524,477.09,341.52666666666664
14166,16401,553131,212.39999999999998,341.52666666666664
14167,16401,558562,309.9,341.52666666666664
14168,16401,561877,483.63,341.52666666666664
14169,16401,566694,318.24,341.52666666666664
14170,16401,572664,306.3,341.52666666666664
14171,16401,576094,309.48,341.52666666666664
14172,16401,578805,396.14,341.52666666666664
14173,16401,581453,312.74,341.52666666666664
14174,16402,537192,211.8,149.8
14175,16402,547056,87.8,149.8
14176,16403,542715,177.5,177.5
14177,16404,569139,443.05,443.05
14178,16405,543041,6.85,83.625
14179,16405,543623,160.4,83.625
14180,16406,577696,163.07,163.07
14181,16407,542716,263.24,212.69299999999998
14182,16407,544076,75.0,212.69299999999998
14183,16407,545043,202.1,212.69299999999998
14184,16407,549679,60.0,212.69299999999998
14185,16407,554996,194.4,212.69299999999998
14186,16407,561030,265.87,212.69299999999998
14187,16407,563920,453.11,212.69299999999998
14188,16407,563921,15.9,212.69299999999998
14189,16407,568316,265.14,212.69299999999998
14190,16407,578851,332.16999999999996,212.69299999999998
14191,16409,542241,271.56,405.776
14192,16409,549734,532.0,405.776
14193,16409,559809,235.71,405.776
14194,16409,566585,380.76,405.776
14195,16409,574308,608.85,405.776
14196,16411,537176,131.5,107.325
14197,16411,577521,83.15,107.325
14198,16412,571418,151.83,151.83
14199,16413,571197,262.2,262.2
14200,16414,545652,50.8,63.125
14201,16414,577146,75.45,63.125
14202,16415,572880,210.35,210.35
14203,16416,571221,333.89,350.4666666666667
14204,16416,573112,344.83,350.4666666666667
14205,16416,575970,372.68,350.4666666666667
14206,16418,551337,145.91,225.09
14207,16418,565932,222.45000000000002,225.09
14208,16418,572859,306.91,225.09
14209,16419,542868,252.66,162.03833333333333
14210,16419,546123,264.27,162.03833333333333
14211,16419,558030,170.51,162.03833333333333
14212,16419,558065,63.25,162.03833333333333
14213,16419,562133,112.09,162.03833333333333
14214,16419,563832,109.45,162.03833333333333
14215,16422,537214,1668.1999999999998,680.086274509804
14216,16422,538892,17.4,680.086274509804
14217,16422,539561,339.71999999999997,680.086274509804
14218,16422,540383,406.77,680.086274509804
14219,16422,540565,102.0,680.086274509804
14220,16422,541479,707.88,680.086274509804
14221,16422,542207,396.72,680.086274509804
14222,16422,542208,944.34,680.086274509804
14223,16422,542889,241.2,680.086274509804
14224,16422,543287,620.37,680.086274509804
14225,16422,543908,405.3,680.086274509804
14226,16422,544769,417.96,680.086274509804
14227,16422,545087,513.45,680.086274509804
14228,16422,545693,796.86,680.086274509804
14229,16422,545694,120.0,680.086274509804
14230,16422,546738,853.0799999999999,680.086274509804
14231,16422,547023,833.1,680.086274509804
14232,16422,548171,963.01,680.086274509804
14233,16422,548807,2298.0,680.086274509804
14234,16422,548985,105.0,680.086274509804
14235,16422,550524,385.2,680.086274509804
14236,16422,551501,354.72,680.086274509804
14237,16422,551874,385.14,680.086274509804
14238,16422,553039,600.63,680.086274509804
14239,16422,553574,1373.46,680.086274509804
14240,16422,554271,1733.85,680.086274509804
14241,16422,555194,588.36,680.086274509804
14242,16422,555798,1121.1299999999999,680.086274509804
14243,16422,557674,1754.97,680.086274509804
14244,16422,558125,1112.32,680.086274509804
14245,16422,558276,62.4,680.086274509804
14246,16422,559164,587.46,680.086274509804
14247,16422,559690,850.46,680.086274509804
14248,16422,560280,705.3,680.086274509804
14249,16422,561111,734.0,680.086274509804
14250,16422,562143,2353.0,680.086274509804
14251,16422,562967,327.12,680.086274509804
14252,16422,564219,786.8399999999999,680.086274509804
14253,16422,565139,550.98,680.086274509804
14254,16422,566487,358.2,680.086274509804
14255,16422,567308,575.46,680.086274509804
14256,16422,568509,504.96000000000004,680.086274509804
14257,16422,568511,109.2,680.086274509804
14258,16422,569730,332.21999999999997,680.086274509804
14259,16422,570496,459.06,680.086274509804
14260,16422,571666,722.76,680.086274509804
14261,16422,573146,401.1,680.086274509804
14262,16422,574947,750.24,680.086274509804
14263,16422,576254,933.14,680.086274509804
14264,16422,576591,136.32,680.086274509804
14265,16422,578035,284.03999999999996,680.086274509804
14266,16423,576379,346.12,346.12
14267,16424,555242,133.56,133.56
14268,16425,543610,302.7,302.7
14269,16426,546009,328.37,190.825
14270,16426,566005,161.69,190.825
14271,16426,566008,153.99,190.825
14272,16426,566015,45.78,190.825
14273,16426,572330,244.45,190.825
14274,16426,574555,221.63,190.825
14275,16426,577317,197.74,190.825
14276,16426,580276,230.02,190.825
14277,16426,580293,79.56,190.825
14278,16426,581147,245.01999999999998,190.825
14279,16427,545187,109.8,120.53
14280,16427,547244,131.26,120.53
14281,16429,564485,284.55,284.55
14282,16430,571063,300.85,300.85
14283,16431,544067,269.59,214.26999999999998
14284,16431,544068,74.34,214.26999999999998
14285,16431,552651,298.88,214.26999999999998
14286,16432,569850,287.40000000000003,287.40000000000003
14287,16433,575889,184.26,184.26
14288,16434,543804,401.0,217.46428571428572
14289,16434,547845,121.95,217.46428571428572
14290,16434,555111,201.27,217.46428571428572
14291,16434,565429,182.12,217.46428571428572
14292,16434,572286,196.93,217.46428571428572
14293,16434,574656,233.8,217.46428571428572
14294,16434,575655,185.18,217.46428571428572
14295,16438,567174,204.4,159.67000000000002
14296,16438,573149,148.72,159.67000000000002
14297,16438,574323,114.91,159.67000000000002
14298,16438,575941,180.51,159.67000000000002
14299,16438,580393,149.81,159.67000000000002
14300,16440,552365,272.46,728.134
14301,16440,569488,433.01,728.134
14302,16440,571828,1103.36,728.134
14303,16440,575647,856.41,728.134
14304,16440,580188,975.43,728.134
14305,16441,544596,211.0,190.6
14306,16441,569396,170.2,190.6
14307,16442,538709,151.66,205.59666666666666
14308,16442,551056,285.37,205.59666666666666
14309,16442,581310,179.76,205.59666666666666
14310,16444,547055,119.08,163.6675
14311,16444,554977,121.0,163.6675
14312,16444,565596,301.32,163.6675
14313,16444,572483,113.27,163.6675
14314,16445,574677,230.51,230.51
14315,16446,553573,2.9,84236.25
14316,16446,581483,168469.6,84236.25
14317,16447,561465,259.01,259.01
14318,16448,554684,188.89,188.89
14319,16449,545636,416.69,353.845
14320,16449,554708,291.0,353.845
14321,16450,559888,311.92,311.92
14322,16451,566480,266.96999999999997,266.96999999999997
14323,16454,569915,5.9,3.45
14324,16454,572832,1.0,3.45
14325,16455,537030,246.29999999999998,263.0257142857143
14326,16455,537031,135.0,263.0257142857143
14327,16455,538679,150.68,263.0257142857143
14328,16455,547985,413.7,263.0257142857143
14329,16455,553829,188.1,263.0257142857143
14330,16455,565684,189.6,263.0257142857143
14331,16455,570102,517.8,263.0257142857143
14332,16456,536542,787.4,431.674
14333,16456,543273,449.28000000000003,431.674
14334,16456,551003,339.93,431.674
14335,16456,564722,124.16,431.674
14336,16456,565144,457.6,431.674
14337,16457,551967,208.36,208.36
14338,16458,538800,193.9,193.48555555555558
14339,16458,543398,199.8,193.48555555555558
14340,16458,545164,173.7,193.48555555555558
14341,16458,547713,157.7,193.48555555555558
14342,16458,550462,198.0,193.48555555555558
14343,16458,552170,216.3,193.48555555555558
14344,16458,555535,166.3,193.48555555555558
14345,16458,557772,222.0,193.48555555555558
14346,16458,561075,185.0,193.48555555555558
14347,16458,562615,254.8,193.48555555555558
14348,16458,564542,184.0,193.48555555555558
14349,16458,566425,175.9,193.48555555555558
14350,16458,568688,157.66,193.48555555555558
14351,16458,571555,183.9,193.48555555555558
14352,16458,573906,195.02,193.48555555555558
14353,16458,575745,203.6,193.48555555555558
14354,16458,578680,239.66,193.48555555555558
14355,16458,581014,175.5,193.48555555555558
14356,16460,567200,258.84,271.5733333333333
14357,16460,568657,253.26,271.5733333333333
14358,16460,575885,302.62,271.5733333333333
14359,16461,556879,151.42,151.42
14360,16462,545223,34.0,45.333333333333336
14361,16462,555751,34.0,45.333333333333336
14362,16462,568396,68.0,45.333333333333336
14363,16463,553876,319.37,355.6
14364,16463,571463,491.28,355.6
14365,16463,571709,308.74,355.6
14366,16463,577324,303.01,355.6
14367,16464,560723,385.0,438.2266666666667
14368,16464,567482,613.25,438.2266666666667
14369,16464,577490,316.43,438.2266666666667
14370,16466,544447,111.67,229.06571428571428
14371,16466,553180,212.4,229.06571428571428
14372,16466,556471,198.76999999999998,229.06571428571428
14373,16466,563210,245.67,229.06571428571428
14374,16466,564732,233.67000000000002,229.06571428571428
14375,16466,571279,359.41999999999996,229.06571428571428
14376,16466,574655,241.85999999999999,229.06571428571428
14377,16468,568330,74.9,74.9
14378,16469,549277,97.7,162.60750000000002
14379,16469,549279,179.18,162.60750000000002
14380,16469,566601,185.84,162.60750000000002
14381,16469,576695,187.71,162.60750000000002
14382,16470,539185,216.34,190.5975
14383,16470,555073,129.32,190.5975
14384,16470,563427,193.47,190.5975
14385,16470,571837,223.26,190.5975
14386,16471,546159,223.95,223.95
14387,16473,540416,149.41,105.37
14388,16473,545016,68.4,105.37
14389,16473,558264,98.3,105.37
14390,16474,560271,355.57,267.35714285714283
14391,16474,566301,114.84,267.35714285714283
14392,16474,566302,8.25,267.35714285714283
14393,16474,569521,580.73,267.35714285714283
14394,16474,572047,339.1,267.35714285714283
14395,16474,578036,351.9,267.35714285714283
14396,16474,580277,121.11,267.35714285714283
14397,16475,546321,310.0,136.075
14398,16475,558611,57.9,136.075
14399,16475,560501,91.4,136.075
14400,16475,566430,85.0,136.075
14401,16477,536960,225.65,356.3514285714286
14402,16477,539835,318.75,356.3514285714286
14403,16477,541866,417.31,356.3514285714286
14404,16477,546248,214.5,356.3514285714286
14405,16477,552457,376.3,356.3514285714286
14406,16477,561881,446.75,356.3514285714286
14407,16477,570011,495.2,356.3514285714286
14408,16478,569633,202.9,110.33333333333333
14409,16478,569742,33.0,110.33333333333333
14410,16478,576352,95.1,110.33333333333333
14411,16479,579427,231.18,150.41500000000002
14412,16479,579443,69.65,150.41500000000002
14413,16480,568152,769.29,769.29
14414,16482,578468,220.62,220.62
14415,16483,555092,139.35,139.35
14416,16484,555312,285.7,202.14999999999998
14417,16484,557277,118.6,202.14999999999998
14418,16485,568104,363.65,363.65
14419,16488,559985,219.06,166.26666666666668
14420,16488,563503,135.51,166.26666666666668
14421,16488,574697,144.23000000000002,166.26666666666668
14422,16491,572331,731.5,731.5
14423,16493,541119,127.8,337.9075
14424,16493,545070,240.0,337.9075
14425,16493,557309,414.49,337.9075
14426,16493,567580,569.34,337.9075
14427,16494,544160,826.53,826.53
14428,16495,546013,238.01,228.13666666666666
14429,16495,546014,8.5,228.13666666666666
14430,16495,580908,437.9,228.13666666666666
14431,16496,542272,736.7,533.1733333333333
14432,16496,553228,448.34,533.1733333333333
14433,16496,579941,414.48,533.1733333333333
14434,16497,540641,279.3,494.2816666666667
14435,16497,542125,233.07999999999998,494.2816666666667
14436,16497,546688,175.29999999999998,494.2816666666667
14437,16497,554030,718.64,494.2816666666667
14438,16497,554031,144.38,494.2816666666667
14439,16497,572186,1414.99,494.2816666666667
14440,16498,558635,91.22,50.485
14441,16498,558734,9.75,50.485
14442,16499,538187,218.1,182.725
14443,16499,538850,147.35,182.725
14444,16500,541001,165.0,66.81
14445,16500,574272,55.32,66.81
14446,16500,574274,30.0,66.81
14447,16500,577139,42.9,66.81
14448,16500,578291,54.9,66.81
14449,16500,580614,52.739999999999995,66.81
14450,16503,538855,488.09,357.98249999999996
14451,16503,541086,353.7,357.98249999999996
14452,16503,552472,251.6,357.98249999999996
14453,16503,564433,338.54,357.98249999999996
14454,16504,576326,484.38,484.38
14455,16505,575050,777.5999999999999,777.5999999999999
14456,16506,573403,55.2,45.150000000000006
14457,16506,577494,35.1,45.150000000000006
14458,16509,544095,363.7,363.7
14459,16510,536746,248.1,248.1
14460,16511,546950,340.75,316.75333333333333
14461,16511,560305,241.95,316.75333333333333
14462,16511,577167,367.56,316.75333333333333
14463,16513,573103,108.44999999999999,218.6475
14464,16513,577526,554.34,218.6475
14465,16513,580052,90.0,218.6475
14466,16513,580556,121.8,218.6475
14467,16515,542886,320.51,325.426
14468,16515,549234,301.82,325.426
14469,16515,559746,365.28,325.426
14470,16515,566124,262.74,325.426
14471,16515,571668,376.78,325.426
14472,16516,575360,101.69999999999999,101.69999999999999
14473,16517,545853,162.70000000000002,162.70000000000002
14474,16518,545213,190.7,242.16
14475,16518,570239,293.62,242.16
14476,16519,538070,103.7,107.53999999999999
14477,16519,576349,111.38,107.53999999999999
14478,16520,538040,325.76,348.8566666666666
14479,16520,550144,297.16,348.8566666666666
14480,16520,555644,423.65,348.8566666666666
14481,16523,542506,743.9,448.4985714285714
14482,16523,546786,239.0,448.4985714285714
14483,16523,547898,374.7,448.4985714285714
14484,16523,550199,397.5,448.4985714285714
14485,16523,550200,64.2,448.4985714285714
14486,16523,552274,236.10000000000002,448.4985714285714
14487,16523,552275,59.8,448.4985714285714
14488,16523,554347,720.4,448.4985714285714
14489,16523,556913,392.0,448.4985714285714
14490,16523,559462,314.85,448.4985714285714
14491,16523,560834,484.4,448.4985714285714
14492,16523,563450,741.4,448.4985714285714
14493,16523,565458,477.7,448.4985714285714
14494,16523,566270,848.98,448.4985714285714
14495,16523,567635,686.48,448.4985714285714
14496,16523,570877,249.60000000000002,448.4985714285714
14497,16523,570878,82.5,448.4985714285714
14498,16523,574746,676.8,448.4985714285714
14499,16523,578517,772.54,448.4985714285714
14500,16523,580775,33.0,448.4985714285714
14501,16523,581216,822.62,448.4985714285714
14502,16525,537755,411.44,501.0557692307693
14503,16525,539076,391.0,501.0557692307693
14504,16525,540991,307.05,501.0557692307693
14505,16525,543184,303.58,501.0557692307693
14506,16525,543276,974.62,501.0557692307693
14507,16525,544308,347.1,501.0557692307693
14508,16525,545325,329.34,501.0557692307693
14509,16525,546090,660.34,501.0557692307693
14510,16525,547562,851.4,501.0557692307693
14511,16525,549678,435.0,501.0557692307693
14512,16525,552236,529.7,501.0557692307693
14513,16525,552641,653.98,501.0557692307693
14514,16525,553730,555.46,501.0557692307693
14515,16525,554869,338.28,501.0557692307693
14516,16525,555491,333.0,501.0557692307693
14517,16525,555929,765.8199999999999,501.0557692307693
14518,16525,558385,478.08000000000004,501.0557692307693
14519,16525,559021,532.9399999999999,501.0557692307693
14520,16525,561039,452.42,501.0557692307693
14521,16525,563203,348.0,501.0557692307693
14522,16525,565221,373.8,501.0557692307693
14523,16525,567162,828.6800000000001,501.0557692307693
14524,16525,567546,300.12,501.0557692307693
14525,16525,574055,863.04,501.0557692307693
14526,16525,578220,341.54,501.0557692307693
14527,16525,581172,321.72,501.0557692307693
14528,16526,557603,290.36,290.36
14529,16527,567356,228.06,228.06
14530,16528,580901,244.41,244.41
14531,16529,555396,455.25,455.25
14532,16531,538845,92.82,177.79857142857142
14533,16531,542098,146.1,177.79857142857142
14534,16531,544412,245.91,177.79857142857142
14535,16531,562389,199.7,177.79857142857142
14536,16531,568344,204.9,177.79857142857142
14537,16531,574060,223.21,177.79857142857142
14538,16531,577091,131.95,177.79857142857142
14539,16532,540175,1910.4,2249.6
14540,16532,561397,2606.4,2249.6
14541,16532,577852,2232.0,2249.6
14542,16533,569230,376.97,365.18666666666667
14543,16533,571283,610.89,365.18666666666667
14544,16533,577516,107.7,365.18666666666667
14545,16535,580526,593.75,593.75
14546,16536,563933,548.97,548.97
14547,16539,536572,442.34999999999997,347.2025
14548,16539,539292,304.9,347.2025
14549,16539,551730,306.36,347.2025
14550,16539,581004,335.2,347.2025
14551,16542,571315,119.62,119.62
14552,16545,558294,339.3,339.3
14553,16546,536663,299.4,393.575
14554,16546,544637,487.75,393.575
14555,16549,540531,119.49000000000001,415.46399999999994
14556,16549,562593,662.03,415.46399999999994
14557,16549,566275,452.49,415.46399999999994
14558,16549,570442,318.04,415.46399999999994
14559,16549,572669,479.4,415.46399999999994
14560,16549,575087,279.74,415.46399999999994
14561,16549,577778,153.38,415.46399999999994
14562,16549,577782,271.59,415.46399999999994
14563,16549,579458,339.21,415.46399999999994
14564,16549,579470,1079.27,415.46399999999994
14565,16550,537391,554.66,459.79400000000004
14566,16550,550464,484.25,459.79400000000004
14567,16550,555850,387.42,459.79400000000004
14568,16550,558367,345.92,459.79400000000004
14569,16550,564135,526.72,459.79400000000004
14570,16551,540411,311.07,307.37333333333333
14571,16551,561925,306.1,307.37333333333333
14572,16551,565462,304.95,307.37333333333333
14573,16552,536502,95.28999999999999,189.865
14574,16552,549589,284.44,189.865
14575,16553,538858,951.24,476.65166666666664
14576,16553,538859,658.2,476.65166666666664
14577,16553,543449,336.0,476.65166666666664
14578,16553,546166,270.4,476.65166666666664
14579,16553,546251,576.1,476.65166666666664
14580,16553,550900,682.38,476.65166666666664
14581,16553,550990,447.6,476.65166666666664
14582,16553,553676,647.26,476.65166666666664
14583,16553,553677,162.0,476.65166666666664
14584,16553,558472,547.44,476.65166666666664
14585,16553,558473,237.2,476.65166666666664
14586,16553,558474,204.0,476.65166666666664
14587,16554,540945,0.85,279.03333333333336
14588,16554,551532,313.26,279.03333333333336
14589,16554,573291,522.99,279.03333333333336
14590,16555,564038,151.98,142.945
14591,16555,574535,133.91,142.945
14592,16556,538851,310.84999999999997,473.3985714285714
14593,16556,544316,640.14,473.3985714285714
14594,16556,549451,318.07,473.3985714285714
14595,16556,554076,369.76,473.3985714285714
14596,16556,558539,445.42,473.3985714285714
14597,16556,564632,472.13,473.3985714285714
14598,16556,569461,757.42,473.3985714285714
14599,16557,561189,101.15,140.925
14600,16557,576577,180.7,140.925
14601,16558,537762,569.4,416.92449999999997
14602,16558,539442,311.15,416.92449999999997
14603,16558,541875,301.28,416.92449999999997
14604,16558,543604,264.03,416.92449999999997
14605,16558,546315,365.18,416.92449999999997
14606,16558,547205,313.55,416.92449999999997
14607,16558,548338,174.31,416.92449999999997
14608,16558,549322,230.98000000000002,416.92449999999997
14609,16558,550777,307.15999999999997,416.92449999999997
14610,16558,555015,613.54,416.92449999999997
14611,16558,557122,305.18,416.92449999999997
14612,16558,561050,403.05,416.92449999999997
14613,16558,562914,203.59,416.92449999999997
14614,16558,566048,322.77,416.92449999999997
14615,16558,567697,416.14,416.92449999999997
14616,16558,570178,228.46,416.92449999999997
14617,16558,572224,1256.69,416.92449999999997
14618,16558,574033,302.0,416.92449999999997
14619,16558,577107,851.06,416.92449999999997
14620,16558,581496,598.97,416.92449999999997
14621,16560,539263,332.18,420.70500000000004
14622,16560,575931,509.23,420.70500000000004
14623,16561,570507,264.96,255.56
14624,16561,580400,246.16,255.56
14625,16563,571360,1077.74,1077.74
14626,16565,538352,173.7,173.7
14627,16566,544441,94.89999999999999,122.93199999999999
14628,16566,555001,185.22,122.93199999999999
14629,16566,557766,183.76,122.93199999999999
14630,16566,571122,38.4,122.93199999999999
14631,16566,578634,112.38,122.93199999999999
14632,16567,540402,557.56,432.79999999999995
14633,16567,554990,308.03999999999996,432.79999999999995
14634,16569,580977,124.2,124.2
14635,16570,542788,450.06,373.84000000000003
14636,16570,546544,454.08000000000004,373.84000000000003
14637,16570,553721,569.09,373.84000000000003
14638,16570,558122,348.12,373.84000000000003
14639,16570,558482,13.2,373.84000000000003
14640,16570,562368,299.52,373.84000000000003
14641,16570,571101,709.63,373.84000000000003
14642,16570,571102,31.8,373.84000000000003
14643,16570,574895,435.82,373.84000000000003
14644,16570,578665,427.08,373.84000000000003
14645,16571,545468,436.68,473.8966666666667
14646,16571,557026,460.11,473.8966666666667
14647,16571,575944,524.9,473.8966666666667
14648,16572,546100,342.58,336.5333333333333
14649,16572,559662,299.7,336.5333333333333
14650,16572,562418,367.32,336.5333333333333
14651,16573,544668,292.63,331.805
14652,16573,566972,370.98,331.805
14653,16574,568910,451.44,451.44
14654,16581,556298,105.84,105.84
14655,16582,563726,313.62,313.62
14656,16583,536420,233.45,233.45
14657,16584,548329,611.94,468.04
14658,16584,567483,324.14,468.04
14659,16586,548912,463.95,463.95
14660,16587,550942,225.15,225.15
14661,16589,558718,117.67999999999999,153.08
14662,16589,564374,97.0,153.08
14663,16589,568944,244.56,153.08
14664,16591,569204,213.5,213.5
14665,16592,544940,455.28,257.105
14666,16592,548617,337.51,257.105
14667,16592,548619,9.96,257.105
14668,16592,554118,238.98,257.105
14669,16592,554119,53.8,257.105
14670,16592,554120,57.3,257.105
14671,16592,556184,337.55,257.105
14672,16592,556185,30.599999999999998,257.105
14673,16592,561247,668.39,257.105
14674,16592,561248,24.96,257.105
14675,16592,572080,25.2,257.105
14676,16592,572081,203.96,257.105
14677,16592,575218,285.85,257.105
14678,16592,578937,440.98,257.105
14679,16592,578938,25.2,257.105
14680,16592,580660,918.16,257.105
14681,16593,541243,69.6,110.00999999999999
14682,16593,555476,185.9,110.00999999999999
14683,16593,572057,74.53,110.00999999999999
14684,16594,568185,181.09,181.09
14685,16595,570225,360.16,360.16
14686,16596,537861,120.64999999999999,125.07499999999999
14687,16596,578352,129.5,125.07499999999999
14688,16597,580690,90.03999999999999,90.03999999999999
14689,16598,545046,145.05,145.05
14690,16600,540167,125.86,135.58666666666667
14691,16600,548546,111.6,135.58666666666667
14692,16600,568331,115.74,135.58666666666667
14693,16600,576573,104.1,135.58666666666667
14694,16600,578115,115.9,135.58666666666667
14695,16600,580694,240.32,135.58666666666667
14696,16601,573328,244.8,244.8
14697,16602,574297,528.08,528.08
14698,16603,566186,296.62,241.235
14699,16603,568222,185.85,241.235
14700,16607,539080,404.82,239.12214285714285
14701,16607,539440,250.0,239.12214285714285
14702,16607,543542,231.91,239.12214285714285
14703,16607,545163,216.04999999999998,239.12214285714285
14704,16607,548189,141.41,239.12214285714285
14705,16607,549917,145.87,239.12214285714285
14706,16607,553221,327.0,239.12214285714285
14707,16607,560856,421.7,239.12214285714285
14708,16607,562044,114.78,239.12214285714285
14709,16607,562255,14.04,239.12214285714285
14710,16607,568519,314.36,239.12214285714285
14711,16607,570726,168.54999999999998,239.12214285714285
14712,16607,574036,313.2,239.12214285714285
14713,16607,577835,284.02,239.12214285714285
14714,16609,548561,557.53,784.78
14715,16609,551564,534.65,784.78
14716,16609,554814,895.44,784.78
14717,16609,559706,347.29,784.78
14718,16609,561488,375.13,784.78
14719,16609,566482,1319.78,784.78
14720,16609,578513,1463.64,784.78
14721,16610,551834,75.66,75.66
14722,16611,555720,129.49,129.49
14723,16612,542790,280.05,296.915
14724,16612,555604,428.85,296.915
14725,16612,563181,161.4,296.915
14726,16612,574744,317.36,296.915
14727,16613,569148,618.59,618.59
14728,16614,556341,506.19,506.19
14729,16616,559024,210.10000000000002,250.21
14730,16616,578633,290.32,250.21
14731,16617,550357,151.85,151.85
14732,16618,541783,728.16,529.518
14733,16618,547828,354.65999999999997,529.518
14734,16618,553055,341.52,529.518
14735,16618,553056,16.95,529.518
14736,16618,575086,1206.3,529.518
14737,16619,547092,226.21,226.21
14738,16620,547576,95.76,89.48
14739,16620,580881,83.2,89.48
14740,16621,545725,162.85,203.37
14741,16621,552256,327.85,203.37
14742,16621,560181,118.71,203.37
14743,16621,571793,204.07,203.37
14744,16623,549319,129.45,129.45
14745,16624,554823,426.43,405.28499999999997
14746,16624,567470,384.14,405.28499999999997
14747,16625,546237,333.08,333.08
14748,16626,546983,795.75,259.59411764705885
14749,16626,555949,596.13,259.59411764705885
14750,16626,557769,195.16,259.59411764705885
14751,16626,558006,119.85,259.59411764705885
14752,16626,560536,123.15,259.59411764705885
14753,16626,562351,198.0,259.59411764705885
14754,16626,563707,137.3,259.59411764705885
14755,16626,567542,315.09999999999997,259.59411764705885
14756,16626,568379,182.3,259.59411764705885
14757,16626,569209,189.9,259.59411764705885
14758,16626,572929,13.200000000000001,259.59411764705885
14759,16626,573370,403.9,259.59411764705885
14760,16626,575149,110.5,259.59411764705885
14761,16626,576631,226.4,259.59411764705885
14762,16626,577084,282.25,259.59411764705885
14763,16626,580303,135.0,259.59411764705885
14764,16626,581567,389.21000000000004,259.59411764705885
14765,16627,567654,322.8,322.8
14766,16628,550518,360.65,437.61
14767,16628,551996,352.26,437.61
14768,16628,561391,410.63,437.61
14769,16628,564438,496.3,437.61
14770,16628,575610,568.21,437.61
14771,16629,565456,236.78,208.865
14772,16629,568402,180.95,208.865
14773,16633,550627,447.52,480.51666666666665
14774,16633,556472,255.79999999999998,480.51666666666665
14775,16633,563564,464.94,480.51666666666665
14776,16633,567889,340.74,480.51666666666665
14777,16633,573582,726.16,480.51666666666665
14778,16633,578032,647.94,480.51666666666665
14779,16634,536832,164.8,108.95
14780,16634,551523,53.1,108.95
14781,16637,551352,303.62,288.6175
14782,16637,562612,226.93,288.6175
14783,16637,570285,332.38,288.6175
14784,16637,574877,291.54,288.6175
14785,16638,537243,50.4,168.072
14786,16638,539005,20.4,168.072
14787,16638,541218,142.82,168.072
14788,16638,544601,528.27,168.072
14789,16638,545704,215.55,168.072
14790,16638,547876,254.0,168.072
14791,16638,563830,142.91,168.072
14792,16638,564429,75.36,168.072
14793,16638,565211,121.23,168.072
14794,16638,576929,129.78,168.072
14795,16639,550346,308.2,419.17
14796,16639,553419,162.95,419.17
14797,16639,575076,786.36,419.17
14798,16641,564637,231.1,231.1
14799,16642,553343,307.73,344.165
14800,16642,580603,380.6,344.165
14801,16643,549301,487.51,487.51
14802,16644,552820,722.41,416.89
14803,16644,556889,111.37,416.89
14804,16647,553740,127.75,107.03
14805,16647,557856,86.31,107.03
14806,16648,573159,290.66,290.66
14807,16650,568791,518.42,518.42
14808,16652,546385,1588.16,967.71
14809,16652,549961,25.5,967.71
14810,16652,552819,1440.96,967.71
14811,16652,563954,1388.27,967.71
14812,16652,563955,82.97999999999999,967.71
14813,16652,570701,2159.3,967.71
14814,16652,570702,88.8,967.71
14815,16653,568908,1117.86,606.3299999999999
14816,16653,578296,94.8,606.3299999999999
14817,16654,537415,227.4,150.3175
14818,16654,550504,274.45,150.3175
14819,16654,555561,35.4,150.3175
14820,16654,560879,64.02,150.3175
14821,16655,540856,812.25,632.42
14822,16655,555731,418.45,632.42
14823,16655,561900,638.19,632.42
14824,16655,568191,1042.31,632.42
14825,16655,575369,613.6800000000001,632.42
14826,16655,577860,269.64,632.42
14827,16656,538204,428.76,575.0533333333333
14828,16656,540002,310.28,575.0533333333333
14829,16656,544482,659.28,575.0533333333333
14830,16656,547001,357.12,575.0533333333333
14831,16656,551133,708.6,575.0533333333333
14832,16656,555005,1093.44,575.0533333333333
14833,16656,559709,884.4,575.0533333333333
14834,16656,560595,814.48,575.0533333333333
14835,16656,562810,60.0,575.0533333333333
14836,16656,563038,940.64,575.0533333333333
14837,16656,565459,859.6800000000001,575.0533333333333
14838,16656,567537,353.58000000000004,575.0533333333333
14839,16656,573156,756.72,575.0533333333333
14840,16656,575291,103.68,575.0533333333333
14841,16656,577064,295.14,575.0533333333333
14842,16657,548309,242.55,233.405
14843,16657,559984,203.56,233.405
14844,16657,576689,258.24,233.405
14845,16657,579571,229.27,233.405
14846,16658,537390,123.24,123.24
14847,16659,555497,39.12,39.12
14848,16660,541960,282.6,316.9125
14849,16660,553059,101.76,316.9125
14850,16660,578249,457.2,316.9125
14851,16660,578299,426.09000000000003,316.9125
14852,16665,538512,135.4,135.4
14853,16666,577532,118.98,118.98
14854,16667,545153,203.35,285.065
14855,16667,569232,366.78,285.065
14856,16668,545151,50.76,51.120000000000005
14857,16668,552521,71.82000000000001,51.120000000000005
14858,16668,556386,74.16,51.120000000000005
14859,16668,561062,19.5,51.120000000000005
14860,16668,563260,50.28,51.120000000000005
14861,16668,578672,40.2,51.120000000000005
14862,16669,567866,729.09,458.28999999999996
14863,16669,567869,0.4,458.28999999999996
14864,16669,576696,645.38,458.28999999999996
14865,16670,539099,403.61,372.3545454545455
14866,16670,540697,369.0,372.3545454545455
14867,16670,541420,5.9,372.3545454545455
14868,16670,545410,615.33,372.3545454545455
14869,16670,549116,554.38,372.3545454545455
14870,16670,557350,587.54,372.3545454545455
14871,16670,557351,13.0,372.3545454545455
14872,16670,564552,691.21,372.3545454545455
14873,16670,571049,341.78,372.3545454545455
14874,16670,575484,484.15,372.3545454545455
14875,16670,578112,30.0,372.3545454545455
14876,16671,558310,1382.88,564.09
14877,16671,574333,156.75,564.09
14878,16671,575882,152.64,564.09
14879,16672,546927,1175.44,406.74699999999996
14880,16672,549124,480.9,406.74699999999996
14881,16672,549834,302.4,406.74699999999996
14882,16672,550786,60.0,406.74699999999996
14883,16672,551350,438.0,406.74699999999996
14884,16672,552324,681.5,406.74699999999996
14885,16672,553882,249.3,406.74699999999996
14886,16672,553883,100.8,406.74699999999996
14887,16672,555356,352.8,406.74699999999996
14888,16672,556034,313.2,406.74699999999996
14889,16672,556998,305.4,406.74699999999996
14890,16672,557002,180.0,406.74699999999996
14891,16672,558314,361.8,406.74699999999996
14892,16672,561533,585.0,406.74699999999996
14893,16672,562373,318.5,406.74699999999996
14894,16672,563846,398.7,406.74699999999996
14895,16672,565155,608.1,406.74699999999996
14896,16672,568648,415.5,406.74699999999996
14897,16672,574334,537.6,406.74699999999996
14898,16672,581185,270.0,406.74699999999996
14899,16674,565331,122.2,159.805
14900,16674,571265,197.41,159.805
14901,16676,540316,464.82,398.03
14902,16676,550804,329.24,398.03
14903,16676,552690,304.44,398.03
14904,16676,574662,493.62,398.03
14905,16678,545344,312.18,259.16583333333335
14906,16678,548710,282.6,259.16583333333335
14907,16678,549990,147.3,259.16583333333335
14908,16678,551842,223.22,259.16583333333335
14909,16678,554698,301.35,259.16583333333335
14910,16678,560254,236.94,259.16583333333335
14911,16678,563191,326.75,259.16583333333335
14912,16678,565245,306.96,259.16583333333335
14913,16678,574228,301.2,259.16583333333335
14914,16678,579009,39.0,259.16583333333335
14915,16678,579434,308.55,259.16583333333335
14916,16678,581112,323.94,259.16583333333335
14917,16679,537816,129.75,129.75
14918,16680,573141,183.7,183.7
14919,16681,548498,301.6,295.0566666666667
14920,16681,550996,314.92,295.0566666666667
14921,16681,553726,259.32,295.0566666666667
14922,16681,560295,456.84000000000003,295.0566666666667
14923,16681,567971,417.5,295.0566666666667
14924,16681,568595,20.16,295.0566666666667
14925,16682,555519,525.5,205.6
14926,16682,558779,100.8,205.6
14927,16682,566058,183.92000000000002,205.6
14928,16682,571100,106.92,205.6
14929,16682,580631,110.86,205.6
14930,16684,539303,436.86,2380.4842857142858
14931,16684,539304,302.4,2380.4842857142858
14932,16684,539465,2062.44,2380.4842857142858
14933,16684,539489,311.7,2380.4842857142858
14934,16684,543099,6549.12,2380.4842857142858
14935,16684,544185,149.46,2380.4842857142858
14936,16684,546992,4666.44,2380.4842857142858
14937,16684,546994,152.64,2380.4842857142858
14938,16684,549927,3694.36,2380.4842857142858
14939,16684,549928,324.0,2380.4842857142858
14940,16684,553607,5176.12,2380.4842857142858
14941,16684,553614,427.8,2380.4842857142858
14942,16684,553625,822.5999999999999,2380.4842857142858
14943,16684,561051,7138.12,2380.4842857142858
14944,16684,561052,711.8399999999999,2380.4842857142858
14945,16684,561053,324.0,2380.4842857142858
14946,16684,561055,201.6,2380.4842857142858
14947,16684,561809,432.0,2380.4842857142858
14948,16684,569570,13760.02,2380.4842857142858
14949,16684,569571,2487.4,2380.4842857142858
14950,16684,569572,1800.0,2380.4842857142858
14951,16684,571842,684.2,2380.4842857142858
14952,16684,571843,449.28,2380.4842857142858
14953,16684,574092,5500.38,2380.4842857142858
14954,16684,574324,1494.0,2380.4842857142858
14955,16684,579189,976.8,2380.4842857142858
14956,16684,579191,216.0,2380.4842857142858
14957,16684,580665,5401.98,2380.4842857142858
14958,16685,570231,241.74,162.12
14959,16685,570233,82.5,162.12
14960,16686,539475,364.98,437.54714285714283
14961,16686,543306,340.77,437.54714285714283
14962,16686,550282,141.68,437.54714285714283
14963,16686,554992,382.14,437.54714285714283
14964,16686,564727,835.95,437.54714285714283
14965,16686,565401,414.19,437.54714285714283
14966,16686,572295,583.12,437.54714285714283
14967,16688,570337,183.75,315.215
14968,16688,573117,647.77,315.215
14969,16688,579514,283.64,315.215
14970,16688,581423,145.7,315.215
14971,16689,567173,294.16,211.3
14972,16689,568150,128.44,211.3
14973,16690,554068,86.5,112.79
14974,16690,568700,139.08,112.79
14975,16692,544809,8.5,638.0
14976,16692,547941,1267.5,638.0
14977,16693,546419,157.56,241.005
14978,16693,569208,324.45,241.005
14979,16696,549016,35.4,164.475
14980,16696,552557,404.7,164.475
14981,16696,554051,118.8,164.475
14982,16696,561508,99.0,164.475
14983,16697,549910,112.75,112.75
14984,16698,548494,1182.0,999.0
14985,16698,551191,816.0,999.0
14986,16700,537864,336.94,390.50384615384615
14987,16700,542353,508.36,390.50384615384615
14988,16700,544051,433.0,390.50384615384615
14989,16700,547667,483.3,390.50384615384615
14990,16700,550468,405.16,390.50384615384615
14991,16700,551885,378.24,390.50384615384615
14992,16700,554113,403.23,390.50384615384615
14993,16700,556501,394.42,390.50384615384615
14994,16700,559794,446.08,390.50384615384615
14995,16700,562849,307.22,390.50384615384615
14996,16700,567373,327.67,390.50384615384615
14997,16700,575502,369.12,390.50384615384615
14998,16700,579949,283.81,390.50384615384615
14999,16701,538593,476.76,415.25384615384615
15000,16701,540906,366.12,415.25384615384615
15001,16701,543912,379.74,415.25384615384615
15002,16701,547861,353.3,415.25384615384615
15003,16701,553653,319.25,415.25384615384615
15004,16701,555472,303.12,415.25384615384615
15005,16701,557280,373.5,415.25384615384615
15006,16701,559657,21.96,415.25384615384615
15007,16701,559660,1080.65,415.25384615384615
15008,16701,562053,376.02,415.25384615384615
15009,16701,571306,720.56,415.25384615384615
15010,16701,572857,128.88,415.25384615384615
15011,16701,579954,498.44,415.25384615384615
15012,16705,539106,920.52,701.7495
15013,16705,539107,211.2,701.7495
15014,16705,542891,2489.11,701.7495
15015,16705,549837,1311.8999999999999,701.7495
15016,16705,549838,96.0,701.7495
15017,16705,553315,1203.32,701.7495
15018,16705,553317,343.44,701.7495
15019,16705,553319,33.0,701.7495
15020,16705,560364,1585.94,701.7495
15021,16705,565230,1585.92,701.7495
15022,16705,568196,322.94,701.7495
15023,16705,568315,57.480000000000004,701.7495
15024,16705,572100,143.4,701.7495
15025,16705,572101,302.58,701.7495
15026,16705,573584,1976.58,701.7495
15027,16705,579106,1080.48,701.7495
15028,16705,579107,16.5,701.7495
15029,16705,579108,69.36,701.7495
15030,16705,579109,34.8,701.7495
15031,16705,581572,250.52,701.7495
15032,16706,563580,291.53,177.11666666666665
15033,16706,565326,120.02,177.11666666666665
15034,16706,574052,119.8,177.11666666666665
15035,16708,572655,656.63,656.63
15036,16709,545474,1120.53,605.9739999999999
15037,16709,549433,149.9,605.9739999999999
15038,16709,554380,580.36,605.9739999999999
15039,16709,554381,133.8,605.9739999999999
15040,16709,566988,1045.28,605.9739999999999
15041,16710,537382,375.47,248.304
15042,16710,538862,149.5,248.304
15043,16710,545945,122.61,248.304
15044,16710,547069,242.0,248.304
15045,16710,552669,324.76,248.304
15046,16710,553385,423.3,248.304
15047,16710,561066,206.25,248.304
15048,16710,568369,249.7,248.304
15049,16710,577517,360.05,248.304
15050,16710,577548,29.4,248.304
15051,16711,539406,214.2,330.206
15052,16711,543612,384.6,330.206
15053,16711,561001,311.07,330.206
15054,16711,575949,445.56,330.206
15055,16711,580984,295.6,330.206
15056,16712,546003,370.77,331.40272727272725
15057,16712,548198,351.01,331.40272727272725
15058,16712,552852,416.45,331.40272727272725
15059,16712,552853,66.14,331.40272727272725
15060,16712,556778,393.78000000000003,331.40272727272725
15061,16712,562095,168.05,331.40272727272725
15062,16712,564158,250.86,331.40272727272725
15063,16712,565649,482.8,331.40272727272725
15064,16712,577773,510.4,331.40272727272725
15065,16712,577774,385.57,331.40272727272725
15066,16712,579686,249.6,331.40272727272725
15067,16713,537794,414.43,461.54200000000003
15068,16713,539579,344.11,461.54200000000003
15069,16713,543466,459.36,461.54200000000003
15070,16713,544349,398.22,461.54200000000003
15071,16713,547521,197.05,461.54200000000003
15072,16713,549128,305.26,461.54200000000003
15073,16713,549829,341.0,461.54200000000003
15074,16713,550364,152.2,461.54200000000003
15075,16713,557468,529.67,461.54200000000003
15076,16713,560499,460.14,461.54200000000003
15077,16713,563432,369.33,461.54200000000003
15078,16713,568531,629.2,461.54200000000003
15079,16713,569459,702.04,461.54200000000003
15080,16713,576844,1115.52,461.54200000000003
15081,16713,577723,505.6,461.54200000000003
15082,16714,542231,1136.58,387.1766666666667
15083,16714,542234,9.95,387.1766666666667
15084,16714,551945,15.0,387.1766666666667
15085,16715,567939,301.71999999999997,301.71999999999997
15086,16716,542909,734.4,450.6
15087,16716,546923,166.8,450.6
15088,16717,537867,307.25,643.0633333333334
15089,16717,557349,298.44,643.0633333333334
15090,16717,558533,530.47,643.0633333333334
15091,16717,565473,423.5,643.0633333333334
15092,16717,574934,303.16,643.0633333333334
15093,16717,576688,1995.56,643.0633333333334
15094,16718,537153,623.75,623.75
15095,16719,537334,430.73,255.77428571428572
15096,16719,540161,152.45,255.77428571428572
15097,16719,544846,169.32999999999998,255.77428571428572
15098,16719,550352,225.72,255.77428571428572
15099,16719,559933,308.2,255.77428571428572
15100,16719,568226,211.32,255.77428571428572
15101,16719,578688,292.67,255.77428571428572
15102,16720,576077,155.24,155.24
15103,16721,547389,292.47,292.47
15104,16722,537376,480.68,363.9084615384615
15105,16722,537850,318.84,363.9084615384615
15106,16722,544914,314.36,363.9084615384615
15107,16722,550995,451.6,363.9084615384615
15108,16722,554162,397.78,363.9084615384615
15109,16722,556120,290.2,363.9084615384615
15110,16722,559169,311.46,363.9084615384615
15111,16722,560934,374.28,363.9084615384615
15112,16722,564473,295.3,363.9084615384615
15113,16722,565119,422.08,363.9084615384615
15114,16722,569565,314.5,363.9084615384615
15115,16722,571926,450.37,363.9084615384615
15116,16722,578025,309.36,363.9084615384615
15117,16723,564300,424.15000000000003,294.57500000000005
15118,16723,566184,165.0,294.57500000000005
15119,16725,537023,122.15,111.57428571428571
15120,16725,539053,203.6,111.57428571428571
15121,16725,539056,1.45,111.57428571428571
15122,16725,540093,112.3,111.57428571428571
15123,16725,542412,116.4,111.57428571428571
15124,16725,543245,123.78,111.57428571428571
15125,16725,543639,101.34,111.57428571428571
15126,16726,538633,129.57,276.404
15127,16726,544406,413.22,276.404
15128,16726,544408,61.0,276.404
15129,16726,554927,191.4,276.404
15130,16726,576053,586.83,276.404
15131,16727,538312,272.82,272.82
15132,16728,547062,224.49,263.6675
15133,16728,550311,102.44,263.6675
15134,16728,558086,223.07,263.6675
15135,16728,572513,504.67,263.6675
15136,16729,549845,504.27,344.7580952380952
15137,16729,550488,273.71,344.7580952380952
15138,16729,551134,604.73,344.7580952380952
15139,16729,551135,7.25,344.7580952380952
15140,16729,552065,190.54,344.7580952380952
15141,16729,552446,351.83,344.7580952380952
15142,16729,552447,37.5,344.7580952380952
15143,16729,553345,533.7,344.7580952380952
15144,16729,554323,330.6,344.7580952380952
15145,16729,555349,294.69,344.7580952380952
15146,16729,556426,249.49,344.7580952380952
15147,16729,557008,112.88,344.7580952380952
15148,16729,558993,504.98,344.7580952380952
15149,16729,560701,299.28,344.7580952380952
15150,16729,561774,325.63,344.7580952380952
15151,16729,563546,395.37,344.7580952380952
15152,16729,565198,346.98,344.7580952380952
15153,16729,566872,354.45,344.7580952380952
15154,16729,569105,454.33,344.7580952380952
15155,16729,571456,493.05,344.7580952380952
15156,16729,573897,574.66,344.7580952380952
15157,16730,541973,187.01999999999998,247.70333333333335
15158,16730,550615,293.92,247.70333333333335
15159,16730,571684,262.17,247.70333333333335
15160,16732,574956,603.75,603.75
15161,16734,563572,303.21,216.83666666666667
15162,16734,563573,2.95,216.83666666666667
15163,16734,571681,344.35,216.83666666666667
15164,16735,540524,660.36,460.11199999999997
15165,16735,550071,437.56,460.11199999999997
15166,16735,565243,770.9300000000001,460.11199999999997
15167,16735,565244,125.44999999999999,460.11199999999997
15168,16735,567797,306.26,460.11199999999997
15169,16737,571432,417.6,417.6
15170,16738,543986,3.75,3.75
15171,16739,556959,323.0,323.0
15172,16742,572423,464.9,464.9
15173,16743,539211,430.28,319.7271428571429
15174,16743,546242,360.78,319.7271428571429
15175,16743,552963,270.69,319.7271428571429
15176,16743,559293,28.880000000000003,319.7271428571429
15177,16743,559297,428.49,319.7271428571429
15178,16743,563735,366.74,319.7271428571429
15179,16743,575622,352.23,319.7271428571429
15180,16744,557308,109.96,186.39428571428567
15181,16744,560270,131.73,186.39428571428567
15182,16744,565421,161.82,186.39428571428567
15183,16744,568142,225.01999999999998,186.39428571428567
15184,16744,572284,280.2,186.39428571428567
15185,16744,574671,113.03,186.39428571428567
15186,16744,579142,283.0,186.39428571428567
15187,16745,542836,239.29999999999998,423.1941176470588
15188,16745,543278,203.82,423.1941176470588
15189,16745,544292,304.65,423.1941176470588
15190,16745,545056,486.65,423.1941176470588
15191,16745,546220,541.1,423.1941176470588
15192,16745,547653,515.9,423.1941176470588
15193,16745,549276,267.1,423.1941176470588
15194,16745,551603,467.7,423.1941176470588
15195,16745,552953,561.81,423.1941176470588
15196,16745,556195,535.01,423.1941176470588
15197,16745,556724,246.49,423.1941176470588
15198,16745,558633,294.65,423.1941176470588
15199,16745,560539,513.48,423.1941176470588
15200,16745,562011,422.07,423.1941176470588
15201,16745,563192,311.2,423.1941176470588
15202,16745,565320,461.77,423.1941176470588
15203,16745,566709,821.6,423.1941176470588
15204,16746,539160,311.64,372.09222222222223
15205,16746,541238,391.1,372.09222222222223
15206,16746,544445,560.15,372.09222222222223
15207,16746,546871,300.0,372.09222222222223
15208,16746,550408,501.84000000000003,372.09222222222223
15209,16746,550448,20.85,372.09222222222223
15210,16746,551658,481.64,372.09222222222223
15211,16746,554997,321.96,372.09222222222223
15212,16746,558696,587.3,372.09222222222223
15213,16746,560422,300.18,372.09222222222223
15214,16746,563174,337.0,372.09222222222223
15215,16746,564855,307.42,372.09222222222223
15216,16746,566967,397.17,372.09222222222223
15217,16746,568197,503.6,372.09222222222223
15218,16746,574299,309.01,372.09222222222223
15219,16746,576516,315.68,372.09222222222223
15220,16746,579184,301.2,372.09222222222223
15221,16746,580636,449.91999999999996,372.09222222222223
15222,16747,569250,480.2,418.03
15223,16747,573996,355.86,418.03
15224,16748,540529,479.0,303.18
15225,16748,543127,130.8,303.18
15226,16748,552078,300.4,303.18
15227,16748,574070,339.0,303.18
15228,16748,577831,266.7,303.18
15229,16750,550965,118.7,124.78599999999999
15230,16750,561382,199.04,124.78599999999999
15231,16750,562924,98.38,124.78599999999999
15232,16750,568542,93.07000000000001,124.78599999999999
15233,16750,572862,114.74,124.78599999999999
15234,16751,575214,1764.72,1764.72
15235,16752,536676,207.5,207.5
15236,16753,570826,223.92000000000002,223.92000000000002
15237,16754,536830,2002.4,2002.4
15238,16755,542434,316.06,498.9433333333333
15239,16755,551283,592.41,498.9433333333333
15240,16755,563555,588.36,498.9433333333333
15241,16756,552323,239.4,239.4
15242,16757,542059,106.83,106.83
15243,16758,569685,369.34,369.34
15244,16759,575187,107.95,263.2633333333333
15245,16759,575188,310.9,263.2633333333333
15246,16759,580262,370.94,263.2633333333333
15247,16761,565409,316.62,316.62
15248,16762,560383,314.15,500.46000000000004
15249,16762,572565,573.45,500.46000000000004
15250,16762,577482,613.78,500.46000000000004
15251,16763,554636,611.85,611.85
15252,16764,560601,176.68,215.32692307692307
15253,16764,561869,172.96,215.32692307692307
15254,16764,562519,172.42000000000002,215.32692307692307
15255,16764,565207,260.49,215.32692307692307
15256,16764,566962,110.93,215.32692307692307
15257,16764,568662,192.24,215.32692307692307
15258,16764,570088,237.86,215.32692307692307
15259,16764,573269,249.78,215.32692307692307
15260,16764,575063,355.77,215.32692307692307
15261,16764,577258,222.43,215.32692307692307
15262,16764,578817,275.62,215.32692307692307
15263,16764,579559,169.2,215.32692307692307
15264,16764,580833,202.87,215.32692307692307
15265,16765,544426,34.0,34.0
15266,16766,546387,572.8,572.8
15267,16766,546403,572.8,572.8
15268,16767,542373,1866.02,507.32727272727277
15269,16767,547691,364.84,507.32727272727277
15270,16767,551869,418.2,507.32727272727277
15271,16767,556318,399.18,507.32727272727277
15272,16767,561398,618.5,507.32727272727277
15273,16767,563688,567.62,507.32727272727277
15274,16767,565790,591.14,507.32727272727277
15275,16767,575194,359.46000000000004,507.32727272727277
15276,16767,575195,271.36,507.32727272727277
15277,16767,575196,83.2,507.32727272727277
15278,16767,575197,41.08,507.32727272727277
15279,16768,546414,183.25,159.36333333333334
15280,16768,564713,103.24000000000001,159.36333333333334
15281,16768,572277,191.6,159.36333333333334
15282,16769,547670,380.39,380.39
15283,16770,536797,130.8,154.02
15284,16770,539282,131.4,154.02
15285,16770,542608,269.3,154.02
15286,16770,550321,124.98,154.02
15287,16770,571028,113.62,154.02
15288,16771,540188,296.66,449.3620000000001
15289,16771,543022,654.96,449.3620000000001
15290,16771,546117,704.33,449.3620000000001
15291,16771,568198,446.56,449.3620000000001
15292,16771,574692,144.3,449.3620000000001
15293,16773,571062,171.59,171.59
15294,16774,556779,143.4,165.38
15295,16774,560713,160.79999999999998,165.38
15296,16774,563300,238.0,165.38
15297,16774,569325,119.32,165.38
15298,16775,537634,231.9,154.1509090909091
15299,16775,541113,174.15,154.1509090909091
15300,16775,544592,171.05,154.1509090909091
15301,16775,553655,114.69999999999999,154.1509090909091
15302,16775,558478,114.35,154.1509090909091
15303,16775,558740,111.7,154.1509090909091
15304,16775,561818,147.07,154.1509090909091
15305,16775,562809,109.63,154.1509090909091
15306,16775,568726,183.53,154.1509090909091
15307,16775,571081,208.43,154.1509090909091
15308,16775,579489,129.15,154.1509090909091
15309,16776,570410,388.28,388.28
15310,16777,547872,177.25,113.175
15311,16777,567481,49.1,113.175
15312,16778,546301,93.18,122.97
15313,16778,568324,152.76,122.97
15314,16779,537678,356.90999999999997,483.16909090909087
15315,16779,538453,330.92,483.16909090909087
15316,16779,540462,434.95,483.16909090909087
15317,16779,540857,314.0,483.16909090909087
15318,16779,542724,265.05,483.16909090909087
15319,16779,543464,364.32,483.16909090909087
15320,16779,545913,431.58,483.16909090909087
15321,16779,546963,302.6,483.16909090909087
15322,16779,549554,480.34,483.16909090909087
15323,16779,551833,500.09,483.16909090909087
15324,16779,556252,480.96,483.16909090909087
15325,16779,557141,387.65999999999997,483.16909090909087
15326,16779,558460,406.46,483.16909090909087
15327,16779,559897,660.01,483.16909090909087
15328,16779,564379,678.88,483.16909090909087
15329,16779,568995,891.55,483.16909090909087
15330,16779,574915,743.5799999999999,483.16909090909087
15331,16779,576091,319.3,483.16909090909087
15332,16779,577409,882.86,483.16909090909087
15333,16779,578685,440.64,483.16909090909087
15334,16779,581168,344.65999999999997,483.16909090909087
15335,16779,581169,612.4,483.16909090909087
15336,16780,547833,161.89,212.595
15337,16780,564995,263.3,212.595
15338,16781,536759,311.25,311.25
15339,16782,537955,371.7,175.37692307692308
15340,16782,538951,206.29,175.37692307692308
15341,16782,542274,339.6,175.37692307692308
15342,16782,545890,92.8,175.37692307692308
15343,16782,546662,95.0,175.37692307692308
15344,16782,551470,112.96000000000001,175.37692307692308
15345,16782,553853,129.95,175.37692307692308
15346,16782,558922,157.4,175.37692307692308
15347,16782,561070,136.65,175.37692307692308
15348,16782,567966,161.95,175.37692307692308
15349,16782,574528,155.25,175.37692307692308
15350,16782,577827,276.85,175.37692307692308
15351,16782,579435,43.5,175.37692307692308
15352,16784,577496,107.6,107.6
15353,16788,548327,297.17,298.74
15354,16788,562711,300.31,298.74
15355,16789,580102,80.8,80.8
15356,16790,573993,664.21,257.60333333333335
15357,16790,574706,294.24,257.60333333333335
15358,16790,574916,177.3,257.60333333333335
15359,16790,575738,138.92000000000002,257.60333333333335
15360,16790,578294,91.44999999999999,257.60333333333335
15361,16790,580852,179.5,257.60333333333335
15362,16791,540839,255.38,245.96857142857144
15363,16791,547206,151.9,245.96857142857144
15364,16791,552643,155.35,245.96857142857144
15365,16791,552645,13.52,245.96857142857144
15366,16791,562784,224.12,245.96857142857144
15367,16791,570466,434.55,245.96857142857144
15368,16791,575726,486.96,245.96857142857144
15369,16792,545425,100.42999999999999,55.19
15370,16792,545427,9.95,55.19
15371,16793,571067,243.84,243.84
15372,16794,556491,274.74,122.271
15373,16794,556519,3.3200000000000003,122.271
15374,16794,560105,222.13,122.271
15375,16794,564168,128.31,122.271
15376,16794,566297,92.38,122.271
15377,16794,572301,111.81,122.271
15378,16794,575961,125.48,122.271
15379,16794,575967,2.95,122.271
15380,16794,579411,160.93,122.271
15381,16794,581450,100.66,122.271
15382,16795,538069,414.88,414.88
15383,16796,566277,305.62,305.62
15384,16800,579167,1201.49,1201.49
15385,16801,546389,751.9,404.9325
15386,16801,554088,513.9300000000001,404.9325
15387,16801,555017,213.05,404.9325
15388,16801,558470,140.85,404.9325
15389,16803,569680,332.3,332.3
15390,16804,546545,118.05,178.99666666666667
15391,16804,576876,411.98,178.99666666666667
15392,16804,576877,6.96,178.99666666666667
15393,16805,538853,214.76999999999998,230.295
15394,16805,557267,245.82,230.295
15395,16806,550191,241.29,200.3725
15396,16806,551714,173.08,200.3725
15397,16806,557855,127.19,200.3725
15398,16806,564745,259.93,200.3725
15399,16807,546437,371.23,373.8633333333334
15400,16807,552261,280.6,373.8633333333334
15401,16807,560690,469.76,373.8633333333334
15402,16808,546314,166.5,144.21
15403,16808,565225,121.92,144.21
15404,16809,547380,214.28,182.93800000000002
15405,16809,553187,128.8,182.93800000000002
15406,16809,561331,127.61,182.93800000000002
15407,16809,570219,149.68,182.93800000000002
15408,16809,576852,294.32,182.93800000000002
15409,16810,555133,309.54,309.54
15410,16811,578092,314.77,273.53499999999997
15411,16811,580608,232.3,273.53499999999997
15412,16812,538816,479.35,479.35
15413,16813,553856,206.25,169.298
15414,16813,555202,110.55,169.298
15415,16813,557283,146.60999999999999,169.298
15416,16813,560233,247.44,169.298
15417,16813,561868,188.54,169.298
15418,16813,563697,162.79,169.298
15419,16813,565408,125.46,169.298
15420,16813,567858,112.25,169.298
15421,16813,572096,244.55,169.298
15422,16813,580073,148.54,169.298
15423,16814,537055,273.29,309.95714285714286
15424,16814,540073,644.13,309.95714285714286
15425,16814,541091,342.15,309.95714285714286
15426,16814,541484,193.09,309.95714285714286
15427,16814,542390,317.15,309.95714285714286
15428,16814,543095,170.70000000000002,309.95714285714286
15429,16814,544405,179.6,309.95714285714286
15430,16814,547940,460.23,309.95714285714286
15431,16814,549836,180.85,309.95714285714286
15432,16814,551385,390.85,309.95714285714286
15433,16814,553673,600.39,309.95714285714286
15434,16814,555012,420.43,309.95714285714286
15435,16814,557039,297.15,309.95714285714286
15436,16814,559254,300.03,309.95714285714286
15437,16814,562023,258.75,309.95714285714286
15438,16814,564143,177.9,309.95714285714286
15439,16814,566489,573.7,309.95714285714286
15440,16814,569859,116.32,309.95714285714286
15441,16814,572352,130.65,309.95714285714286
15442,16814,576758,273.03999999999996,309.95714285714286
15443,16814,578810,208.7,309.95714285714286
15444,16816,539296,75.78,104.265
15445,16816,542616,249.67,104.265
15446,16816,559872,47.239999999999995,104.265
15447,16816,564738,44.370000000000005,104.265
15448,16817,537397,244.2,178.30555555555554
15449,16817,538899,123.1,178.30555555555554
15450,16817,546330,141.45,178.30555555555554
15451,16817,547804,6.8,178.30555555555554
15452,16817,548917,215.9,178.30555555555554
15453,16817,552018,217.8,178.30555555555554
15454,16817,555741,230.18,178.30555555555554
15455,16817,574867,207.99,178.30555555555554
15456,16817,581057,217.32999999999998,178.30555555555554
15457,16818,553658,554.42,304.50636363636363
15458,16818,554123,171.82,304.50636363636363
15459,16818,555207,421.73,304.50636363636363
15460,16818,556236,45.2,304.50636363636363
15461,16818,560118,418.96,304.50636363636363
15462,16818,561284,87.96000000000001,304.50636363636363
15463,16818,562518,272.56,304.50636363636363
15464,16818,564543,129.75,304.50636363636363
15465,16818,565859,426.07,304.50636363636363
15466,16818,568909,693.34,304.50636363636363
15467,16818,579282,127.76,304.50636363636363
15468,16820,565542,497.61,497.61
15469,16823,551158,358.38,358.38
15470,16824,558338,222.9,230.32
15471,16824,578470,237.74,230.32
15472,16825,555738,318.7,387.59
15473,16825,573863,456.47999999999996,387.59
15474,16826,571890,341.7,341.7
15475,16828,563839,113.5,64.25
15476,16828,565870,15.0,64.25
15477,16829,559092,197.22,197.22
15478,16830,573829,325.91,325.91
15479,16832,552191,58.9,66.38333333333334
15480,16832,554043,77.75,66.38333333333334
15481,16832,556098,62.5,66.38333333333334
15482,16833,540525,309.48,276.6325
15483,16833,547716,344.41,276.6325
15484,16833,547717,17.4,276.6325
15485,16833,581413,435.24,276.6325
15486,16834,551002,413.46,413.46
15487,16835,536593,81.75,90.425
15488,16835,562216,99.1,90.425
15489,16836,563261,91.32,125.935
15490,16836,573425,160.55,125.935
15491,16837,549306,148.74,288.2709090909091
15492,16837,549924,112.2,288.2709090909091
15493,16837,550669,102.0,288.2709090909091
15494,16837,551654,195.1,288.2709090909091
15495,16837,552730,519.6,288.2709090909091
15496,16837,554756,75.0,288.2709090909091
15497,16837,554762,320.5,288.2709090909091
15498,16837,554765,341.6,288.2709090909091
15499,16837,558923,97.0,288.2709090909091
15500,16837,570597,737.7,288.2709090909091
15501,16837,575128,521.54,288.2709090909091
15502,16838,544911,392.12,294.425
15503,16838,554809,196.73000000000002,294.425
15504,16839,537052,552.24,488.06911764705876
15505,16839,540407,427.46999999999997,488.06911764705876
15506,16839,541227,349.2,488.06911764705876
15507,16839,541812,357.12,488.06911764705876
15508,16839,543392,602.72,488.06911764705876
15509,16839,544194,597.5799999999999,488.06911764705876
15510,16839,545319,412.32,488.06911764705876
15511,16839,546830,449.87,488.06911764705876
15512,16839,547550,335.72,488.06911764705876
15513,16839,548493,840.38,488.06911764705876
15514,16839,552445,667.61,488.06911764705876
15515,16839,553891,682.4,488.06911764705876
15516,16839,554853,366.56,488.06911764705876
15517,16839,555733,402.08,488.06911764705876
15518,16839,557503,488.54,488.06911764705876
15519,16839,557504,215.6,488.06911764705876
15520,16839,558706,416.96,488.06911764705876
15521,16839,559784,834.52,488.06911764705876
15522,16839,560977,422.4,488.06911764705876
15523,16839,561861,458.94,488.06911764705876
15524,16839,562908,457.25,488.06911764705876
15525,16839,563951,531.8,488.06911764705876
15526,16839,566433,987.94,488.06911764705876
15527,16839,567515,351.9,488.06911764705876
15528,16839,568343,418.82,488.06911764705876
15529,16839,570089,352.72,488.06911764705876
15530,16839,571245,350.22,488.06911764705876
15531,16839,573928,599.25,488.06911764705876
15532,16839,574325,466.84,488.06911764705876
15533,16839,575184,450.4,488.06911764705876
15534,16839,576772,434.5,488.06911764705876
15535,16839,577098,472.0,488.06911764705876
15536,16839,579920,352.56,488.06911764705876
15537,16839,579921,487.92,488.06911764705876
15538,16841,545001,317.38,311.63666666666666
15539,16841,552542,319.12,311.63666666666666
15540,16841,555866,306.68,311.63666666666666
15541,16841,557750,300.06,311.63666666666666
15542,16841,561147,317.82,311.63666666666666
15543,16841,574182,308.76,311.63666666666666
15544,16842,543619,520.5699999999999,421.3966666666667
15545,16842,559350,346.38,421.3966666666667
15546,16842,564868,397.24,421.3966666666667
15547,16843,541263,759.06,637.285625
15548,16843,544645,1240.4,637.285625
15549,16843,549755,394.56,637.285625
15550,16843,553707,1026.27,637.285625
15551,16843,553708,112.2,637.285625
15552,16843,554825,309.40999999999997,637.285625
15553,16843,557057,1830.72,637.285625
15554,16843,557058,69.3,637.285625
15555,16843,559884,535.52,637.285625
15556,16843,559885,69.72,637.285625
15557,16843,561625,1024.44,637.285625
15558,16843,565460,1414.6399999999999,637.285625
15559,16843,565808,23.0,637.285625
15560,16843,569695,993.88,637.285625
15561,16843,569696,15.8,637.285625
15562,16843,573163,377.65,637.285625
15563,16846,572075,214.32,214.32
15564,16847,573028,193.44,193.44
15565,16848,571552,281.42,281.42
15566,16849,555588,124.57,124.57
15567,16850,540567,332.40999999999997,332.40999999999997
15568,16851,571730,111.09,114.15000000000002
15569,16851,573262,128.37,114.15000000000002
15570,16851,580651,102.99000000000001,114.15000000000002
15571,16852,557103,113.06,72.455
15572,16852,579437,31.85,72.455
15573,16855,573125,151.2,164.2
15574,16855,576676,177.2,164.2
15575,16856,578684,35.4,35.4
15576,16858,537236,375.69,375.69
15577,16859,547507,259.84,373.905
15578,16859,560366,487.97,373.905
15579,16861,558891,70.8,86.88
15580,16861,570495,102.96,86.88
15581,16863,537669,164.25,251.4
15582,16863,575139,338.55,251.4
15583,16866,558701,108.95,69.24666666666667
15584,16866,559524,45.0,69.24666666666667
15585,16866,560929,53.79,69.24666666666667
15586,16869,557221,233.53,206.35500000000002
15587,16869,558191,154.15,206.35500000000002
15588,16869,571845,304.72,206.35500000000002
15589,16869,577008,133.02,206.35500000000002
15590,16871,546440,535.02,468.72333333333336
15591,16871,548016,35.04,468.72333333333336
15592,16871,548017,357.25,468.72333333333336
15593,16871,553067,1110.51,468.72333333333336
15594,16871,566299,329.44,468.72333333333336
15595,16871,577127,445.08,468.72333333333336
15596,16872,556066,388.36,226.67333333333332
15597,16872,564669,76.32,226.67333333333332
15598,16872,568131,215.33999999999997,226.67333333333332
15599,16873,538354,2157.64,1187.27
15600,16873,549522,528.93,1187.27
15601,16873,554712,546.88,1187.27
15602,16873,562381,638.02,1187.27
15603,16873,570218,1397.32,1187.27
15604,16873,580615,1854.83,1187.27
15605,16875,540003,368.8,419.10599999999994
15606,16875,544161,398.78999999999996,419.10599999999994
15607,16875,544163,37.5,419.10599999999994
15608,16875,560356,333.11,419.10599999999994
15609,16875,569331,957.33,419.10599999999994
15610,16877,553204,77.75,142.28666666666666
15611,16877,559551,111.23,142.28666666666666
15612,16877,573414,269.03000000000003,142.28666666666666
15613,16877,576079,134.77,142.28666666666666
15614,16877,577533,135.11,142.28666666666666
15615,16877,578945,125.83,142.28666666666666
15616,16878,567158,13.3,13.3
15617,16880,555508,269.88,217.01142857142855
15618,16880,557289,144.23,217.01142857142855
15619,16880,557290,6.95,217.01142857142855
15620,16880,559538,269.49,217.01142857142855
15621,16880,562526,166.36,217.01142857142855
15622,16880,565115,252.11,217.01142857142855
15623,16880,575222,410.06,217.01142857142855
15624,16881,569420,432.0,432.0
15625,16882,542267,9.9,235.04
15626,16882,550148,205.8,235.04
15627,16882,569423,489.42,235.04
15628,16883,536857,128.03,138.365
15629,16883,555541,148.7,138.365
15630,16884,573931,296.76,214.92
15631,16884,574011,133.07999999999998,214.92
15632,16885,539456,190.65,157.17
15633,16885,571899,127.1,157.17
15634,16885,578515,153.76,157.17
15635,16887,574530,194.88,194.88
15636,16889,540415,523.05,526.2233333333332
15637,16889,549546,705.56,526.2233333333332
15638,16889,554978,350.06,526.2233333333332
15639,16891,536874,232.26,161.94
15640,16891,560833,205.66,161.94
15641,16891,565481,122.22,161.94
15642,16891,574258,133.61,161.94
15643,16891,581253,115.95,161.94
15644,16892,556182,102.97999999999999,105.10799999999999
15645,16892,575621,137.04,105.10799999999999
15646,16892,578508,150.6,105.10799999999999
15647,16892,581394,11.8,105.10799999999999
15648,16892,581395,123.12,105.10799999999999
15649,16893,537764,145.93,145.93
15650,16895,569823,219.14,219.14
15651,16897,542601,213.03,144.89
15652,16897,543813,76.75,144.89
15653,16898,537351,116.08,169.60333333333332
15654,16898,556916,203.39,169.60333333333332
15655,16898,576066,189.34,169.60333333333332
15656,16899,538841,170.55,213.59333333333333
15657,16899,553384,177.0,213.59333333333333
15658,16899,559881,162.63,213.59333333333333
15659,16899,566225,78.1,213.59333333333333
15660,16899,577541,381.7,213.59333333333333
15661,16899,580193,311.58,213.59333333333333
15662,16900,570127,752.68,295.7033333333333
15663,16900,577492,125.47999999999999,295.7033333333333
15664,16900,578126,8.95,295.7033333333333
15665,16902,563351,1706.88,1706.88
15666,16903,575681,373.24,373.24
15667,16904,537614,322.8,234.641875
15668,16904,537616,15.9,234.641875
15669,16904,541564,192.26,234.641875
15670,16904,543924,101.45,234.641875
15671,16904,547651,433.29,234.641875
15672,16904,551436,222.47,234.641875
15673,16904,556905,336.11,234.641875
15674,16904,558159,167.59,234.641875
15675,16904,558535,279.77,234.641875
15676,16904,560223,187.39,234.641875
15677,16904,561917,228.94,234.641875
15678,16904,562932,282.96999999999997,234.641875
15679,16904,564139,263.13,234.641875
15680,16904,565735,15.0,234.641875
15681,16904,575637,356.18,234.641875
15682,16904,580644,349.02,234.641875
15683,16905,536860,254.4,443.2042857142857
15684,16905,547712,380.98,443.2042857142857
15685,16905,550314,218.55,443.2042857142857
15686,16905,572307,1205.81,443.2042857142857
15687,16905,577524,546.64,443.2042857142857
15688,16905,577525,161.35,443.2042857142857
15689,16905,580514,334.7,443.2042857142857
15690,16906,548983,114.64,144.9425
15691,16906,553664,99.0,144.9425
15692,16906,555584,181.3,144.9425
15693,16906,567288,184.82999999999998,144.9425
15694,16907,538155,182.01999999999998,196.32999999999998
15695,16907,544666,250.68,196.32999999999998
15696,16907,550632,151.3,196.32999999999998
15697,16907,560098,127.88,196.32999999999998
15698,16907,575718,269.77,196.32999999999998
15699,16909,568729,379.14,379.14
15700,16910,566200,111.78,188.7575
15701,16910,566734,163.08,188.7575
15702,16910,567878,290.52,188.7575
15703,16910,568061,189.7,188.7575
15704,16910,570126,135.82,188.7575
15705,16910,571676,268.77,188.7575
15706,16910,579741,163.59,188.7575
15707,16910,580640,186.8,188.7575
15708,16912,541686,377.3,234.12545454545455
15709,16912,544610,350.1,234.12545454545455
15710,16912,544611,30.240000000000002,234.12545454545455
15711,16912,553225,283.32,234.12545454545455
15712,16912,553226,124.7,234.12545454545455
15713,16912,561634,65.4,234.12545454545455
15714,16912,561635,327.32,234.12545454545455
15715,16912,569322,464.64,234.12545454545455
15716,16912,569323,32.85,234.12545454545455
15717,16912,569324,363.08,234.12545454545455
15718,16912,575853,156.43,234.12545454545455
15719,16913,544654,113.44,113.44
15720,16914,574292,208.46,208.46
15721,16915,545229,54.3,103.61333333333333
15722,16915,548991,112.49,103.61333333333333
15723,16915,557970,41.9,103.61333333333333
15724,16915,562349,173.7,103.61333333333333
15725,16915,572912,129.61,103.61333333333333
15726,16915,579865,109.67999999999999,103.61333333333333
15727,16916,536742,198.08,288.13
15728,16916,576686,378.18,288.13
15729,16917,545918,391.52,391.52
15730,16918,542266,275.78,178.13666666666666
15731,16918,558760,247.25,178.13666666666666
15732,16918,565588,299.67,178.13666666666666
15733,16918,570200,206.24,178.13666666666666
15734,16918,570201,2.08,178.13666666666666
15735,16918,572214,37.8,178.13666666666666
15736,16919,537372,198.35,236.04090909090908
15737,16919,538863,341.65999999999997,236.04090909090908
15738,16919,548971,184.84,236.04090909090908
15739,16919,549874,294.66,236.04090909090908
15740,16919,550607,232.22,236.04090909090908
15741,16919,551282,223.33,236.04090909090908
15742,16919,552179,116.49000000000001,236.04090909090908
15743,16919,554487,146.5,236.04090909090908
15744,16919,555116,317.3,236.04090909090908
15745,16919,556733,325.36,236.04090909090908
15746,16919,559138,215.74,236.04090909090908
15747,16921,570246,169.79,169.79
15748,16923,538370,550.5,381.4531578947368
15749,16923,540499,365.2,381.4531578947368
15750,16923,542600,310.61,381.4531578947368
15751,16923,545681,655.03,381.4531578947368
15752,16923,547841,520.13,381.4531578947368
15753,16923,550437,192.32999999999998,381.4531578947368
15754,16923,552257,386.72,381.4531578947368
15755,16923,553422,130.0,381.4531578947368
15756,16923,554534,50.0,381.4531578947368
15757,16923,555524,610.77,381.4531578947368
15758,16923,555530,61.2,381.4531578947368
15759,16923,557262,174.53,381.4531578947368
15760,16923,559525,391.52,381.4531578947368
15761,16923,565151,522.97,381.4531578947368
15762,16923,569205,658.11,381.4531578947368
15763,16923,573330,529.91,381.4531578947368
15764,16923,575932,449.87,381.4531578947368
15765,16923,578933,181.6,381.4531578947368
15766,16923,578936,506.61,381.4531578947368
15767,16924,567094,271.11,282.25
15768,16924,569789,252.54,282.25
15769,16924,577300,323.1,282.25
15770,16926,536972,230.25,230.25
15771,16927,538594,218.1,181.01666666666665
15772,16927,545992,123.35,181.01666666666665
15773,16927,563411,201.6,181.01666666666665
15774,16928,536566,116.25,167.50588235294117
15775,16928,541791,101.25,167.50588235294117
15776,16928,543730,112.5,167.50588235294117
15777,16928,548652,135.0,167.50588235294117
15778,16928,550513,379.56,167.50588235294117
15779,16928,552270,105.55,167.50588235294117
15780,16928,555353,156.2,167.50588235294117
15781,16928,556791,176.6,167.50588235294117
15782,16928,558339,174.05,167.50588235294117
15783,16928,560026,119.05,167.50588235294117
15784,16928,562468,125.0,167.50588235294117
15785,16928,563033,140.84,167.50588235294117
15786,16928,563711,109.9,167.50588235294117
15787,16928,564848,252.5,167.50588235294117
15788,16928,565758,199.3,167.50588235294117
15789,16928,566747,221.17,167.50588235294117
15790,16928,567514,222.88,167.50588235294117
15791,16929,559299,229.14,185.0557142857143
15792,16929,562342,199.74,185.0557142857143
15793,16929,568785,110.84,185.0557142857143
15794,16929,574233,105.78,185.0557142857143
15795,16929,576901,207.99,185.0557142857143
15796,16929,578063,235.96,185.0557142857143
15797,16929,580733,205.94,185.0557142857143
15798,16930,569225,195.31,126.85000000000001
15799,16930,569226,11.8,126.85000000000001
15800,16930,576073,173.44,126.85000000000001
15801,16931,537054,152.05,219.24857142857144
15802,16931,539414,212.60999999999999,219.24857142857144
15803,16931,541844,215.16,219.24857142857144
15804,16931,544460,302.37,219.24857142857144
15805,16931,547871,277.43,219.24857142857144
15806,16931,549553,147.06,219.24857142857144
15807,16931,551517,204.24,219.24857142857144
15808,16931,554080,230.60999999999999,219.24857142857144
15809,16931,554979,161.57999999999998,219.24857142857144
15810,16931,557276,184.23,219.24857142857144
15811,16931,558752,272.26,219.24857142857144
15812,16931,560244,268.76,219.24857142857144
15813,16931,561867,115.61,219.24857142857144
15814,16931,564739,174.83,219.24857142857144
15815,16931,568170,279.49,219.24857142857144
15816,16931,570224,192.25,219.24857142857144
15817,16931,570226,4.35,219.24857142857144
15818,16931,572291,300.28,219.24857142857144
15819,16931,573500,198.52,219.24857142857144
15820,16931,577545,299.09,219.24857142857144
15821,16931,580502,411.44,219.24857142857144
15822,16932,571461,161.94,161.94
15823,16933,550132,224.73,281.615
15824,16933,581381,338.5,281.615
15825,16934,571274,809.98,475.46500000000003
15826,16934,571277,140.95,475.46500000000003
15827,16936,576176,262.68,262.68
15828,16938,543174,267.6,684.095
15829,16938,556484,2133.4,684.095
15830,16938,556523,9.75,684.095
15831,16938,579940,325.63,684.095
15832,16940,544790,757.68,1016.6266666666667
15833,16940,557878,1110.68,1016.6266666666667
15834,16940,571671,1181.52,1016.6266666666667
15835,16942,551057,285.04,213.3988888888889
15836,16942,551821,270.02,213.3988888888889
15837,16942,551825,22.9,213.3988888888889
15838,16942,555488,330.28000000000003,213.3988888888889
15839,16942,557016,169.66,213.3988888888889
15840,16942,559170,179.35,213.3988888888889
15841,16942,561320,191.89000000000001,213.3988888888889
15842,16942,574659,209.74,213.3988888888889
15843,16942,578931,261.71,213.3988888888889
15844,16943,542114,451.03,272.24333333333334
15845,16943,547539,193.6,272.24333333333334
15846,16943,552947,172.1,272.24333333333334
15847,16945,539309,279.85,228.71052631578948
15848,16945,543373,181.44,228.71052631578948
15849,16945,543374,319.35,228.71052631578948
15850,16945,546119,308.98,228.71052631578948
15851,16945,546120,79.92,228.71052631578948
15852,16945,548199,287.04,228.71052631578948
15853,16945,554085,182.6,228.71052631578948
15854,16945,554086,134.5,228.71052631578948
15855,16945,558260,310.0,228.71052631578948
15856,16945,558261,10.08,228.71052631578948
15857,16945,561750,308.71000000000004,228.71052631578948
15858,16945,563615,302.74,228.71052631578948
15859,16945,565238,301.85,228.71052631578948
15860,16945,566915,285.48,228.71052631578948
15861,16945,570864,294.22,228.71052631578948
15862,16945,570865,46.8,228.71052631578948
15863,16945,575053,56.6,228.71052631578948
15864,16945,575054,350.64,228.71052631578948
15865,16945,577182,304.7,228.71052631578948
15866,16947,550348,406.48,406.48
15867,16948,541439,69.6,145.00666666666666
15868,16948,547406,170.94,145.00666666666666
15869,16948,561047,194.48,145.00666666666666
15870,16949,542350,74.42,214.37833333333333
15871,16949,548314,127.78999999999999,214.37833333333333
15872,16949,551957,303.54,214.37833333333333
15873,16949,555742,388.0,214.37833333333333
15874,16949,573341,310.48,214.37833333333333
15875,16949,580778,82.03999999999999,214.37833333333333
15876,16950,537636,172.0,392.8533333333333
15877,16950,562579,606.41,392.8533333333333
15878,16950,571120,400.15,392.8533333333333
15879,16951,543470,1053.79,425.9166666666667
15880,16951,561246,208.95999999999998,425.9166666666667
15881,16951,561602,15.0,425.9166666666667
15882,16952,564044,157.11,83.805
15883,16952,564047,10.5,83.805
15884,16953,575433,20.8,20.8
15885,16954,538908,346.8,231.67555555555555
15886,16954,546431,414.3,231.67555555555555
15887,16954,548267,180.38,231.67555555555555
15888,16954,562566,303.90000000000003,231.67555555555555
15889,16954,570411,225.18,231.67555555555555
15890,16954,578152,131.4,231.67555555555555
15891,16954,578192,102.0,231.67555555555555
15892,16954,580370,209.51999999999998,231.67555555555555
15893,16954,581489,171.6,231.67555555555555
15894,16955,536533,156.1,129.6675
15895,16955,537249,33.0,129.6675
15896,16955,540481,165.88,129.6675
15897,16955,555944,163.69,129.6675
15898,16956,577812,308.74,308.74
15899,16957,545465,114.84,208.32
15900,16957,550136,301.8,208.32
15901,16959,566594,117.35,117.35
15902,16960,548621,201.53,169.01666666666668
15903,16960,570288,156.56,169.01666666666668
15904,16960,573830,148.96,169.01666666666668
15905,16961,563347,234.17000000000002,234.17000000000002
15906,16963,555555,110.55,110.55
15907,16965,551268,201.19,201.19
15908,16966,549965,409.2,307.8528571428572
15909,16966,553881,318.24,307.8528571428572
15910,16966,554789,426.96000000000004,307.8528571428572
15911,16966,557775,332.16,307.8528571428572
15912,16966,572774,3.25,307.8528571428572
15913,16966,578341,279.36,307.8528571428572
15914,16966,580067,385.79999999999995,307.8528571428572
15915,16967,555492,319.02,319.02
15916,16968,564268,253.31,219.715
15917,16968,580682,186.12,219.715
15918,16969,555201,397.36,216.8033333333333
15919,16969,561624,81.6,216.8033333333333
15920,16969,573545,171.45,216.8033333333333
15921,16971,573905,357.21,357.21
15922,16976,546874,251.51999999999998,251.51999999999998
15923,16978,568054,344.33,344.33
15924,16979,543983,347.15,308.6666666666667
15925,16979,560108,208.5,308.6666666666667
15926,16979,571831,343.94,308.6666666666667
15927,16979,575693,302.64,308.6666666666667
15928,16979,578020,418.03,308.6666666666667
15929,16979,580883,231.73999999999998,308.6666666666667
15930,16980,544569,732.36,539.48
15931,16980,548202,346.6,539.48
15932,16982,570348,384.06,384.06
15933,16983,537134,163.49,275.89285714285717
15934,16983,541858,195.26,275.89285714285717
15935,16983,546425,263.59,275.89285714285717
15936,16983,556479,262.88,275.89285714285717
15937,16983,565407,305.08,275.89285714285717
15938,16983,575950,433.04,275.89285714285717
15939,16983,578924,307.90999999999997,275.89285714285717
15940,16984,562031,3226.13,2240.675
15941,16984,566408,1255.22,2240.675
15942,16985,539103,933.32,546.412
15943,16985,542603,340.24,546.412
15944,16985,546689,680.4,546.412
15945,16985,546690,148.5,546.412
15946,16985,552872,766.9,546.412
15947,16985,552873,46.0,546.412
15948,16985,558916,663.18,546.412
15949,16985,566403,501.9,546.412
15950,16985,578005,522.98,546.412
15951,16985,578029,860.6999999999999,546.412
15952,16986,575418,83.2,936.6
15953,16986,575582,1790.0,936.6
15954,16987,553714,213.05,232.15
15955,16987,556632,114.15,232.15
15956,16987,557792,302.25,232.15
15957,16987,571294,369.27,232.15
15958,16987,571297,12.75,232.15
15959,16987,573314,381.65,232.15
15960,16987,580998,231.93,232.15
15961,16988,580535,126.12,126.12
15962,16989,559703,857.7,188.875
15963,16989,565330,33.0,188.875
15964,16989,567644,37.95,188.875
15965,16989,570124,99.0,188.875
15966,16989,578671,66.0,188.875
15967,16989,580368,39.6,188.875
15968,16990,551877,179.0,179.0
15969,16992,545082,421.6,322.86199999999997
15970,16992,554355,249.55,322.86199999999997
15971,16992,565226,301.2,322.86199999999997
15972,16992,574227,427.51,322.86199999999997
15973,16992,579358,214.45,322.86199999999997
15974,16996,539720,97.84,242.82666666666668
15975,16996,539732,29.7,242.82666666666668
15976,16996,546659,242.39999999999998,242.82666666666668
15977,16996,549442,330.94,242.82666666666668
15978,16996,562923,340.9,242.82666666666668
15979,16996,575483,415.18,242.82666666666668
15980,16997,541474,390.0,234.0
15981,16997,543130,78.0,234.0
15982,16997,544925,234.0,234.0
15983,16998,543479,90.0,73.75
15984,16998,553868,189.6,73.75
15985,16998,553871,7.5,73.75
15986,16998,559828,7.9,73.75
15987,16999,568364,245.82999999999998,242.41
15988,16999,576786,238.99,242.41
15989,17001,539086,397.96,362.6881818181818
15990,17001,541986,374.93,362.6881818181818
15991,17001,545589,333.2,362.6881818181818
15992,17001,549429,313.5,362.6881818181818
15993,17001,553207,382.35,362.6881818181818
15994,17001,557312,408.45,362.6881818181818
15995,17001,563708,260.7,362.6881818181818
15996,17001,566172,322.4,362.6881818181818
15997,17001,572460,430.8,362.6881818181818
15998,17001,577080,357.6,362.6881818181818
15999,17001,581486,407.68,362.6881818181818
16000,17002,544644,513.06,497.91
16001,17002,552260,480.46,497.91
16002,17002,566860,500.21,497.91
16003,17004,566013,1006.4,706.47
16004,17004,572509,406.54,706.47
16005,17006,568155,280.76,195.445
16006,17006,575170,108.85000000000001,195.445
16007,17006,577743,145.11,195.445
16008,17006,580622,247.06,195.445
16009,17007,539417,72.0,148.3216666666667
16010,17007,539418,135.12,148.3216666666667
16011,17007,552327,137.95,148.3216666666667
16012,17007,554073,117.66,148.3216666666667
16013,17007,559355,112.71000000000001,148.3216666666667
16014,17007,571987,314.49,148.3216666666667
16015,17010,577755,195.36,195.36
16016,17011,575320,270.9,270.9
16017,17014,569462,188.05,195.4433333333333
16018,17014,574896,167.01,195.4433333333333
16019,17014,580075,231.26999999999998,195.4433333333333
16020,17015,555845,524.5,614.1866666666666
16021,17015,569000,1045.48,614.1866666666666
16022,17015,575755,272.58,614.1866666666666
16023,17017,536618,780.12,434.713
16024,17017,536619,97.2,434.713
16025,17017,537489,511.8,434.713
16026,17017,538120,144.5,434.713
16027,17017,538868,824.02,434.713
16028,17017,544906,528.32,434.713
16029,17017,547020,368.36,434.713
16030,17017,547036,380.4,434.713
16031,17017,549918,267.96,434.713
16032,17017,553836,566.18,434.713
16033,17017,553837,24.96,434.713
16034,17017,558571,810.26,434.713
16035,17017,558573,30.0,434.713
16036,17017,558574,97.2,434.713
16037,17017,568576,815.04,434.713
16038,17017,572892,326.04,434.713
16039,17017,576847,456.6,434.713
16040,17017,578297,446.28000000000003,434.713
16041,17017,579531,588.42,434.713
16042,17017,581013,630.6,434.713
16043,17018,541427,405.0,460.05
16044,17018,573337,515.1,460.05
16045,17019,537375,358.82,318.1525
16046,17019,541012,271.09,318.1525
16047,17019,547485,366.02,318.1525
16048,17019,579141,276.68,318.1525
16049,17022,575166,71.0,71.0
16050,17024,558912,31.25,31.95
16051,17024,565158,25.0,31.95
16052,17024,572679,39.6,31.95
16053,17025,536573,143.12,119.25666666666666
16054,17025,536574,17.85,119.25666666666666
16055,17025,570251,196.8,119.25666666666666
16056,17026,537139,33.15,77.415
16057,17026,555863,121.68,77.415
16058,17027,542236,191.55,148.38166666666666
16059,17027,545166,239.13,148.38166666666666
16060,17027,545306,13.2,148.38166666666666
16061,17027,556575,212.0,148.38166666666666
16062,17027,567807,222.01,148.38166666666666
16063,17027,567808,12.4,148.38166666666666
16064,17029,550308,358.0,358.0
16065,17029,563902,358.0,358.0
16066,17030,569999,146.87,146.87
16067,17031,559368,225.95,190.175
16068,17031,579039,154.4,190.175
16069,17033,539008,307.8,343.38000000000005
16070,17033,552491,300.3,343.38000000000005
16071,17033,566740,422.04,343.38000000000005
16072,17034,544939,141.79999999999998,248.50666666666666
16073,17034,567523,223.07999999999998,248.50666666666666
16074,17034,578301,380.64,248.50666666666666
16075,17035,542869,259.51,216.765
16076,17035,549360,174.02,216.765
16077,17037,566571,1267.32,1267.32
16078,17038,575329,112.4,112.4
16079,17040,561095,449.72999999999996,449.72999999999996
16080,17041,538796,304.5,360.5233333333333
16081,17041,564090,446.39,360.5233333333333
16082,17041,575936,330.68,360.5233333333333
16083,17042,549129,273.21,208.87599999999998
16084,17042,554858,222.18,208.87599999999998
16085,17042,559370,185.51,208.87599999999998
16086,17042,562913,241.92,208.87599999999998
16087,17042,581120,121.56,208.87599999999998
16088,17043,547018,174.6,433.795
16089,17043,556792,150.37,433.795
16090,17043,571746,768.85,433.795
16091,17043,574907,641.36,433.795
16092,17044,576275,948.48,948.48
16093,17045,549106,39.95,113.14666666666666
16094,17045,559154,108.4,113.14666666666666
16095,17045,563728,191.09,113.14666666666666
16096,17046,559027,642.02,642.02
16097,17047,553724,439.39,366.9666666666667
16098,17047,553725,310.04,366.9666666666667
16099,17047,566871,351.46999999999997,366.9666666666667
16100,17048,540990,258.40999999999997,308.45
16101,17048,545400,501.99,308.45
16102,17048,563204,164.95,308.45
16103,17049,546028,924.54,628.8866666666668
16104,17049,552321,368.26,628.8866666666668
16105,17049,552322,289.0,628.8866666666668
16106,17049,559011,694.57,628.8866666666668
16107,17049,563211,330.28,628.8866666666668
16108,17049,567095,635.19,628.8866666666668
16109,17049,571442,1283.96,628.8866666666668
16110,17049,577312,738.1800000000001,628.8866666666668
16111,17049,581034,396.0,628.8866666666668
16112,17050,543805,131.4,538.14
16113,17050,544462,540.94,538.14
16114,17050,545695,841.37,538.14
16115,17050,548712,687.13,538.14
16116,17050,555567,459.75,538.14
16117,17050,565437,568.25,538.14
16118,17051,554993,247.14,247.14
16119,17052,575895,413.75,413.75
16120,17053,561910,498.48,498.48
16121,17054,549446,314.07,271.26599999999996
16122,17054,550490,298.3,271.26599999999996
16123,17054,553346,306.45,271.26599999999996
16124,17054,561092,288.5,271.26599999999996
16125,17054,575874,149.01,271.26599999999996
16126,17058,550000,582.72,393.2966666666667
16127,17058,554490,236.94,393.2966666666667
16128,17058,567199,360.23,393.2966666666667
16129,17059,537135,722.36,619.008
16130,17059,547650,459.3,619.008
16131,17059,554808,329.01,619.008
16132,17059,563928,739.4300000000001,619.008
16133,17059,575602,844.94,619.008
16134,17060,546996,234.23999999999998,234.23999999999998
16135,17061,550914,1701.5,475.6572727272727
16136,17061,550925,237.25,475.6572727272727
16137,17061,551138,38.16,475.6572727272727
16138,17061,551141,22.5,475.6572727272727
16139,17061,551875,484.12,475.6572727272727
16140,17061,553154,384.0,475.6572727272727
16141,17061,555008,382.7,475.6572727272727
16142,17061,557968,671.9,475.6572727272727
16143,17061,560201,329.3,475.6572727272727
16144,17061,563896,407.40000000000003,475.6572727272727
16145,17061,568423,573.4,475.6572727272727
16146,17062,537077,179.64,134.5925
16147,17062,538013,114.78999999999999,134.5925
16148,17062,539214,141.3,134.5925
16149,17062,542599,102.64,134.5925
16150,17063,544798,187.65,208.7342857142857
16151,17063,544799,131.72,208.7342857142857
16152,17063,558454,305.0,208.7342857142857
16153,17063,558456,47.5,208.7342857142857
16154,17063,571006,387.7,208.7342857142857
16155,17063,571008,35.4,208.7342857142857
16156,17063,577365,366.17,208.7342857142857
16157,17064,541264,147.85,286.45
16158,17064,556303,313.45,286.45
16159,17064,570713,398.05,286.45
16160,17068,537392,166.15,216.76857142857145
16161,17068,539266,131.3,216.76857142857145
16162,17068,540996,104.0,216.76857142857145
16163,17068,542667,453.7,216.76857142857145
16164,17068,545224,182.7,216.76857142857145
16165,17068,547065,185.85,216.76857142857145
16166,17068,550052,422.55,216.76857142857145
16167,17068,551420,385.5,216.76857142857145
16168,17068,552233,112.05,216.76857142857145
16169,17068,553887,192.3,216.76857142857145
16170,17068,555495,312.75,216.76857142857145
16171,17068,560042,170.45,216.76857142857145
16172,17068,560205,16.5,216.76857142857145
16173,17068,561390,239.0,216.76857142857145
16174,17068,563903,206.69,216.76857142857145
16175,17068,565732,257.8,216.76857142857145
16176,17068,567074,287.40000000000003,216.76857142857145
16177,17068,569856,108.35,216.76857142857145
16178,17068,572203,307.32,216.76857142857145
16179,17068,575984,141.44,216.76857142857145
16180,17068,578939,168.34,216.76857142857145
16181,17069,536588,277.05,301.0777777777778
16182,17069,539490,306.15,301.0777777777778
16183,17069,549576,476.37,301.0777777777778
16184,17069,551200,13.5,301.0777777777778
16185,17069,559321,422.72,301.0777777777778
16186,17069,567189,545.78,301.0777777777778
16187,17069,567951,17.34,301.0777777777778
16188,17069,575923,501.56,301.0777777777778
16189,17069,575924,149.23,301.0777777777778
16190,17070,563585,312.14,312.14
16191,17071,543044,308.55,269.89222222222224
16192,17071,548500,204.78,269.89222222222224
16193,17071,550120,278.5,269.89222222222224
16194,17071,555514,252.19,269.89222222222224
16195,17071,561656,330.6,269.89222222222224
16196,17071,561657,27.8,269.89222222222224
16197,17071,566443,291.8,269.89222222222224
16198,17071,570591,302.65,269.89222222222224
16199,17071,575914,432.15999999999997,269.89222222222224
16200,17073,564060,453.79,361.5225
16201,17073,567186,387.4,361.5225
16202,17073,571601,325.53,361.5225
16203,17073,577893,279.37,361.5225
16204,17075,542226,188.86,208.53
16205,17075,544646,373.74,208.53
16206,17075,548499,133.47,208.53
16207,17075,577919,138.05,208.53
16208,17076,538181,151.5,280.36
16209,17076,546316,182.70000000000002,280.36
16210,17076,574315,506.88,280.36
16211,17078,574317,370.40000000000003,189.10000000000002
16212,17078,574320,7.8,189.10000000000002
16213,17079,567888,118.8,118.8
16214,17080,546632,76.32,143.81
16215,17080,577028,211.3,143.81
16216,17081,572464,111.9,145.07999999999998
16217,17081,576217,178.26,145.07999999999998
16218,17082,542122,636.94,1001.9250000000001
16219,17082,574733,1366.91,1001.9250000000001
16220,17083,543519,691.36,468.5933333333333
16221,17083,544271,304.65999999999997,468.5933333333333
16222,17083,564078,409.76,468.5933333333333
16223,17084,574544,2044.1,1474.875
16224,17084,574545,905.65,1474.875
16225,17085,538449,452.99,313.33000000000004
16226,17085,539501,287.45,313.33000000000004
16227,17085,543806,233.96,313.33000000000004
16228,17085,548702,244.5,313.33000000000004
16229,17085,562708,347.75,313.33000000000004
16230,17086,570086,412.47,341.68
16231,17086,572221,229.41,341.68
16232,17086,574091,302.22,341.68
16233,17086,575302,307.96,341.68
16234,17086,576558,338.16,341.68
16235,17086,580298,459.86,341.68
16236,17088,548405,1015.83,497.7525
16237,17088,556290,383.28,497.7525
16238,17088,568591,352.62,497.7525
16239,17088,575893,239.28,497.7525
16240,17090,539597,61.2,291.99285714285713
16241,17090,544921,400.8,291.99285714285713
16242,17090,551011,187.05,291.99285714285713
16243,17090,565372,162.72,291.99285714285713
16244,17090,566434,705.74,291.99285714285713
16245,17090,571664,302.4,291.99285714285713
16246,17090,580658,224.04,291.99285714285713
16247,17091,537458,293.45,425.3066666666667
16248,17091,541524,594.7,425.3066666666667
16249,17091,549982,505.57,425.3066666666667
16250,17091,555810,585.84,425.3066666666667
16251,17091,555817,14.85,425.3066666666667
16252,17091,565366,690.15,425.3066666666667
16253,17091,565367,7.44,425.3066666666667
16254,17091,574960,684.96,425.3066666666667
16255,17091,581027,450.8,425.3066666666667
16256,17092,545871,134.9,444.445
16257,17092,562549,498.17,444.445
16258,17092,566560,356.6,444.445
16259,17092,572121,788.11,444.445
16260,17094,541792,302.0,302.0
16261,17095,540505,313.15,441.3866666666666
16262,17095,543809,230.81,441.3866666666666
16263,17095,577016,780.1999999999999,441.3866666666666
16264,17096,547491,133.49,255.5325
16265,17096,560598,310.45,255.5325
16266,17096,570866,263.61,255.5325
16267,17096,578544,314.58,255.5325
16268,17097,538095,174.72,119.3025
16269,17097,541576,112.92,119.3025
16270,17097,563477,170.39,119.3025
16271,17097,563482,29.85,119.3025
16272,17097,563901,13.25,119.3025
16273,17097,564975,138.39999999999998,119.3025
16274,17097,579503,170.74,119.3025
16275,17097,581193,144.15,119.3025
16276,17100,577791,939.89,485.87
16277,17100,577792,31.85,485.87
16278,17101,556797,230.57999999999998,405.4325
16279,17101,571844,669.15,405.4325
16280,17101,575509,471.0,405.4325
16281,17101,579449,251.0,405.4325
16282,17102,547415,25.5,25.5
16283,17105,543279,319.4,332.89
16284,17105,558771,346.38,332.89
16285,17107,545701,1695.21,1802.5716666666667
16286,17107,553182,2423.6,1802.5716666666667
16287,17107,559357,2215.25,1802.5716666666667
16288,17107,568193,2182.71,1802.5716666666667
16289,17107,574707,2227.86,1802.5716666666667
16290,17107,574708,70.8,1802.5716666666667
16291,17109,550941,400.64,147.50666666666666
16292,17109,550944,63.95,147.50666666666666
16293,17109,572876,109.16999999999999,147.50666666666666
16294,17109,574914,182.83,147.50666666666666
16295,17109,574939,19.59,147.50666666666666
16296,17109,575702,108.86,147.50666666666666
16297,17110,558199,163.29999999999998,163.29999999999998
16298,17111,572314,248.61,248.61
16299,17114,540512,142.24,101.0775
16300,17114,544064,127.95,101.0775
16301,17114,548869,130.2,101.0775
16302,17114,553196,45.7,101.0775
16303,17114,558111,45.5,101.0775
16304,17114,561038,112.0,101.0775
16305,17114,574695,114.14,101.0775
16306,17114,580434,90.89,101.0775
16307,17115,550799,310.02,279.1666666666667
16308,17115,556284,302.8,279.1666666666667
16309,17115,580088,224.68,279.1666666666667
16310,17117,544905,116.2,116.2
16311,17118,542214,157.02,157.02
16312,17119,570555,547.25,303.455
16313,17119,580962,59.660000000000004,303.455
16314,17120,550802,307.46,307.46
16315,17122,563182,138.32,138.32
16316,17123,558671,345.3,345.3
16317,17124,555856,298.89,298.89
16318,17125,572092,259.35,259.35
16319,17126,538379,212.6,200.95
16320,17126,543803,302.67,200.95
16321,17126,559542,412.62,200.95
16322,17126,559543,38.98,200.95
16323,17126,559544,37.88,200.95
16324,17128,540517,157.09,157.09
16325,17131,568165,789.77,492.634
16326,17131,572304,445.92,492.634
16327,17131,572305,46.75,492.634
16328,17131,574736,113.39999999999999,492.634
16329,17131,580500,1067.33,492.634
16330,17133,546999,683.42,698.8914285714285
16331,17133,549272,358.25,698.8914285714285
16332,17133,555382,1437.12,698.8914285714285
16333,17133,566575,1658.9,698.8914285714285
16334,17133,574585,399.6,698.8914285714285
16335,17133,578441,285.35,698.8914285714285
16336,17133,578451,69.6,698.8914285714285
16337,17134,547049,330.5,212.5
16338,17134,564370,94.5,212.5
16339,17135,536847,215.57999999999998,162.81857142857143
16340,17135,544702,284.96999999999997,162.81857142857143
16341,17135,571641,205.06,162.81857142857143
16342,17135,573933,85.0,162.81857142857143
16343,17135,573994,99.41999999999999,162.81857142857143
16344,17135,578232,85.0,162.81857142857143
16345,17135,578318,164.7,162.81857142857143
16346,17138,546092,380.5,380.5
16347,17139,544824,2639.38,889.0391666666666
16348,17139,547799,708.66,889.0391666666666
16349,17139,553120,850.72,889.0391666666666
16350,17139,553125,507.14,889.0391666666666
16351,17139,557145,802.13,889.0391666666666
16352,17139,557146,86.84,889.0391666666666
16353,17139,562770,1256.95,889.0391666666666
16354,17139,566400,1535.24,889.0391666666666
16355,17139,569910,1077.75,889.0391666666666
16356,17139,569912,95.54,889.0391666666666
16357,17139,573763,639.6,889.0391666666666
16358,17139,578354,468.52,889.0391666666666
16359,17140,549121,465.32,465.32
16360,17142,550185,579.0,579.0
16361,17144,567093,595.89,492.28499999999997
16362,17144,581451,388.68,492.28499999999997
16363,17146,539212,298.25,249.92666666666665
16364,17146,547203,265.63,249.92666666666665
16365,17146,564636,185.9,249.92666666666665
16366,17147,542779,409.5,428.64750000000004
16367,17147,553462,563.61,428.64750000000004
16368,17147,567368,376.19,428.64750000000004
16369,17147,577020,365.29,428.64750000000004
16370,17148,571734,124.88,124.88
16371,17152,547233,315.9,563.1666666666666
16372,17152,554982,1155.6,563.1666666666666
16373,17152,554984,218.0,563.1666666666666
16374,17153,576568,213.78,213.78
16375,17154,568181,329.34,329.34
16376,17155,556822,143.3,125.85
16377,17155,578004,108.39999999999999,125.85
16378,17157,557065,161.46,159.5
16379,17157,580139,157.54,159.5
16380,17158,538832,413.79,422.3233333333333
16381,17158,550826,284.76,422.3233333333333
16382,17158,574901,568.42,422.3233333333333
16383,17159,557528,528.45,512.96
16384,17159,568210,398.22,512.96
16385,17159,577171,612.21,512.96
16386,17160,549789,611.91,586.3383333333333
16387,17160,551400,593.16,586.3383333333333
16388,17160,558778,471.22,586.3383333333333
16389,17160,561359,566.84,586.3383333333333
16390,17160,564050,758.05,586.3383333333333
16391,17160,575091,516.85,586.3383333333333
16392,17162,543342,424.41,171.546
16393,17162,545869,196.45,171.546
16394,17162,545870,15.3,171.546
16395,17162,549440,173.25,171.546
16396,17162,549441,9.9,171.546
16397,17162,555280,233.92000000000002,171.546
16398,17162,555281,47.75,171.546
16399,17162,555283,64.3,171.546
16400,17162,561903,298.38,171.546
16401,17162,575828,251.8,171.546
16402,17163,567893,123.1,146.55
16403,17163,577136,170.0,146.55
16404,17164,546394,627.13,352.4785714285714
16405,17164,552714,316.09,352.4785714285714
16406,17164,559652,327.2,352.4785714285714
16407,17164,567612,745.84,352.4785714285714
16408,17164,574750,381.28,352.4785714285714
16409,17164,574751,44.85,352.4785714285714
16410,17164,574752,24.96,352.4785714285714
16411,17165,545214,158.68,158.68
16412,17166,553916,127.59,103.17
16413,17166,573757,78.75,103.17
16414,17169,556204,308.68,417.89
16415,17169,570887,527.1,417.89
16416,17171,544815,224.91,224.91
16417,17172,567701,317.76,317.76
16418,17173,561899,462.78000000000003,470.82500000000005
16419,17173,563242,498.48,470.82500000000005
16420,17173,570717,357.0,470.82500000000005
16421,17173,570821,324.96,470.82500000000005
16422,17173,573082,281.1,470.82500000000005
16423,17173,578682,963.1800000000001,470.82500000000005
16424,17173,579459,321.90000000000003,470.82500000000005
16425,17173,580517,557.2,470.82500000000005
16426,17174,552127,59.9,59.9
16427,17175,544181,519.08,360.9225
16428,17175,556476,302.62,360.9225
16429,17175,560914,310.93,360.9225
16430,17175,572904,311.06,360.9225
16431,17176,554092,306.13,306.13
16432,17179,538639,243.0,237.26333333333332
16433,17179,550956,245.31,237.26333333333332
16434,17179,556809,223.48,237.26333333333332
16435,17180,542420,247.54,199.0075
16436,17180,549901,268.31,199.0075
16437,17180,549904,49.01,199.0075
16438,17180,571244,231.17,199.0075
16439,17181,536508,155.51999999999998,119.95999999999998
16440,17181,571064,84.39999999999999,119.95999999999998
16441,17183,564668,329.67,557.885
16442,17183,571290,739.37,557.885
16443,17183,573386,486.5,557.885
16444,17183,574832,630.06,557.885
16445,17183,577063,447.92999999999995,557.885
16446,17183,580147,713.78,557.885
16447,17186,570407,72.0,72.0
16448,17186,572332,72.0,72.0
16449,17187,551271,203.95,203.95
16450,17188,538503,513.64,353.4614285714286
16451,17188,540022,388.71999999999997,353.4614285714286
16452,17188,542527,522.08,353.4614285714286
16453,17188,558348,307.99,353.4614285714286
16454,17188,558350,82.66,353.4614285714286
16455,17188,575605,350.02,353.4614285714286
16456,17188,579158,309.12,353.4614285714286
16457,17189,539075,227.22,192.2
16458,17189,564554,157.18,192.2
16459,17190,553380,195.0,222.37
16460,17190,570733,249.74,222.37
16461,17191,537400,422.81,299.30428571428575
16462,17191,537403,30.45,299.30428571428575
16463,17191,537404,56.85,299.30428571428575
16464,17191,545660,310.77,299.30428571428575
16465,17191,555203,354.82,299.30428571428575
16466,17191,565734,387.26,299.30428571428575
16467,17191,575918,532.17,299.30428571428575
16468,17193,556967,299.03999999999996,242.75714285714284
16469,17193,556972,149.51999999999998,242.75714285714284
16470,17193,566633,299.03999999999996,242.75714285714284
16471,17193,570716,24.9,242.75714285714284
16472,17193,570795,149.51999999999998,242.75714285714284
16473,17193,572661,760.74,242.75714285714284
16474,17193,574482,16.54,242.75714285714284
16475,17194,538807,252.62,131.31
16476,17194,546374,10.0,131.31
16477,17197,575507,1013.01,1013.01
16478,17198,536987,272.01,230.74
16479,17198,538056,249.65,230.74
16480,17198,576652,170.56,230.74
16481,17201,571372,342.63,342.63
16482,17203,570443,1263.97,593.975
16483,17203,571640,1283.27,593.975
16484,17203,571642,17.65,593.975
16485,17203,574354,464.05,593.975
16486,17203,574476,215.23,593.975
16487,17203,574478,319.68,593.975
16488,17204,547195,788.91,391.14
16489,17204,549885,461.25,391.14
16490,17204,557235,245.5,391.14
16491,17204,557237,68.9,391.14
16492,17205,571427,384.08,384.08
16493,17206,571439,204.24,204.24
16494,17211,537138,273.3,289.65250000000003
16495,17211,538403,324.22,289.65250000000003
16496,17211,539725,182.19,289.65250000000003
16497,17211,547073,345.82,289.65250000000003
16498,17211,550796,128.41,289.65250000000003
16499,17211,556485,210.95000000000002,289.65250000000003
16500,17211,572281,419.33,289.65250000000003
16501,17211,575954,433.0,289.65250000000003
16502,17212,548547,226.85,226.85
16503,17213,537795,312.9,397.31857142857143
16504,17213,539658,302.95,397.31857142857143
16505,17213,542381,321.1,397.31857142857143
16506,17213,560410,530.47,397.31857142857143
16507,17213,560882,312.59,397.31857142857143
16508,17213,573358,500.61,397.31857142857143
16509,17213,573390,500.61,397.31857142857143
16510,17214,539040,171.05,178.18666666666664
16511,17214,543125,132.5,178.18666666666664
16512,17214,544453,149.55,178.18666666666664
16513,17214,548898,160.57,178.18666666666664
16514,17214,566819,250.45,178.18666666666664
16515,17214,570414,205.0,178.18666666666664
16516,17217,550655,113.5,113.5
16517,17218,537421,292.54,196.072
16518,17218,538382,214.24,196.072
16519,17218,539483,99.5,196.072
16520,17218,540540,169.35,196.072
16521,17218,552528,172.95,196.072
16522,17218,566287,133.37,196.072
16523,17218,568992,278.65,196.072
16524,17218,576014,272.47,196.072
16525,17218,579154,218.96,196.072
16526,17218,580661,108.69,196.072
16527,17219,575017,114.23,114.23
16528,17220,538347,317.5,228.44642857142858
16529,17220,542646,320.0,228.44642857142858
16530,17220,548308,417.75,228.44642857142858
16531,17220,553507,215.15,228.44642857142858
16532,17220,553509,194.38,228.44642857142858
16533,17220,559061,197.24,228.44642857142858
16534,17220,559063,173.86,228.44642857142858
16535,17220,562539,336.52,228.44642857142858
16536,17220,565186,111.03,228.44642857142858
16537,17220,565192,11.55,228.44642857142858
16538,17220,568938,325.73,228.44642857142858
16539,17220,572484,283.76,228.44642857142858
16540,17220,576567,114.0,228.44642857142858
16541,17220,576570,179.78,228.44642857142858
16542,17221,574312,132.28,167.565
16543,17221,580290,202.85,167.565
16544,17222,569673,354.15,354.15
16545,17223,537396,292.84000000000003,213.395
16546,17223,543036,133.95,213.395
16547,17226,543190,393.49,393.49
16548,17227,537258,142.25,156.5533333333333
16549,17227,547890,223.9,156.5533333333333
16550,17227,557329,107.6,156.5533333333333
16551,17227,569144,139.45,156.5533333333333
16552,17227,570269,107.11,156.5533333333333
16553,17227,577680,219.01,156.5533333333333
16554,17228,536799,183.3,238.26125000000002
16555,17228,537462,172.65,238.26125000000002
16556,17228,542858,123.42999999999999,238.26125000000002
16557,17228,553224,208.2,238.26125000000002
16558,17228,566539,368.72,238.26125000000002
16559,17228,570049,432.26,238.26125000000002
16560,17228,576187,229.04000000000002,238.26125000000002
16561,17228,578357,188.49,238.26125000000002
16562,17229,560700,157.71,159.38
16563,17229,565438,161.05,159.38
16564,17230,538945,1761.26,454.80125
16565,17230,539630,751.0,454.80125
16566,17230,539633,73.8,454.80125
16567,17230,539634,144.5,454.80125
16568,17230,539645,0.95,454.80125
16569,17230,539646,28.5,454.80125
16570,17230,542994,675.0,454.80125
16571,17230,547090,203.4,454.80125
16572,17231,538638,232.01,317.43199999999996
16573,17231,541602,166.68,317.43199999999996
16574,17231,543975,316.89,317.43199999999996
16575,17231,547243,246.92000000000002,317.43199999999996
16576,17231,552318,377.36,317.43199999999996
16577,17231,555406,393.59,317.43199999999996
16578,17231,562551,205.27,317.43199999999996
16579,17231,569983,381.07,317.43199999999996
16580,17231,576615,389.76,317.43199999999996
16581,17231,578977,464.77,317.43199999999996
16582,17232,578794,208.04000000000002,210.76
16583,17232,581116,213.48,210.76
16584,17233,574529,190.88,190.88
16585,17234,556325,149.89,149.89
16586,17235,536745,341.9,275.03
16587,17235,576351,208.16,275.03
16588,17236,538409,126.28,152.68833333333333
16589,17236,542096,199.32999999999998,152.68833333333333
16590,17236,543799,119.76,152.68833333333333
16591,17236,549722,118.45,152.68833333333333
16592,17236,556642,133.91,152.68833333333333
16593,17236,578922,218.4,152.68833333333333
16594,17237,577026,243.6,157.345
16595,17237,579179,71.09,157.345
16596,17238,536988,254.39,220.2735294117647
16597,17238,536989,115.7,220.2735294117647
16598,17238,541794,138.55,220.2735294117647
16599,17238,546107,233.17,220.2735294117647
16600,17238,547969,250.76,220.2735294117647
16601,17238,547970,4.95,220.2735294117647
16602,17238,553061,262.25,220.2735294117647
16603,17238,553520,103.83,220.2735294117647
16604,17238,555946,184.59,220.2735294117647
16605,17238,559128,193.29,220.2735294117647
16606,17238,561363,218.44,220.2735294117647
16607,17238,567126,264.31,220.2735294117647
16608,17238,571965,286.28,220.2735294117647
16609,17238,575852,345.99,220.2735294117647
16610,17238,577951,247.68,220.2735294117647
16611,17238,580358,501.8,220.2735294117647
16612,17238,581095,138.67000000000002,220.2735294117647
16613,17239,542623,382.5,382.5
16614,17242,556482,709.4399999999999,567.52
16615,17242,564182,425.59999999999997,567.52
16616,17243,537037,256.9,333.725
16617,17243,538365,338.59999999999997,333.725
16618,17243,539461,259.55,333.725
16619,17243,540498,268.8,333.725
16620,17243,541835,161.8,333.725
16621,17243,543592,263.8,333.725
16622,17243,545039,373.65,333.725
16623,17243,545669,186.9,333.725
16624,17243,547837,266.55,333.725
16625,17243,548696,142.5,333.725
16626,17243,550301,345.05,333.725
16627,17243,556768,433.0,333.725
16628,17243,558863,276.82,333.725
16629,17243,561466,160.2,333.725
16630,17243,563692,278.55,333.725
16631,17243,566019,441.49,333.725
16632,17243,567816,248.7,333.725
16633,17243,572049,414.21000000000004,333.725
16634,17243,573872,375.72,333.725
16635,17243,575609,448.5,333.725
16636,17243,575887,424.2,333.725
16637,17243,577097,616.8,333.725
16638,17243,577404,450.12,333.725
16639,17243,578795,308.86,333.725
16640,17243,580384,331.28,333.725
16641,17243,581398,604.3,333.725
16642,17244,571505,954.9,954.9
16643,17245,553765,171.45000000000002,171.45000000000002
16644,17247,578620,282.19,282.19
16645,17248,563022,318.65,318.65
16646,17250,547556,162.65,192.26
16647,17250,580877,221.87,192.26
16648,17251,538369,283.28,283.28
16649,17252,555728,341.96,176.92999999999998
16650,17252,563236,11.9,176.92999999999998
16651,17253,577730,178.26,178.26
16652,17254,578522,170.31,136.22
16653,17254,580639,102.13,136.22
16654,17255,543815,112.46,149.20499999999998
16655,17255,573346,185.95,149.20499999999998
16656,17256,542723,127.9,120.0
16657,17256,564326,112.10000000000001,120.0
16658,17259,537374,381.64,301.685
16659,17259,560047,221.73000000000002,301.685
16660,17262,537811,268.86,250.67200000000003
16661,17262,547512,584.5,250.67200000000003
16662,17262,551164,20.4,250.67200000000003
16663,17262,551165,81.6,250.67200000000003
16664,17262,571663,298.0,250.67200000000003
16665,17263,553197,63.440000000000005,63.440000000000005
16666,17265,556473,384.09000000000003,281.45000000000005
16667,17265,561026,178.81,281.45000000000005
16668,17266,560186,113.06,103.54666666666667
16669,17266,580958,176.17,103.54666666666667
16670,17266,581150,21.41,103.54666666666667
16671,17267,562427,311.02,158.81
16672,17267,562428,6.6,158.81
16673,17268,549447,138.24,190.91
16674,17268,549541,138.24,190.91
16675,17268,559795,35.0,190.91
16676,17268,564225,452.15999999999997,190.91
16677,17272,547350,657.68,537.1575
16678,17272,554489,751.76,537.1575
16679,17272,572542,698.39,537.1575
16680,17272,573309,40.8,537.1575
16681,17274,574502,111.98,111.98
16682,17277,541784,717.02,532.675
16683,17277,551125,348.33,532.675
16684,17278,549832,246.04,246.04
16685,17279,570984,187.82999999999998,187.82999999999998
16686,17282,543800,741.85,567.8033333333334
16687,17282,557256,274.56,567.8033333333334
16688,17282,562018,687.0,567.8033333333334
16689,17284,540473,716.11,275.43
16690,17284,550389,212.34,275.43
16691,17284,556828,184.19,275.43
16692,17284,558083,108.53,275.43
16693,17284,563012,272.97,275.43
16694,17284,570444,158.44,275.43
16695,17286,577296,153.92,153.92
16696,17287,536681,113.92,152.01571428571427
16697,17287,537601,108.78,152.01571428571427
16698,17287,548642,145.24,152.01571428571427
16699,17287,553571,132.4,152.01571428571427
16700,17287,560576,202.07,152.01571428571427
16701,17287,568311,177.89,152.01571428571427
16702,17287,575977,183.81,152.01571428571427
16703,17288,539248,133.56,202.81857142857143
16704,17288,541290,103.56,202.81857142857143
16705,17288,544329,53.4,202.81857142857143
16706,17288,548566,127.3,202.81857142857143
16707,17288,553371,245.88,202.81857142857143
16708,17288,578942,555.99,202.81857142857143
16709,17288,579834,200.04,202.81857142857143
16710,17289,556487,167.36,314.80333333333334
16711,17289,574675,438.17,314.80333333333334
16712,17289,575041,338.88,314.80333333333334
16713,17290,578307,353.03,262.62
16714,17290,580893,172.21,262.62
16715,17291,543202,550.8,550.8
16716,17293,538646,346.14,208.34555555555556
16717,17293,543256,123.21000000000001,208.34555555555556
16718,17293,559160,235.82,208.34555555555556
16719,17293,563176,96.86,208.34555555555556
16720,17293,563177,65.0,208.34555555555556
16721,17293,566951,250.34,208.34555555555556
16722,17293,570843,236.31,208.34555555555556
16723,17293,575325,327.3,208.34555555555556
16724,17293,580091,194.13,208.34555555555556
16725,17295,569824,279.36,185.65
16726,17295,575754,130.49,185.65
16727,17295,575757,147.1,185.65
16728,17297,578045,131.78,131.78
16729,17298,562572,107.64,249.21
16730,17298,564850,390.78000000000003,249.21
16731,17299,557316,151.63,167.2775
16732,17299,564959,116.56,167.2775
16733,17299,566266,309.86,167.2775
16734,17299,579121,91.06,167.2775
16735,17301,577319,197.63,197.63
16736,17302,543288,182.85,227.12600000000003
16737,17302,553178,120.27,227.12600000000003
16738,17302,562725,358.49,227.12600000000003
16739,17302,574903,335.47,227.12600000000003
16740,17302,578690,138.55,227.12600000000003
16741,17303,538635,250.04,250.04
16742,17306,539721,324.0,454.2794736842105
16743,17306,541814,748.9399999999999,454.2794736842105
16744,17306,544164,601.9399999999999,454.2794736842105
16745,17306,546011,367.2,454.2794736842105
16746,17306,546775,152.64,454.2794736842105
16747,17306,548222,396.6,454.2794736842105
16748,17306,548223,152.64,454.2794736842105
16749,17306,553867,451.7,454.2794736842105
16750,17306,557133,305.28,454.2794736842105
16751,17306,557134,511.79999999999995,454.2794736842105
16752,17306,557135,461.9,454.2794736842105
16753,17306,559044,426.2,454.2794736842105
16754,17306,560605,611.24,454.2794736842105
16755,17306,562224,611.24,454.2794736842105
16756,17306,565084,576.74,454.2794736842105
16757,17306,568943,506.18,454.2794736842105
16758,17306,574226,379.91999999999996,454.2794736842105
16759,17306,579400,696.8,454.2794736842105
16760,17306,579402,348.35,454.2794736842105
16761,17309,565614,82.75,82.75
16762,17311,542284,556.46,692.425
16763,17311,567865,828.39,692.425
16764,17312,558765,145.79999999999998,214.76666666666665
16765,17312,559361,253.7,214.76666666666665
16766,17312,561035,244.8,214.76666666666665
16767,17313,575146,2328.84,2328.84
16768,17314,542641,203.8,315.99
16769,17314,542786,362.4,315.99
16770,17314,547885,220.8,315.99
16771,17314,557898,517.05,315.99
16772,17314,559980,202.87,315.99
16773,17314,570855,670.63,315.99
16774,17314,575911,315.72,315.99
16775,17314,576385,34.65,315.99
16776,17315,539404,108.92,165.58578947368423
16777,17315,540005,190.56,165.58578947368423
16778,17315,541669,331.76,165.58578947368423
16779,17315,543246,103.25,165.58578947368423
16780,17315,543477,15.0,165.58578947368423
16781,17315,544036,188.7,165.58578947368423
16782,17315,544633,131.79999999999998,165.58578947368423
16783,17315,545602,109.16,165.58578947368423
16784,17315,546418,109.58,165.58578947368423
16785,17315,547107,174.16,165.58578947368423
16786,17315,548150,142.28,165.58578947368423
16787,17315,548447,205.75,165.58578947368423
16788,17315,550025,146.0,165.58578947368423
16789,17315,550030,42.9,165.58578947368423
16790,17315,550828,110.7,165.58578947368423
16791,17315,551555,108.87,165.58578947368423
16792,17315,552537,111.03,165.58578947368423
16793,17315,553008,191.44,165.58578947368423
16794,17315,554090,117.92999999999999,165.58578947368423
16795,17315,555200,262.61,165.58578947368423
16796,17315,559112,215.25,165.58578947368423
16797,17315,559336,113.96000000000001,165.58578947368423
16798,17315,559938,112.81,165.58578947368423
16799,17315,561394,144.79999999999998,165.58578947368423
16800,17315,562277,190.35000000000002,165.58578947368423
16801,17315,563384,168.15,165.58578947368423
16802,17315,564191,269.28,165.58578947368423
16803,17315,564196,15.0,165.58578947368423
16804,17315,564861,15.0,165.58578947368423
16805,17315,564976,222.04,165.58578947368423
16806,17315,566624,302.25,165.58578947368423
16807,17315,568199,266.55,165.58578947368423
16808,17315,570884,273.78,165.58578947368423
16809,17315,572541,138.01,165.58578947368423
16810,17315,573911,186.05,165.58578947368423
16811,17315,575515,420.75,165.58578947368423
16812,17315,577833,145.65,165.58578947368423
16813,17315,581345,190.18,165.58578947368423
16814,17317,566259,2027.94,866.7800000000001
16815,17317,571553,534.24,866.7800000000001
16816,17317,572555,38.16,866.7800000000001
16817,17320,537428,450.92,400.20666666666665
16818,17320,550334,459.18,400.20666666666665
16819,17320,564950,290.52,400.20666666666665
16820,17321,569261,659.61,350.43
16821,17321,580068,41.25,350.43
16822,17323,544464,141.69,131.58142857142857
16823,17323,552310,155.68,131.58142857142857
16824,17323,558087,135.37,131.58142857142857
16825,17323,562569,104.51,131.58142857142857
16826,17323,570217,158.82,131.58142857142857
16827,17323,577493,220.05,131.58142857142857
16828,17323,578670,4.95,131.58142857142857
16829,17324,537780,127.05000000000001,247.55749999999998
16830,17324,540866,575.18,247.55749999999998
16831,17324,577217,247.36,247.55749999999998
16832,17324,577840,40.64,247.55749999999998
16833,17325,545648,96.8,96.8
16834,17329,542585,243.36,261.555
16835,17329,578826,279.75,261.555
16836,17330,569258,264.9,181.95
16837,17330,576902,99.0,181.95
16838,17331,562609,175.2,175.2
16839,17333,566781,494.25,494.25
16840,17334,543170,296.52,153.51
16841,17334,543622,10.5,153.51
16842,17337,543040,1026.72,506.96750000000003
16843,17337,548714,467.3,506.96750000000003
16844,17337,553035,500.9,506.96750000000003
16845,17337,559682,32.95,506.96750000000003
16846,17338,538626,767.6,830.49125
16847,17338,540968,770.75,830.49125
16848,17338,544586,1117.8,830.49125
16849,17338,550477,687.05,830.49125
16850,17338,553710,300.05,830.49125
16851,17338,558709,617.03,830.49125
16852,17338,563565,946.74,830.49125
16853,17338,578041,1436.91,830.49125
16854,17339,538087,60.0,121.67999999999999
16855,17339,565757,183.35999999999999,121.67999999999999
16856,17340,537852,2671.27,1123.0263636363636
16857,17340,539654,1689.12,1123.0263636363636
16858,17340,549578,834.68,1123.0263636363636
16859,17340,555009,607.74,1123.0263636363636
16860,17340,559676,1180.1200000000001,1123.0263636363636
16861,17340,559677,15.0,1123.0263636363636
16862,17340,563019,595.72,1123.0263636363636
16863,17340,567484,790.73,1123.0263636363636
16864,17340,567486,25.2,1123.0263636363636
16865,17340,567487,49.92,1123.0263636363636
16866,17340,575516,3893.79,1123.0263636363636
16867,17341,537781,513.6,260.4533333333333
16868,17341,559123,253.26,260.4533333333333
16869,17341,559126,14.5,260.4533333333333
16870,17343,539478,193.64,193.64
16871,17344,572461,160.57,160.57
16872,17345,554916,82.78999999999999,134.435
16873,17345,554918,45.54,134.435
16874,17345,565856,155.79999999999998,134.435
16875,17345,578548,253.61,134.435
16876,17346,536551,146.61,178.43733333333333
16877,17346,538942,101.23,178.43733333333333
16878,17346,543907,105.57,178.43733333333333
16879,17346,550298,223.42000000000002,178.43733333333333
16880,17346,553833,222.31,178.43733333333333
16881,17346,555560,165.63,178.43733333333333
16882,17346,556740,147.42000000000002,178.43733333333333
16883,17346,564742,154.02,178.43733333333333
16884,17346,570791,245.19,178.43733333333333
16885,17346,572050,224.37,178.43733333333333
16886,17346,572055,252.14,178.43733333333333
16887,17346,573873,192.53,178.43733333333333
16888,17346,578370,166.0,178.43733333333333
16889,17346,579116,193.03,178.43733333333333
16890,17346,580879,137.09,178.43733333333333
16891,17347,566727,228.96,228.96
16892,17348,543997,160.15,231.904
16893,17348,568833,500.46,231.904
16894,17348,574351,111.57,231.904
16895,17348,575767,209.73,231.904
16896,17348,578719,177.60999999999999,231.904
16897,17349,556596,110.75,110.75
16898,17350,571918,156.24,321.5175
16899,17350,572651,734.85,321.5175
16900,17350,580109,322.74,321.5175
16901,17350,580110,72.24,321.5175
16902,17351,546405,198.6,195.71666666666667
16903,17351,557959,228.7,195.71666666666667
16904,17351,574316,159.85,195.71666666666667
16905,17353,559519,870.0,870.0
16906,17353,562123,870.0,870.0
16907,17354,571945,1393.06,1393.06
16908,17356,542796,178.22,178.22
16909,17357,576611,382.24,194.07
16910,17357,576612,5.9,194.07
16911,17358,539471,246.7,182.925
16912,17358,543547,119.15,182.925
16913,17359,579173,127.86,127.86
16914,17360,556107,330.95,195.26333333333332
16915,17360,578013,111.91,195.26333333333332
16916,17360,578019,142.93,195.26333333333332
16917,17361,544475,45.0,162.73333333333332
16918,17361,555651,218.92,162.73333333333332
16919,17361,572243,224.28,162.73333333333332
16920,17362,543053,150.0,156.115
16921,17362,550152,162.23,156.115
16922,17364,540992,436.23,407.38000000000005
16923,17364,544887,504.56,407.38000000000005
16924,17364,548192,247.45,407.38000000000005
16925,17364,552231,628.85,407.38000000000005
16926,17364,553848,284.76,407.38000000000005
16927,17364,561125,531.96,407.38000000000005
16928,17364,575846,904.6,407.38000000000005
16929,17364,578531,250.26,407.38000000000005
16930,17364,580294,271.99,407.38000000000005
16931,17364,581478,391.02,407.38000000000005
16932,17364,581479,29.5,407.38000000000005
16933,17365,540798,727.36,600.195
16934,17365,540799,15.3,600.195
16935,17365,548451,543.6,600.195
16936,17365,554382,610.93,600.195
16937,17365,557846,473.82,600.195
16938,17365,566562,1126.47,600.195
16939,17365,572037,877.71,600.195
16940,17365,578925,426.37,600.195
16941,17367,550288,168.4,168.4
16942,17368,540273,563.15,239.08374999999998
16943,17368,540997,130.85,239.08374999999998
16944,17368,547811,194.92,239.08374999999998
16945,17368,557063,190.95,239.08374999999998
16946,17368,557272,535.0,239.08374999999998
16947,17368,565861,20.8,239.08374999999998
16948,17368,574861,166.92,239.08374999999998
16949,17368,576841,110.08,239.08374999999998
16950,17370,557857,110.7,111.545
16951,17370,566047,117.36,111.545
16952,17370,567141,108.0,111.545
16953,17370,568585,110.12,111.545
16954,17371,538656,97.63,141.29666666666665
16955,17371,578022,270.45,141.29666666666665
16956,17371,578028,55.81,141.29666666666665
16957,17372,538418,172.71,167.835
16958,17372,538852,198.07,167.835
16959,17372,542258,162.4,167.835
16960,17372,549556,212.12,167.835
16961,17372,556207,128.76,167.835
16962,17372,558102,187.07,167.835
16963,17372,570424,156.61,167.835
16964,17372,573336,124.94,167.835
16965,17373,542649,145.25,161.73000000000002
16966,17373,561670,142.05,161.73000000000002
16967,17373,568921,146.22,161.73000000000002
16968,17373,573398,213.4,161.73000000000002
16969,17374,545524,191.95,247.885
16970,17374,551880,303.82,247.885
16971,17375,538655,109.71000000000001,133.36666666666667
16972,17375,542741,176.66,133.36666666666667
16973,17375,554509,113.73,133.36666666666667
16974,17376,542899,105.85,101.6
16975,17376,569106,97.35,101.6
16976,17377,536500,223.9,205.046
16977,17377,537898,364.4,205.046
16978,17377,539454,196.78,205.046
16979,17377,543590,216.57999999999998,205.046
16980,17377,544916,132.17,205.046
16981,17377,546163,146.23,205.046
16982,17377,548012,317.56,205.046
16983,17377,557284,133.07,205.046
16984,17377,562542,314.69,205.046
16985,17377,566238,164.42,205.046
16986,17377,568224,126.47,205.046
16987,17377,570289,168.3,205.046
16988,17377,571317,358.68,205.046
16989,17377,572191,112.18,205.046
16990,17377,572288,204.07,205.046
16991,17377,573772,155.65,205.046
16992,17377,574340,157.7,205.046
16993,17377,575211,287.51,205.046
16994,17377,576191,213.61,205.046
16995,17377,576661,106.95,205.046
16996,17379,579161,404.65999999999997,404.65999999999997
16997,17381,536735,211.2,699.1589655172414
16998,17381,536736,824.88,699.1589655172414
16999,17381,537235,2567.64,699.1589655172414
17000,17381,540636,212.0,699.1589655172414
17001,17381,543192,1987.62,699.1589655172414
17002,17381,543588,1127.52,699.1589655172414
17003,17381,543589,191.0,699.1589655172414
17004,17381,544320,57.6,699.1589655172414
17005,17381,545748,1588.6799999999998,699.1589655172414
17006,17381,545752,431.28,699.1589655172414
17007,17381,548704,937.71,699.1589655172414
17008,17381,548705,189.12,699.1589655172414
17009,17381,550156,501.12,699.1589655172414
17010,17381,550917,721.44,699.1589655172414
17011,17381,552181,1484.4,699.1589655172414
17012,17381,553927,784.9200000000001,699.1589655172414
17013,17381,556505,462.96000000000004,699.1589655172414
17014,17381,556506,50.88,699.1589655172414
17015,17381,559637,1236.48,699.1589655172414
17016,17381,559638,251.68,699.1589655172414
17017,17381,562343,376.32,699.1589655172414
17018,17381,562344,151.2,699.1589655172414
17019,17381,563173,528.0,699.1589655172414
17020,17381,565181,1386.0,699.1589655172414
17021,17381,569398,359.03999999999996,699.1589655172414
17022,17381,569399,520.32,699.1589655172414
17023,17381,569400,231.0,699.1589655172414
17024,17381,576608,595.44,699.1589655172414
17025,17381,580026,308.15999999999997,699.1589655172414
17026,17382,569660,65.4,65.4
17027,17383,580731,199.29,199.29
17028,17384,551862,227.64999999999998,168.2
17029,17384,577572,108.75,168.2
17030,17385,578703,261.11,261.11
17031,17386,558182,434.03999999999996,447.7366666666666
17032,17386,558203,179.28,447.7366666666666
17033,17386,563684,928.0799999999999,447.7366666666666
17034,17386,565142,152.64,447.7366666666666
17035,17386,565143,3.3,447.7366666666666
17036,17386,580167,989.0799999999999,447.7366666666666
17037,17387,574643,346.44,392.055
17038,17387,577411,437.67,392.055
17039,17388,544999,381.6,314.89
17040,17388,552970,381.6,314.89
17041,17388,561878,189.82999999999998,314.89
17042,17388,567977,306.53,314.89
17043,17389,540985,105.54,936.2847058823529
17044,17389,541124,131.4,936.2847058823529
17045,17389,542230,227.4,936.2847058823529
17046,17389,542739,213.0,936.2847058823529
17047,17389,544350,96.9,936.2847058823529
17048,17389,545512,124.68,936.2847058823529
17049,17389,545987,105.54,936.2847058823529
17050,17389,549471,73.5,936.2847058823529
17051,17389,550299,2945.5,936.2847058823529
17052,17389,553689,370.26,936.2847058823529
17053,17389,553690,108.0,936.2847058823529
17054,17389,553898,141.6,936.2847058823529
17055,17389,554510,336.6,936.2847058823529
17056,17389,555884,147.62,936.2847058823529
17057,17389,556881,263.06,936.2847058823529
17058,17389,557781,52.5,936.2847058823529
17059,17389,558384,395.7,936.2847058823529
17060,17389,559151,473.70000000000005,936.2847058823529
17061,17389,559932,561.9,936.2847058823529
17062,17389,560266,338.7,936.2847058823529
17063,17389,560382,119.4,936.2847058823529
17064,17389,561607,513.3,936.2847058823529
17065,17389,562141,441.18,936.2847058823529
17066,17389,562925,625.8,936.2847058823529
17067,17389,565469,591.3,936.2847058823529
17068,17389,568319,4091.46,936.2847058823529
17069,17389,573749,307.32,936.2847058823529
17070,17389,574295,7427.32,936.2847058823529
17071,17389,574829,403.2,936.2847058823529
17072,17389,575683,3782.52,936.2847058823529
17073,17389,578821,441.0,936.2847058823529
17074,17389,580985,4414.88,936.2847058823529
17075,17389,580987,720.0,936.2847058823529
17076,17389,581485,741.9,936.2847058823529
17077,17391,558331,407.04,254.4
17078,17391,558387,101.76,254.4
17079,17392,539317,312.41,228.955
17080,17392,543274,145.5,228.955
17081,17394,551836,203.87,203.87
17082,17396,536849,397.5,916.35
17083,17396,559940,791.7,916.35
17084,17396,559941,1960.8000000000002,916.35
17085,17396,559942,1037.1,916.35
17086,17396,559944,596.7,916.35
17087,17396,559945,18.0,916.35
17088,17396,569337,2034.0,916.35
17089,17396,573577,495.0,916.35
17090,17397,577049,298.78,348.205
17091,17397,577052,397.63,348.205
17092,17398,548152,305.68,217.79333333333332
17093,17398,553130,222.77,217.79333333333332
17094,17398,563506,124.92999999999999,217.79333333333332
17095,17400,539760,424.17,425.992
17096,17400,548400,632.8,425.992
17097,17400,548530,11.8,425.992
17098,17400,553173,243.75,425.992
17099,17400,562540,817.44,425.992
17100,17402,537194,271.2,202.60384615384615
17101,17402,537207,188.77,202.60384615384615
17102,17402,541217,111.9,202.60384615384615
17103,17402,550801,212.5,202.60384615384615
17104,17402,556230,226.28,202.60384615384615
17105,17402,558079,151.66,202.60384615384615
17106,17402,563841,278.9,202.60384615384615
17107,17402,564836,291.24,202.60384615384615
17108,17402,566926,115.2,202.60384615384615
17109,17402,571311,151.5,202.60384615384615
17110,17402,572056,35.0,202.60384615384615
17111,17402,575317,312.9,202.60384615384615
17112,17402,580554,286.8,202.60384615384615
17113,17403,574290,281.62,281.62
17114,17404,538848,1188.0,2127.1213333333335
17115,17404,539338,2646.3,2127.1213333333335
17116,17404,542428,2938.7599999999998,2127.1213333333335
17117,17404,546161,122.4,2127.1213333333335
17118,17404,546530,4400.28,2127.1213333333335
17119,17404,552957,2557.88,2127.1213333333335
17120,17404,559145,2825.1,2127.1213333333335
17121,17404,561902,3633.58,2127.1213333333335
17122,17404,562285,612.0,2127.1213333333335
17123,17404,562650,80.0,2127.1213333333335
17124,17404,566494,4114.08,2127.1213333333335
17125,17404,571191,15.0,2127.1213333333335
17126,17404,571318,5296.96,2127.1213333333335
17127,17404,576083,1238.48,2127.1213333333335
17128,17404,580704,238.0,2127.1213333333335
17129,17405,559804,393.31,343.80333333333334
17130,17405,568589,489.7,343.80333333333334
17131,17405,581445,148.4,343.80333333333334
17132,17406,537688,702.1,733.4733333333334
17133,17406,540647,1248.32,733.4733333333334
17134,17406,540653,250.0,733.4733333333334
17135,17408,558440,32.65,32.65
17136,17409,549026,260.55,385.92499999999995
17137,17409,555945,511.29999999999995,385.92499999999995
17138,17410,552308,302.4,242.94400000000002
17139,17410,565454,117.15,242.94400000000002
17140,17410,570836,449.15,242.94400000000002
17141,17410,574024,109.68,242.94400000000002
17142,17410,578306,236.34,242.94400000000002
17143,17411,547511,285.58,259.6466666666667
17144,17411,568140,283.86,259.6466666666667
17145,17411,578948,209.5,259.6466666666667
17146,17412,536802,197.3,179.72285714285712
17147,17412,539308,250.46,179.72285714285712
17148,17412,543540,141.36,179.72285714285712
17149,17412,554955,120.7,179.72285714285712
17150,17412,570632,160.4,179.72285714285712
17151,17412,576692,201.44,179.72285714285712
17152,17412,581096,186.4,179.72285714285712
17153,17414,556010,598.0,389.0
17154,17414,573005,180.0,389.0
17155,17415,567623,507.84,507.84
17156,17416,545530,2114.71,984.7742857142857
17157,17416,553919,1005.7,984.7742857142857
17158,17416,554834,327.6,984.7742857142857
17159,17416,557119,937.74,984.7742857142857
17160,17416,563940,908.74,984.7742857142857
17161,17416,567975,584.3199999999999,984.7742857142857
17162,17416,575612,1014.61,984.7742857142857
17163,17418,541649,167.39,231.73
17164,17418,573270,296.07,231.73
17165,17419,537629,356.87,352.21416666666664
17166,17419,537631,17.4,352.21416666666664
17167,17419,541522,330.2,352.21416666666664
17168,17419,544332,333.0,352.21416666666664
17169,17419,545915,329.08,352.21416666666664
17170,17419,547004,321.75,352.21416666666664
17171,17419,548757,357.5,352.21416666666664
17172,17419,560547,614.2,352.21416666666664
17173,17419,569726,465.55,352.21416666666664
17174,17419,573745,318.40999999999997,352.21416666666664
17175,17419,576924,477.67,352.21416666666664
17176,17419,579156,304.94,352.21416666666664
17177,17420,536385,130.85,199.61
17178,17420,557632,260.66,199.61
17179,17420,572094,207.32,199.61
17180,17422,544179,321.25,329.895
17181,17422,551561,306.82,329.895
17182,17422,556486,375.04,329.895
17183,17422,560606,293.07,329.895
17184,17422,565863,402.79,329.895
17185,17422,578263,280.4,329.895
17186,17423,552044,449.42,349.20500000000004
17187,17423,572474,248.99,349.20500000000004
17188,17425,570287,688.97,379.58500000000004
17189,17425,577553,70.2,379.58500000000004
17190,17426,545447,1193.8799999999999,839.5433333333334
17191,17426,557217,1987.19,839.5433333333334
17192,17426,557218,98.16,839.5433333333334
17193,17426,566219,1001.36,839.5433333333334
17194,17426,580129,634.21,839.5433333333334
17195,17426,580130,122.46,839.5433333333334
17196,17427,568819,100.8,100.8
17197,17428,537233,353.0,616.3160714285714
17198,17428,538541,540.95,616.3160714285714
17199,17428,540025,323.03999999999996,616.3160714285714
17200,17428,540768,670.8,616.3160714285714
17201,17428,543457,603.44,616.3160714285714
17202,17428,544701,618.89,616.3160714285714
17203,17428,545692,510.7,616.3160714285714
17204,17428,547987,444.52,616.3160714285714
17205,17428,549747,614.0,616.3160714285714
17206,17428,549748,497.82,616.3160714285714
17207,17428,552732,590.95,616.3160714285714
17208,17428,552734,1160.67,616.3160714285714
17209,17428,552735,360.03999999999996,616.3160714285714
17210,17428,556719,188.44,616.3160714285714
17211,17428,556720,372.6,616.3160714285714
17212,17428,556722,236.28,616.3160714285714
17213,17428,557473,524.5,616.3160714285714
17214,17428,559158,345.65,616.3160714285714
17215,17428,562448,1327.55,616.3160714285714
17216,17428,563910,377.25,616.3160714285714
17217,17428,566929,4090.2799999999997,616.3160714285714
17218,17428,569840,433.2,616.3160714285714
17219,17428,569841,124.30000000000001,616.3160714285714
17220,17428,572835,615.4,616.3160714285714
17221,17428,573902,311.18,616.3160714285714
17222,17428,577044,460.79999999999995,616.3160714285714
17223,17428,577045,145.0,616.3160714285714
17224,17428,581488,415.6,616.3160714285714
17225,17429,551891,186.85999999999999,174.97333333333333
17226,17429,555852,189.28,174.97333333333333
17227,17429,562211,148.78,174.97333333333333
17228,17430,538037,112.6,132.88
17229,17430,574754,153.16,132.88
17230,17431,542613,403.3,403.3
17231,17432,574085,175.89,182.88
17232,17432,577804,189.87,182.88
17233,17433,566427,303.15999999999997,303.15999999999997
17234,17434,566901,499.56,339.1171428571428
17235,17434,571942,327.93,339.1171428571428
17236,17434,574064,313.74,339.1171428571428
17237,17434,576833,226.17,339.1171428571428
17238,17434,578310,313.52,339.1171428571428
17239,17434,579832,371.56,339.1171428571428
17240,17434,581137,321.34,339.1171428571428
17241,17436,551202,122.4,108.15
17242,17436,581358,93.9,108.15
17243,17438,548408,388.45,388.45
17244,17440,549105,117.6,62.13999999999999
17245,17440,549107,7.02,62.13999999999999
17246,17440,559111,61.8,62.13999999999999
17247,17442,544656,440.83,374.76
17248,17442,551665,374.0,374.76
17249,17442,558335,254.18,374.76
17250,17442,562893,521.4399999999999,374.76
17251,17442,565844,331.24,374.76
17252,17442,574090,326.87,374.76
17253,17443,551736,534.24,534.24
17254,17444,557322,1171.46,980.0133333333333
17255,17444,559557,1217.64,980.0133333333333
17256,17444,560187,550.94,980.0133333333333
17257,17446,543025,68.1,60.449999999999996
17258,17446,556977,52.8,60.449999999999996
17259,17447,568794,372.48,270.765
17260,17447,573383,169.05,270.765
17261,17449,538917,684.26,360.1228571428572
17262,17449,545338,338.34,360.1228571428572
17263,17449,550633,300.09000000000003,360.1228571428572
17264,17449,565667,174.86,360.1228571428572
17265,17449,572751,391.0,360.1228571428572
17266,17449,572752,206.62,360.1228571428572
17267,17449,581191,425.69,360.1228571428572
17268,17450,537448,39.6,4229.365
17269,17450,537456,1989.2400000000002,4229.365
17270,17450,540689,12797.52,4229.365
17271,17450,540691,1508.66,4229.365
17272,17450,540698,4314.02,4229.365
17273,17450,546067,2099.7,4229.365
17274,17450,547708,11343.199999999999,4229.365
17275,17450,547718,57.6,4229.365
17276,17450,550710,3108.64,4229.365
17277,17450,551234,476.4,4229.365
17278,17450,554358,2825.4,4229.365
17279,17450,554366,9468.48,4229.365
17280,17450,554845,5518.68,4229.365
17281,17450,555010,213.12,4229.365
17282,17450,557125,5405.48,4229.365
17283,17450,559700,1752.06,4229.365
17284,17450,560080,3279.36,4229.365
17285,17450,561659,3453.7200000000003,4229.365
17286,17450,563588,813.4,4229.365
17287,17450,563589,2240.0,4229.365
17288,17450,563590,13031.5,4229.365
17289,17450,564109,34.56,4229.365
17290,17450,565589,691.2,4229.365
17291,17450,567377,957.9,4229.365
17292,17450,567381,22104.8,4229.365
17293,17450,567384,4418.0,4229.365
17294,17450,567387,3189.94,4229.365
17295,17450,567423,31698.16,4229.365
17296,17450,567453,1468.8,4229.365
17297,17450,567458,4563.84,4229.365
17298,17450,567480,3200.0,4229.365
17299,17450,569029,320.0,4229.365
17300,17450,569030,2800.0,4229.365
17301,17450,572545,1896.7199999999998,4229.365
17302,17450,573452,2039.24,4229.365
17303,17450,574285,2907.2,4229.365
17304,17450,574293,6162.620000000001,4229.365
17305,17450,576088,1314.94,4229.365
17306,17450,576090,3174.3999999999996,4229.365
17307,17450,577747,5490.24,4229.365
17308,17450,579249,1147.2,4229.365
17309,17450,579251,3821.36,4229.365
17310,17450,579252,1034.4,4229.365
17311,17450,579253,230.4,4229.365
17312,17450,579271,2586.69,4229.365
17313,17450,580063,1562.4,4229.365
17314,17451,564631,346.01,245.91428571428574
17315,17451,567195,214.97,245.91428571428574
17316,17451,571217,470.55,245.91428571428574
17317,17451,571218,18.72,245.91428571428574
17318,17451,578372,37.239999999999995,245.91428571428574
17319,17451,578373,339.73,245.91428571428574
17320,17451,581418,294.18,245.91428571428574
17321,17453,569917,342.0,243.36
17322,17453,577825,144.72,243.36
17323,17454,538910,165.85,129.3825
17324,17454,543808,132.25,129.3825
17325,17454,550723,115.43,129.3825
17326,17454,555103,104.0,129.3825
17327,17455,554008,131.7,131.7
17328,17456,538108,249.85999999999999,249.85999999999999
17329,17457,540059,385.8,347.54
17330,17457,543167,331.26,347.54
17331,17457,548645,313.38,347.54
17332,17457,553755,367.2,347.54
17333,17457,562521,340.06,347.54
17334,17458,578506,316.5,316.5
17335,17459,570482,300.39,328.65
17336,17459,573026,356.90999999999997,328.65
17337,17460,536585,19.9,103.73833333333334
17338,17460,536781,50.4,103.73833333333334
17339,17460,542108,133.5,103.73833333333334
17340,17460,546776,138.88,103.73833333333334
17341,17460,551383,119.9,103.73833333333334
17342,17460,565778,159.85,103.73833333333334
17343,17461,575587,382.56,252.48666666666668
17344,17461,576911,349.2,252.48666666666668
17345,17461,576915,25.700000000000003,252.48666666666668
17346,17462,545218,463.40999999999997,337.84499999999997
17347,17462,570427,212.28,337.84499999999997
17348,17463,542617,709.51,379.282
17349,17463,550766,234.25,379.282
17350,17463,557066,301.88,379.282
17351,17463,572219,452.46,379.282
17352,17463,578272,198.31,379.282
17353,17464,558872,289.96000000000004,289.96000000000004
17354,17466,567699,460.41,381.64
17355,17466,579433,302.87,381.64
17356,17468,578802,107.0,68.5
17357,17468,579494,30.0,68.5
17358,17469,553738,305.36,374.194
17359,17469,558926,440.71,374.194
17360,17469,564083,304.2,374.194
17361,17469,568592,441.8,374.194
17362,17469,578260,378.9,374.194
17363,17470,537459,178.4,225.01399999999998
17364,17470,549007,304.13,225.01399999999998
17365,17470,552059,140.57999999999998,225.01399999999998
17366,17470,562354,193.35999999999999,225.01399999999998
17367,17470,572860,308.6,225.01399999999998
17368,17472,543812,252.51,236.76333333333332
17369,17472,544930,198.51,236.76333333333332
17370,17472,555249,259.27,236.76333333333332
17371,17475,567659,194.37,194.37
17372,17480,568013,511.82,511.82
17373,17481,565795,260.63,313.8975
17374,17481,574306,405.0,313.8975
17375,17481,578335,417.56,313.8975
17376,17481,580891,172.4,313.8975
17377,17483,556271,155.1,138.01333333333335
17378,17483,561675,119.64,138.01333333333335
17379,17483,569661,139.3,138.01333333333335
17380,17486,547514,396.87,396.87
17381,17489,552764,208.56,188.32
17382,17489,570695,168.08,188.32
17383,17490,556958,305.2,298.90285714285716
17384,17490,567295,313.1,298.90285714285716
17385,17490,568480,396.2,298.90285714285716
17386,17490,569936,306.72,298.90285714285716
17387,17490,581143,40.4,298.90285714285716
17388,17490,581481,242.3,298.90285714285716
17389,17490,581482,488.4,298.90285714285716
17390,17491,537592,327.4,355.887
17391,17491,541473,305.52,355.887
17392,17491,547569,556.9399999999999,355.887
17393,17491,556084,135.0,355.887
17394,17491,561807,335.45,355.887
17395,17491,565515,457.8,355.887
17396,17491,568317,305.51,355.887
17397,17491,574169,360.83,355.887
17398,17491,578807,331.52,355.887
17399,17491,581436,442.9,355.887
17400,17492,549018,374.57,374.57
17401,17495,573866,342.59,248.77999999999997
17402,17495,580213,154.97,248.77999999999997
17403,17496,539079,271.05,271.05
17404,17498,568160,272.21999999999997,272.21999999999997
17405,17499,544692,622.88,622.88
17406,17500,575494,288.0,379.3333333333333
17407,17500,576782,340.0,379.3333333333333
17408,17500,578042,510.0,379.3333333333333
17409,17501,551549,248.25,144.3
17410,17501,551550,40.35,144.3
17411,17502,575695,226.6,172.275
17412,17502,577734,132.0,172.275
17413,17502,578023,30.0,172.275
17414,17502,579676,300.5,172.275
17415,17503,573780,340.43,279.48
17416,17503,581010,218.53,279.48
17417,17504,541709,441.15,333.00333333333333
17418,17504,544804,346.28,333.00333333333333
17419,17504,546769,859.01,333.00333333333333
17420,17504,552057,251.75,333.00333333333333
17421,17504,553185,537.49,333.00333333333333
17422,17504,553498,302.1,333.00333333333333
17423,17504,553499,210.35,333.00333333333333
17424,17504,553500,39.0,333.00333333333333
17425,17504,553501,9.9,333.00333333333333
17426,17505,553565,486.99,572.9200000000001
17427,17505,558704,658.85,572.9200000000001
17428,17506,568151,302.2,302.2
17429,17507,543162,340.56,302.78999999999996
17430,17507,547490,265.02,302.78999999999996
17431,17508,545579,387.31,387.31
17432,17509,570125,313.56,764.3924999999999
17433,17509,570177,654.6899999999999,764.3924999999999
17434,17509,570179,914.64,764.3924999999999
17435,17509,570180,898.14,764.3924999999999
17436,17509,570186,639.6899999999999,764.3924999999999
17437,17509,570192,898.14,764.3924999999999
17438,17509,570249,898.14,764.3924999999999
17439,17509,570888,898.14,764.3924999999999
17440,17510,576388,308.48,308.48
17441,17511,536390,1825.74,2937.496129032258
17442,17511,537457,1644.94,2937.496129032258
17443,17511,538991,3240.4,2937.496129032258
17444,17511,540176,3862.14,2937.496129032258
17445,17511,542789,4446.88,2937.496129032258
17446,17511,544667,3336.7599999999998,2937.496129032258
17447,17511,546739,3018.34,2937.496129032258
17448,17511,547832,3962.06,2937.496129032258
17449,17511,548190,258.18,2937.496129032258
17450,17511,549835,1444.66,2937.496129032258
17451,17511,549979,31.0,2937.496129032258
17452,17511,550779,1466.14,2937.496129032258
17453,17511,551809,3566.14,2937.496129032258
17454,17511,551851,997.5,2937.496129032258
17455,17511,553540,2649.52,2937.496129032258
17456,17511,556845,4415.44,2937.496129032258
17457,17511,559032,2156.44,2937.496129032258
17458,17511,560729,5433.57,2937.496129032258
17459,17511,562348,5162.74,2937.496129032258
17460,17511,563532,3256.88,2937.496129032258
17461,17511,565836,3200.2799999999997,2937.496129032258
17462,17511,567610,4463.08,2937.496129032258
17463,17511,568485,566.56,2937.496129032258
17464,17511,569573,3855.84,2937.496129032258
17465,17511,572772,1820.89,2937.496129032258
17466,17511,572773,78.72,2937.496129032258
17467,17511,575219,7059.54,2937.496129032258
17468,17511,575220,2506.0,2937.496129032258
17469,17511,578125,3956.68,2937.496129032258
17470,17511,580652,2430.08,2937.496129032258
17471,17511,581020,4949.24,2937.496129032258
17472,17512,543734,494.51,292.49899999999997
17473,17512,544092,77.5,292.49899999999997
17474,17512,544605,79.2,292.49899999999997
17475,17512,547564,441.81,292.49899999999997
17476,17512,551902,99.6,292.49899999999997
17477,17512,554322,109.8,292.49899999999997
17478,17512,559471,238.9,292.49899999999997
17479,17512,562926,350.58,292.49899999999997
17480,17512,571912,581.41,292.49899999999997
17481,17512,575850,451.68,292.49899999999997
17482,17513,568728,513.2,513.2
17483,17514,562263,208.65,208.65
17484,17515,542121,231.48,159.755
17485,17515,546771,200.7,159.755
17486,17515,553515,139.19,159.755
17487,17515,575090,67.65,159.755
17488,17516,545053,321.23,153.61599999999999
17489,17516,545055,6.6,153.61599999999999
17490,17516,552176,127.38,153.61599999999999
17491,17516,563184,153.64,153.61599999999999
17492,17516,578662,159.23,153.61599999999999
17493,17517,543189,153.94,153.94
17494,17519,537420,335.3,307.33666666666664
17495,17519,547513,313.45,307.33666666666664
17496,17519,553420,306.85,307.33666666666664
17497,17519,557298,200.5,307.33666666666664
17498,17519,561719,331.9,307.33666666666664
17499,17519,578086,356.02,307.33666666666664
17500,17520,571404,546.81,546.81
17501,17521,554505,159.56,241.07000000000002
17502,17521,569667,338.19,241.07000000000002
17503,17521,575563,225.46,241.07000000000002
17504,17522,552004,147.44,214.142
17505,17522,553427,100.97999999999999,214.142
17506,17522,556222,539.12,214.142
17507,17522,561045,124.71,214.142
17508,17522,581361,158.45999999999998,214.142
17509,17523,577527,188.73,163.185
17510,17523,577529,60.48,163.185
17511,17523,578330,277.98,163.185
17512,17523,579148,125.55,163.185
17513,17524,538640,145.0,145.0
17514,17525,538994,422.7,422.7
17515,17526,538010,226.8,298.975
17516,17526,538721,11.8,298.975
17517,17526,544603,634.1999999999999,298.975
17518,17526,580598,323.1,298.975
17519,17527,551978,292.11,234.8425
17520,17527,563946,314.51,234.8425
17521,17527,567369,181.6,234.8425
17522,17527,571410,151.15,234.8425
17523,17528,568894,779.36,453.5625
17524,17528,568912,327.72,453.5625
17525,17528,570862,467.36,453.5625
17526,17528,572129,547.34,453.5625
17527,17528,573100,389.96,453.5625
17528,17528,575342,373.27,453.5625
17529,17528,577834,542.99,453.5625
17530,17528,581399,200.5,453.5625
17531,17530,538171,300.64,238.5
17532,17530,544087,344.69,238.5
17533,17530,550819,430.76,238.5
17534,17530,551272,29.88,238.5
17535,17530,551299,15.0,238.5
17536,17530,553556,246.89000000000001,238.5
17537,17530,566959,395.55,238.5
17538,17530,573152,227.07999999999998,238.5
17539,17530,578324,178.7,238.5
17540,17530,581456,215.81,238.5
17541,17531,555405,296.7,296.7
17542,17534,571428,223.36,223.36
17543,17535,545665,164.4,164.4
17544,17536,556909,76.5,76.5
17545,17537,543535,630.7,448.81000000000006
17546,17537,575520,266.92,448.81000000000006
17547,17538,576198,98.42,98.42
17548,17540,542386,268.8,289.45000000000005
17549,17540,576503,310.1,289.45000000000005
17550,17542,546625,170.75,170.75
17551,17545,573038,344.14,215.32000000000002
17552,17545,573068,122.68,215.32000000000002
17553,17545,573075,179.14,215.32000000000002
17554,17548,550755,103.3,103.3
17555,17549,571736,28.2,74.42999999999999
17556,17549,576641,120.66,74.42999999999999
17557,17550,549570,156.22,89.05333333333333
17558,17550,554816,100.44,89.05333333333333
17559,17550,554819,10.5,89.05333333333333
17560,17551,539019,306.84,306.84
17561,17552,536842,263.62,232.6025
17562,17552,536843,34.9,232.6025
17563,17552,569007,615.39,232.6025
17564,17552,570481,16.5,232.6025
17565,17553,562040,1487.6,1487.6
17566,17554,560106,772.43,390.49
17567,17554,562730,477.46000000000004,390.49
17568,17554,570661,210.14000000000001,390.49
17569,17554,578103,254.12,390.49
17570,17554,581411,238.3,390.49
17571,17555,540520,195.45,241.63
17572,17555,577497,287.81,241.63
17573,17556,553612,157.9,157.9
17574,17557,567323,288.36,180.48666666666668
17575,17557,572906,150.8,180.48666666666668
17576,17557,578804,102.3,180.48666666666668
17577,17560,542944,162.1,213.7375
17578,17560,553893,323.95,213.7375
17579,17560,559325,219.78,213.7375
17580,17560,565669,149.12,213.7375
17581,17561,577511,167.62,167.62
17582,17562,557292,300.1,160.34
17583,17562,559097,109.0,160.34
17584,17562,562929,126.3,160.34
17585,17562,564023,125.7,160.34
17586,17562,566588,191.78,160.34
17587,17562,571911,103.8,160.34
17588,17562,578825,165.7,160.34
17589,17564,567488,119.12,151.33666666666667
17590,17564,572868,124.34,151.33666666666667
17591,17564,576563,210.55,151.33666666666667
17592,17566,576246,414.26,450.605
17593,17566,580137,486.95,450.605
17594,17567,536782,517.95,541.435
17595,17567,544105,424.85,541.435
17596,17567,545462,535.38,541.435
17597,17567,550773,395.78999999999996,541.435
17598,17567,559927,461.08000000000004,541.435
17599,17567,565923,590.4,541.435
17600,17567,571036,988.03,541.435
17601,17567,580322,418.0,541.435
17602,17569,540827,344.14,344.14
17603,17571,543973,284.35,374.6275
17604,17571,545738,75.6,374.6275
17605,17571,560249,201.25,374.6275
17606,17571,572103,937.31,374.6275
17607,17572,536524,70.8,56.6875
17608,17572,550265,81.4,56.6875
17609,17572,565090,43.8,56.6875
17610,17572,569002,30.75,56.6875
17611,17573,565802,174.70999999999998,126.86666666666666
17612,17573,566964,7.5,126.86666666666666
17613,17573,575620,198.39,126.86666666666666
17614,17574,549584,185.65,185.65
17615,17576,538157,119.65,190.66736842105263
17616,17576,538665,177.35,190.66736842105263
17617,17576,541511,128.82,190.66736842105263
17618,17576,541513,15.0,190.66736842105263
17619,17576,544330,147.2,190.66736842105263
17620,17576,545459,151.07,190.66736842105263
17621,17576,547401,198.02,190.66736842105263
17622,17576,549903,355.77,190.66736842105263
17623,17576,552526,147.15,190.66736842105263
17624,17576,556257,294.86,190.66736842105263
17625,17576,559824,263.38,190.66736842105263
17626,17576,563731,102.95,190.66736842105263
17627,17576,564557,80.17999999999999,190.66736842105263
17628,17576,565200,125.55,190.66736842105263
17629,17576,566932,244.7,190.66736842105263
17630,17576,568564,226.5,190.66736842105263
17631,17576,571715,317.0,190.66736842105263
17632,17576,573918,132.53,190.66736842105263
17633,17576,580128,395.0,190.66736842105263
17634,17578,552034,143.45999999999998,143.45999999999998
17635,17579,556577,164.41,149.63333333333333
17636,17579,561089,106.45,149.63333333333333
17637,17579,580633,178.04,149.63333333333333
17638,17580,539269,46.85,71.90666666666667
17639,17580,542717,121.17,71.90666666666667
17640,17580,548640,47.7,71.90666666666667
17641,17581,536769,668.4,441.8016
17642,17581,536771,118.38,441.8016
17643,17581,541202,448.95,441.8016
17644,17581,545591,356.9,441.8016
17645,17581,545592,369.95,441.8016
17646,17581,545593,102.4,441.8016
17647,17581,552560,791.33,441.8016
17648,17581,552561,44.55,441.8016
17649,17581,552562,323.7,441.8016
17650,17581,552648,195.0,441.8016
17651,17581,556890,1063.3500000000001,441.8016
17652,17581,556891,139.64,441.8016
17653,17581,556892,120.94,441.8016
17654,17581,558892,298.74,441.8016
17655,17581,558893,62.6,441.8016
17656,17581,563944,1351.22,441.8016
17657,17581,563945,66.24,441.8016
17658,17581,567792,1035.0,441.8016
17659,17581,567794,820.78,441.8016
17660,17581,574684,1349.69,441.8016
17661,17581,574685,174.9,441.8016
17662,17581,574687,157.7,441.8016
17663,17581,581579,903.62,441.8016
17664,17581,581581,51.18,441.8016
17665,17581,581582,29.88,441.8016
17666,17582,550328,175.27,175.27
17667,17584,562369,749.45,621.15
17668,17584,580374,492.84999999999997,621.15
17669,17585,540240,417.81,283.2675
17670,17585,547240,103.72,283.2675
17671,17585,557758,291.99,283.2675
17672,17585,564049,319.55,283.2675
17673,17588,550832,397.20000000000005,413.40000000000003
17674,17588,557510,305.04,413.40000000000003
17675,17588,564953,537.96,413.40000000000003
17676,17589,549958,590.77,601.0425
17677,17589,555568,620.65,601.0425
17678,17589,559698,631.65,601.0425
17679,17589,570479,561.1,601.0425
17680,17590,573381,349.38,493.0733333333333
17681,17590,578074,808.91,493.0733333333333
17682,17590,581132,320.93,493.0733333333333
17683,17591,537646,406.6,317.9957142857143
17684,17591,541946,309.43,317.9957142857143
17685,17591,543913,151.68,317.9957142857143
17686,17591,546873,326.03999999999996,317.9957142857143
17687,17591,554019,455.82,317.9957142857143
17688,17591,562778,213.60000000000002,317.9957142857143
17689,17591,568530,362.8,317.9957142857143
17690,17593,539761,662.9,785.4680000000001
17691,17593,558099,852.84,785.4680000000001
17692,17593,560299,747.78,785.4680000000001
17693,17593,566079,985.62,785.4680000000001
17694,17593,580759,678.1999999999999,785.4680000000001
17695,17594,548234,315.0,496.59
17696,17594,566950,678.18,496.59
17697,17595,574079,157.9,194.39499999999998
17698,17595,578999,230.89,194.39499999999998
17699,17596,537362,392.62,403.99000000000007
17700,17596,548975,354.29,403.99000000000007
17701,17596,555257,541.95,403.99000000000007
17702,17596,561325,449.87,403.99000000000007
17703,17596,570168,612.01,403.99000000000007
17704,17596,572677,182.02,403.99000000000007
17705,17596,576792,295.17,403.99000000000007
17706,17597,552563,2044.3700000000001,2044.3700000000001
17707,17600,577826,161.67,161.67
17708,17601,550184,116.00999999999999,116.00999999999999
17709,17602,541596,767.05,850.495
17710,17602,562595,142.5,850.495
17711,17602,566913,1244.44,850.495
17712,17602,573151,1090.93,850.495
17713,17602,576860,769.36,850.495
17714,17602,581146,1088.69,850.495
17715,17603,567868,394.72,394.72
17716,17604,542727,136.24,154.68
17717,17604,552183,173.12,154.68
17718,17608,574686,187.62,96.71000000000001
17719,17608,574688,5.8,96.71000000000001
17720,17609,541265,430.04,222.44400000000002
17721,17609,543645,107.65,222.44400000000002
17722,17609,568566,213.35,222.44400000000002
17723,17609,573345,331.21,222.44400000000002
17724,17609,573349,29.97,222.44400000000002
17725,17611,538637,244.19,265.61466666666666
17726,17611,541593,321.4,265.61466666666666
17727,17611,541848,497.48,265.61466666666666
17728,17611,546429,371.37,265.61466666666666
17729,17611,549713,282.4,265.61466666666666
17730,17611,554112,305.1,265.61466666666666
17731,17611,557896,114.88,265.61466666666666
17732,17611,559317,285.83,265.61466666666666
17733,17611,562604,301.59999999999997,265.61466666666666
17734,17611,568655,292.47,265.61466666666666
17735,17611,573285,118.9,265.61466666666666
17736,17611,574089,300.1,265.61466666666666
17737,17611,575186,242.45,265.61466666666666
17738,17611,580286,176.88,265.61466666666666
17739,17611,580288,129.17000000000002,265.61466666666666
17740,17612,543993,305.46,341.4083333333333
17741,17612,552353,360.29,341.4083333333333
17742,17612,560053,366.31,341.4083333333333
17743,17612,563755,306.81,341.4083333333333
17744,17612,565593,344.07,341.4083333333333
17745,17612,571486,365.51,341.4083333333333
17746,17613,543293,586.8,325.6535714285714
17747,17613,544836,310.71,325.6535714285714
17748,17613,547357,493.11,325.6535714285714
17749,17613,548552,239.75,325.6535714285714
17750,17613,551142,426.4,325.6535714285714
17751,17613,554980,55.2,325.6535714285714
17752,17613,554981,415.04,325.6535714285714
17753,17613,557849,308.35,325.6535714285714
17754,17613,563206,155.93,325.6535714285714
17755,17613,567303,789.84,325.6535714285714
17756,17613,572930,371.87,325.6535714285714
17757,17613,572931,109.25,325.6535714285714
17758,17613,576917,289.1,325.6535714285714
17759,17613,576922,7.8,325.6535714285714
17760,17614,571105,390.07,390.07
17761,17615,551535,153.75,109.86666666666667
17762,17615,553917,118.55,109.86666666666667
17763,17615,562015,57.3,109.86666666666667
17764,17616,537460,326.4,190.39999999999998
17765,17616,548217,81.6,190.39999999999998
17766,17616,557255,163.2,190.39999999999998
17767,17618,538517,320.28,323.85999999999996
17768,17618,548988,346.5,323.85999999999996
17769,17618,580401,304.8,323.85999999999996
17770,17619,542719,218.52,218.52
17771,17620,570601,81.44,81.44
17772,17621,539594,239.4,459.9666666666667
17773,17621,542708,662.38,459.9666666666667
17774,17621,577396,478.12,459.9666666666667
17775,17623,574836,527.05,527.05
17776,17624,552023,400.3,421.74
17777,17624,578701,443.18,421.74
17778,17625,547860,549.68,511.75
17779,17625,560996,685.1,511.75
17780,17625,571841,384.42,511.75
17781,17625,577740,427.8,511.75
17782,17628,567343,75.75,75.75
17783,17629,538901,238.65,226.765
17784,17629,548701,266.36,226.765
17785,17629,552371,101.18,226.765
17786,17629,557568,108.94,226.765
17787,17629,563028,83.25,226.765
17788,17629,569417,593.79,226.765
17789,17629,577801,82.5,226.765
17790,17629,580395,339.45,226.765
17791,17630,550918,335.5,251.8
17792,17630,557860,168.1,251.8
17793,17631,550913,302.55,176.11
17794,17631,561190,113.95,176.11
17795,17631,581224,111.83,176.11
17796,17633,563071,332.89,331.21000000000004
17797,17633,564746,315.72,331.21000000000004
17798,17633,568829,355.89,331.21000000000004
17799,17633,575078,320.34000000000003,331.21000000000004
17800,17634,540288,785.65,262.4411111111111
17801,17634,545830,455.04,262.4411111111111
17802,17634,550481,164.75,262.4411111111111
17803,17634,552444,172.18,262.4411111111111
17804,17634,552712,237.05,262.4411111111111
17805,17634,562792,105.99000000000001,262.4411111111111
17806,17634,566025,159.79,262.4411111111111
17807,17634,572282,147.86,262.4411111111111
17808,17634,574250,133.66,262.4411111111111
17809,17636,577543,285.56,285.56
17810,17637,563442,338.95,273.53
17811,17637,575069,208.11,273.53
17812,17639,546006,108.5,108.5
17813,17640,566618,621.66,621.66
17814,17642,557021,395.3,356.145
17815,17642,563097,316.99,356.145
17816,17643,536556,101.55,101.55
17817,17644,547567,442.47,263.24
17818,17644,554015,400.0,263.24
17819,17644,554018,79.3,263.24
17820,17644,556746,32.55,263.24
17821,17644,559925,316.84999999999997,263.24
17822,17644,559926,39.6,263.24
17823,17644,563034,314.86,263.24
17824,17644,567822,507.04,263.24
17825,17644,574284,312.75,263.24
17826,17644,574286,117.46000000000001,263.24
17827,17644,581401,332.76,263.24
17828,17646,538080,251.0,336.13000000000005
17829,17646,545469,345.85,336.13000000000005
17830,17646,551835,411.54,336.13000000000005
17831,17647,569697,133.06,133.06
17832,17648,548733,583.87,449.375
17833,17648,555025,474.02,449.375
17834,17648,555028,49.5,449.375
17835,17648,570255,690.11,449.375
17836,17649,561077,868.49,868.49
17837,17650,577338,166.07999999999998,166.07999999999998
17838,17651,556935,360.9,394.5
17839,17651,557805,344.1,394.5
17840,17651,559171,377.61,394.5
17841,17651,559172,65.4,394.5
17842,17651,567533,652.85,394.5
17843,17651,569900,915.49,394.5
17844,17651,572025,333.01,394.5
17845,17651,573319,300.41,394.5
17846,17651,575062,303.28000000000003,394.5
17847,17651,579062,291.95,394.5
17848,17652,545534,222.3,405.6433333333334
17849,17652,550656,409.94,405.6433333333334
17850,17652,555350,811.36,405.6433333333334
17851,17652,556253,185.8,405.6433333333334
17852,17652,557891,720.03,405.6433333333334
17853,17652,560397,364.14,405.6433333333334
17854,17652,567138,488.45,405.6433333333334
17855,17652,569329,441.82,405.6433333333334
17856,17652,570413,421.05,405.6433333333334
17857,17652,573104,353.39,405.6433333333334
17858,17652,574557,165.32,405.6433333333334
17859,17652,576215,284.12,405.6433333333334
17860,17653,563060,163.24,301.89
17861,17653,565126,180.1,301.89
17862,17653,573913,569.82,301.89
17863,17653,574242,294.4,301.89
17864,17654,545835,117.55,117.55
17865,17655,537866,676.1,376.99142857142857
17866,17655,543462,313.9,376.99142857142857
17867,17655,545074,306.7,376.99142857142857
17868,17655,553166,306.0,376.99142857142857
17869,17655,563252,300.63,376.99142857142857
17870,17655,573382,287.87,376.99142857142857
17871,17655,579307,447.74,376.99142857142857
17872,17656,562145,341.58,334.938
17873,17656,563552,267.15,334.938
17874,17656,564480,318.92,334.938
17875,17656,566439,132.4,334.938
17876,17656,568526,614.64,334.938
17877,17658,553001,317.6,297.71000000000004
17878,17658,576196,277.82,297.71000000000004
17879,17659,536808,247.79999999999998,249.955
17880,17659,539306,112.15,249.955
17881,17659,543901,115.0,249.955
17882,17659,554371,595.29,249.955
17883,17659,555939,57.78,249.955
17884,17659,557873,14.85,249.955
17885,17659,562217,318.24,249.955
17886,17659,564075,89.44,249.955
17887,17659,564967,102.48,249.955
17888,17659,570649,308.86,249.955
17889,17659,576589,437.78999999999996,249.955
17890,17659,578026,599.78,249.955
17891,17660,560861,196.0,196.0
17892,17663,545021,371.39,257.5585714285714
17893,17663,550528,188.87,257.5585714285714
17894,17663,554656,230.55,257.5585714285714
17895,17663,559420,225.72,257.5585714285714
17896,17663,567111,271.28,257.5585714285714
17897,17663,573945,211.47,257.5585714285714
17898,17663,576089,303.63,257.5585714285714
17899,17664,552835,326.19,302.32
17900,17664,577689,278.45,302.32
17901,17666,569579,409.08000000000004,364.08000000000004
17902,17666,580738,319.08000000000004,364.08000000000004
17903,17667,543821,928.05,411.10200000000003
17904,17667,552990,366.5,411.10200000000003
17905,17667,553000,62.120000000000005,411.10200000000003
17906,17667,558642,394.34000000000003,411.10200000000003
17907,17667,569520,304.5,411.10200000000003
17908,17668,573900,161.85,173.875
17909,17668,581397,185.9,173.875
17910,17669,548730,475.5,486.67428571428576
17911,17669,549992,516.0,486.67428571428576
17912,17669,553144,619.5,486.67428571428576
17913,17669,557763,453.71999999999997,486.67428571428576
17914,17669,562788,368.5,486.67428571428576
17915,17669,566875,761.5,486.67428571428576
17916,17669,573157,212.0,486.67428571428576
17917,17670,550999,205.7,205.7
17918,17671,538079,394.18,393.1775
17919,17671,553012,392.55,393.1775
17920,17671,558995,311.82,393.1775
17921,17671,578433,474.16,393.1775
17922,17672,543116,1177.84,1589.085
17923,17672,572082,2000.33,1589.085
17924,17673,541856,402.41999999999996,271.52
17925,17673,546951,377.64,271.52
17926,17673,555653,287.19,271.52
17927,17673,558570,142.52,271.52
17928,17673,569470,306.88,271.52
17929,17673,581378,112.47,271.52
17930,17674,537244,300.66,275.52
17931,17674,568320,250.38,275.52
17932,17675,537609,617.12,657.2348387096774
17933,17675,538176,402.0,657.2348387096774
17934,17675,540120,969.36,657.2348387096774
17935,17675,542780,698.6,657.2348387096774
17936,17675,543746,324.25,657.2348387096774
17937,17675,544810,635.41,657.2348387096774
17938,17675,546555,696.85,657.2348387096774
17939,17675,548154,465.7,657.2348387096774
17940,17675,549998,498.15999999999997,657.2348387096774
17941,17675,551301,1007.4,657.2348387096774
17942,17675,551893,464.3,657.2348387096774
17943,17675,553845,727.0,657.2348387096774
17944,17675,555536,239.46,657.2348387096774
17945,17675,556727,555.8,657.2348387096774
17946,17675,558481,483.01,657.2348387096774
17947,17675,559791,527.3,657.2348387096774
17948,17675,560716,1532.76,657.2348387096774
17949,17675,561115,252.4,657.2348387096774
17950,17675,562146,614.78,657.2348387096774
17951,17675,562841,392.06,657.2348387096774
17952,17675,562842,245.8,657.2348387096774
17953,17675,563912,962.09,657.2348387096774
17954,17675,564849,762.58,657.2348387096774
17955,17675,569110,1025.78,657.2348387096774
17956,17675,569111,25.2,657.2348387096774
17957,17675,573556,764.32,657.2348387096774
17958,17675,574062,1183.9,657.2348387096774
17959,17675,577318,1072.73,657.2348387096774
17960,17675,577601,978.58,657.2348387096774
17961,17675,580105,520.66,657.2348387096774
17962,17675,581452,728.92,657.2348387096774
17963,17676,537815,300.7,231.28
17964,17676,561914,182.66,231.28
17965,17676,562533,16.5,231.28
17966,17676,564058,230.98,231.28
17967,17676,570842,309.24,231.28
17968,17676,580685,347.6,231.28
17969,17677,537227,922.4,545.441
17970,17677,537228,25.2,545.441
17971,17677,537229,17.4,545.441
17972,17677,537766,651.5999999999999,545.441
17973,17677,542093,500.1,545.441
17974,17677,543731,612.25,545.441
17975,17677,548367,1337.78,545.441
17976,17677,548368,70.92,545.441
17977,17677,550005,310.0,545.441
17978,17677,552811,1798.33,545.441
17979,17677,552815,16.95,545.441
17980,17677,557214,964.77,545.441
17981,17677,557215,68.22,545.441
17982,17677,557216,42.42,545.441
17983,17677,560718,1682.59,545.441
17984,17677,560720,17.0,545.441
17985,17677,560721,29.76,545.441
17986,17677,562433,1016.04,545.441
17987,17677,564965,1565.82,545.441
17988,17677,564966,34.8,545.441
17989,17677,566822,320.68,545.441
17990,17677,567171,716.0,545.441
17991,17677,571203,1157.08,545.441
17992,17677,571204,59.7,545.441
17993,17677,573110,532.42,545.441
17994,17677,573111,128.88,545.441
17995,17677,574471,419.12,545.441
17996,17677,575873,640.84,545.441
17997,17677,581225,657.12,545.441
17998,17677,581227,47.04,545.441
17999,17678,547122,298.11,298.11
18000,17679,566790,1643.2,996.0550000000001
18001,17679,571547,348.90999999999997,996.0550000000001
18002,17680,576734,184.4,184.4
18003,17682,537388,391.5,412.3883333333333
18004,17682,549052,365.79,412.3883333333333
18005,17682,555002,350.12,412.3883333333333
18006,17682,560503,362.82,412.3883333333333
18007,17682,563476,429.12,412.3883333333333
18008,17682,579499,574.98,412.3883333333333
18009,17684,572994,239.41,239.41
18010,17685,536763,452.52,455.9328571428572
18011,17685,538797,10.5,455.9328571428572
18012,17685,541207,361.5,455.9328571428572
18013,17685,543252,361.7,455.9328571428572
18014,17685,546928,326.5,455.9328571428572
18015,17685,566345,1286.41,455.9328571428572
18016,17685,578171,392.4,455.9328571428572
18017,17686,543555,1592.61,819.9228571428572
18018,17686,554283,1044.54,819.9228571428572
18019,17686,554284,12.64,819.9228571428572
18020,17686,554286,386.96,819.9228571428572
18021,17686,562980,1552.6,819.9228571428572
18022,17686,567429,520.74,819.9228571428572
18023,17686,580318,629.37,819.9228571428572
18024,17690,536578,279.6,317.19666666666666
18025,17690,536580,97.2,317.19666666666666
18026,17690,537845,71.4,317.19666666666666
18027,17690,538211,239.7,317.19666666666666
18028,17690,541282,895.5,317.19666666666666
18029,17690,547084,94.65,317.19666666666666
18030,17690,549154,311.6,317.19666666666666
18031,17690,554121,142.65,317.19666666666666
18032,17690,555515,856.63,317.19666666666666
18033,17690,555590,75.0,317.19666666666666
18034,17690,564750,462.75,317.19666666666666
18035,17690,569666,150.45,317.19666666666666
18036,17690,572658,307.19,317.19666666666666
18037,17690,574490,269.1,317.19666666666666
18038,17690,575384,504.53000000000003,317.19666666666666
18039,17691,537257,142.5,145.2
18040,17691,539297,147.9,145.2
18041,17692,539014,343.26,185.23499999999999
18042,17692,543325,110.7,185.23499999999999
18043,17692,551183,169.5,185.23499999999999
18044,17692,562366,117.48,185.23499999999999
18045,17693,561205,200.47,200.47
18046,17694,560829,283.12,283.12
18047,17695,557611,353.6,382.67
18048,17695,561863,411.74,382.67
18049,17696,538178,157.9,285.71375
18050,17696,538179,17.7,285.71375
18051,17696,545826,318.24,285.71375
18052,17696,555734,343.75,285.71375
18053,17696,559330,400.1,285.71375
18054,17696,561076,402.08,285.71375
18055,17696,564170,275.82,285.71375
18056,17696,573888,370.12,285.71375
18057,17697,550339,338.95,338.95
18058,17698,547639,154.95,154.95
18059,17700,545571,602.61,633.66
18060,17700,552638,522.96,633.66
18061,17700,565672,556.26,633.66
18062,17700,578225,852.81,633.66
18063,17701,548632,417.95,417.95
18064,17702,553552,439.8,456.0925
18065,17702,558419,335.33,456.0925
18066,17702,564088,563.64,456.0925
18067,17702,575475,485.6,456.0925
18068,17703,561060,229.14,266.24666666666667
18069,17703,564066,261.82,266.24666666666667
18070,17703,574560,307.78,266.24666666666667
18071,17704,550001,387.28999999999996,442.59499999999997
18072,17704,557967,497.9,442.59499999999997
18073,17705,543664,136.3,202.61333333333334
18074,17705,547405,114.0,202.61333333333334
18075,17705,552287,107.0,202.61333333333334
18076,17705,559129,167.5,202.61333333333334
18077,17705,561202,135.0,202.61333333333334
18078,17705,564371,308.2,202.61333333333334
18079,17705,568234,223.92,202.61333333333334
18080,17705,575410,413.6,202.61333333333334
18081,17705,580915,218.0,202.61333333333334
18082,17706,537738,287.08,617.9111764705882
18083,17706,537743,151.95,617.9111764705882
18084,17706,537751,38.8,617.9111764705882
18085,17706,544694,411.02,617.9111764705882
18086,17706,555516,302.42,617.9111764705882
18087,17706,558540,2662.17,617.9111764705882
18088,17706,558685,276.8,617.9111764705882
18089,17706,558686,184.2,617.9111764705882
18090,17706,560035,2204.36,617.9111764705882
18091,17706,563556,301.5,617.9111764705882
18092,17706,564062,931.5,617.9111764705882
18093,17706,564943,275.7,617.9111764705882
18094,17706,570342,1322.82,617.9111764705882
18095,17706,570353,113.91,617.9111764705882
18096,17706,572875,20.04,617.9111764705882
18097,17706,572877,244.38,617.9111764705882
18098,17706,580653,775.84,617.9111764705882
18099,17707,540465,83.7,76.2
18100,17707,555870,68.7,76.2
18101,17708,541523,110.6,133.54
18102,17708,555511,156.48,133.54
18103,17709,557859,137.45,137.45
18104,17711,544774,220.53,192.55
18105,17711,579328,164.57,192.55
18106,17712,572853,522.91,522.91
18107,17714,541837,153.0,153.0
18108,17715,554262,326.4,326.4
18109,17716,546791,665.46,514.180909090909
18110,17716,548874,786.16,514.180909090909
18111,17716,556937,1175.32,514.180909090909
18112,17716,562611,809.8199999999999,514.180909090909
18113,17716,565728,549.7,514.180909090909
18114,17716,565729,25.2,514.180909090909
18115,17716,565731,125.0,514.180909090909
18116,17716,566732,378.45,514.180909090909
18117,17716,568153,487.2,514.180909090909
18118,17716,575686,347.68,514.180909090909
18119,17716,577000,306.0,514.180909090909
18120,17718,550916,139.35,139.35
18121,17719,548014,579.83,359.736
18122,17719,549054,312.19,359.736
18123,17719,550666,469.19,359.736
18124,17719,554504,304.4,359.736
18125,17719,555388,305.85,359.736
18126,17719,556580,311.4,359.736
18127,17719,559142,381.17,359.736
18128,17719,561119,233.51,359.736
18129,17719,562200,658.38,359.736
18130,17719,563498,310.98,359.736
18131,17719,564192,306.72,359.736
18132,17719,564495,303.78,359.736
18133,17719,566441,302.19,359.736
18134,17719,568159,309.31,359.736
18135,17719,573934,307.14,359.736
18136,17720,537469,102.0,298.985
18137,17720,551396,430.38,298.985
18138,17720,563722,355.22,298.985
18139,17720,576056,308.34,298.985
18140,17722,537775,910.14,606.01
18141,17722,541566,833.4399999999999,606.01
18142,17722,555485,357.3,606.01
18143,17722,565450,323.16,606.01
18144,17723,552461,331.8,546.0666666666667
18145,17723,554279,415.0,546.0666666666667
18146,17723,555270,415.0,546.0666666666667
18147,17723,557333,662.1,546.0666666666667
18148,17723,559203,830.0,546.0666666666667
18149,17723,562443,622.5,546.0666666666667
18150,17724,561058,373.1,344.3333333333333
18151,17724,567508,241.2,344.3333333333333
18152,17724,568951,418.7,344.3333333333333
18153,17725,546911,337.71,312.64363636363635
18154,17725,548744,313.29,312.64363636363635
18155,17725,551315,304.15999999999997,312.64363636363635
18156,17725,555112,314.47,312.64363636363635
18157,17725,556537,310.48,312.64363636363635
18158,17725,560238,307.5,312.64363636363635
18159,17725,563844,310.82,312.64363636363635
18160,17725,564860,308.69,312.64363636363635
18161,17725,569022,333.96,312.64363636363635
18162,17725,573350,278.67,312.64363636363635
18163,17725,578315,319.33,312.64363636363635
18164,17727,578666,1060.25,1060.25
18165,17728,566673,345.03,958.67
18166,17728,569555,1943.1299999999999,958.67
18167,17728,580735,587.85,958.67
18168,17730,541362,311.48,407.57538461538456
18169,17730,544041,375.56,407.57538461538456
18170,17730,546127,411.18,407.57538461538456
18171,17730,550659,347.17,407.57538461538456
18172,17730,555736,586.01,407.57538461538456
18173,17730,558432,342.21,407.57538461538456
18174,17730,562791,367.46,407.57538461538456
18175,17730,564551,314.7,407.57538461538456
18176,17730,567718,491.56,407.57538461538456
18177,17730,571558,346.08,407.57538461538456
18178,17730,573185,417.36,407.57538461538456
18179,17730,575765,325.01,407.57538461538456
18180,17730,580980,662.6999999999999,407.57538461538456
18181,17731,556218,352.90999999999997,310.0275
18182,17731,556219,309.65999999999997,310.0275
18183,17731,562214,301.17,310.0275
18184,17731,567660,276.37,310.0275
18185,17732,536607,303.97,303.97
18186,17733,547414,216.95,346.095
18187,17733,573744,475.24,346.095
18188,17734,550670,112.98,233.54333333333332
18189,17734,561220,427.23,233.54333333333332
18190,17734,571412,160.42,233.54333333333332
18191,17735,537465,454.6,690.001052631579
18192,17735,542219,594.04,690.001052631579
18193,17735,544945,847.38,690.001052631579
18194,17735,548521,652.52,690.001052631579
18195,17735,549281,571.3,690.001052631579
18196,17735,550015,848.87,690.001052631579
18197,17735,550997,488.01,690.001052631579
18198,17735,551983,562.29,690.001052631579
18199,17735,555545,873.85,690.001052631579
18200,17735,555546,228.3,690.001052631579
18201,17735,558195,701.88,690.001052631579
18202,17735,559364,761.9200000000001,690.001052631579
18203,17735,560571,729.07,690.001052631579
18204,17735,562276,954.0,690.001052631579
18205,17735,564167,951.96,690.001052631579
18206,17735,565803,871.25,690.001052631579
18207,17735,569694,562.47,690.001052631579
18208,17735,574069,562.71,690.001052631579
18209,17735,581188,893.6,690.001052631579
18210,17736,563705,307.49,125.81333333333333
18211,17736,573161,39.95,125.81333333333333
18212,17736,579788,30.0,125.81333333333333
18213,17737,570847,87.39,84.12
18214,17737,579779,80.85,84.12
18215,17738,545445,779.92,469.7625
18216,17738,559930,585.62,469.7625
18217,17738,559931,205.95000000000002,469.7625
18218,17738,577550,307.56,469.7625
18219,17739,538864,360.06,398.7642857142857
18220,17739,540671,322.53,398.7642857142857
18221,17739,554850,388.18,398.7642857142857
18222,17739,568783,542.16,398.7642857142857
18223,17739,569576,434.65,398.7642857142857
18224,17739,573908,354.49,398.7642857142857
18225,17739,579008,389.28,398.7642857142857
18226,17742,540704,302.57,177.555
18227,17742,563710,52.54,177.555
18228,17744,539252,377.52,387.06666666666666
18229,17744,541107,328.92,387.06666666666666
18230,17744,541699,301.96,387.06666666666666
18231,17744,548709,280.56,387.06666666666666
18232,17744,576093,303.06,387.06666666666666
18233,17744,580875,730.38,387.06666666666666
18234,17746,549974,110.25,110.25
18235,17747,563740,71.4,71.4
18236,17749,547924,369.01,337.26
18237,17749,556808,305.51,337.26
18238,17750,558370,323.0,199.73
18239,17750,560228,307.41,199.73
18240,17750,561859,208.65,199.73
18241,17750,563739,240.66,199.73
18242,17750,565210,191.74,199.73
18243,17750,567181,129.63,199.73
18244,17750,571246,142.04,199.73
18245,17750,574289,141.12,199.73
18246,17750,580515,113.32000000000001,199.73
18247,17752,539048,80.64,80.64
18248,17754,547672,264.24,354.452
18249,17754,560754,310.82,354.452
18250,17754,569648,374.5,354.452
18251,17754,574032,621.71,354.452
18252,17754,581514,200.99,354.452
18253,17757,536821,143.45,186.843
18254,17757,537389,149.0,186.843
18255,17757,538361,158.0,186.843
18256,17757,538860,115.35,186.843
18257,17757,540536,145.5,186.843
18258,17757,542406,133.45,186.843
18259,17757,543539,148.4,186.843
18260,17757,544485,146.8,186.843
18261,17757,545555,137.62,186.843
18262,17757,547689,166.75,186.843
18263,17757,548371,353.7,186.843
18264,17757,549572,191.86,186.843
18265,17757,551655,115.95,186.843
18266,17757,554058,213.07,186.843
18267,17757,555264,122.74000000000001,186.843
18268,17757,557619,195.9,186.843
18269,17757,558467,170.42,186.843
18270,17757,559550,150.75,186.843
18271,17757,561969,206.69,186.843
18272,17757,563551,155.05,186.843
18273,17757,566520,161.19,186.843
18274,17757,569132,253.78,186.843
18275,17757,571544,225.6,186.843
18276,17757,574923,195.0,186.843
18277,17757,576855,238.92000000000002,186.843
18278,17757,577798,298.34,186.843
18279,17757,578313,130.13,186.843
18280,17757,578846,365.33,186.843
18281,17757,580696,189.3,186.843
18282,17757,581426,227.25,186.843
18283,17758,548715,583.79,432.0875
18284,17758,553199,445.29,432.0875
18285,17758,553201,25.75,432.0875
18286,17758,559547,381.37,432.0875
18287,17758,567662,686.03,432.0875
18288,17758,571669,650.76,432.0875
18289,17758,577544,673.21,432.0875
18290,17758,577546,10.5,432.0875
18291,17759,557884,145.2,278.33
18292,17759,557887,21.95,278.33
18293,17759,578072,667.84,278.33
18294,17760,536563,172.54,143.795
18295,17760,577172,115.05,143.795
18296,17761,574777,712.78,712.78
18297,17763,547207,15.0,15.0
18298,17764,553004,261.97,409.41
18299,17764,572023,556.85,409.41
18300,17765,547902,121.25,123.96
18301,17765,553129,141.3,123.96
18302,17765,558867,109.33,123.96
18303,17767,578533,271.2,271.2
18304,17768,558100,411.33000000000004,757.7266666666668
18305,17768,574709,1000.0,757.7266666666668
18306,17768,580059,861.85,757.7266666666668
18307,17769,541839,376.31,399.798
18308,17769,545687,508.45,399.798
18309,17769,557271,624.12,399.798
18310,17769,561028,319.85,399.798
18311,17769,570679,376.9,399.798
18312,17769,571266,437.86,399.798
18313,17769,574624,568.44,399.798
18314,17769,576238,6.24,399.798
18315,17769,578119,72.0,399.798
18316,17769,578856,707.81,399.798
18317,17770,545416,603.17,228.654
18318,17770,546110,261.6,228.654
18319,17770,552818,102.3,228.654
18320,17770,554641,123.3,228.654
18321,17770,554645,52.9,228.654
18322,17771,541678,115.8,122.905
18323,17771,571190,130.01,122.905
18324,17772,579286,156.47,91.385
18325,17772,579288,26.3,91.385
18326,17774,543349,219.99,306.3525
18327,17774,548808,375.0,306.3525
18328,17774,560251,394.88,306.3525
18329,17774,565427,235.54,306.3525
18330,17775,548256,56.4,56.4
18331,17777,564962,194.70000000000002,221.95333333333335
18332,17777,573543,256.25,221.95333333333335
18333,17777,576508,214.91,221.95333333333335
18334,17779,560537,323.09,219.5233333333333
18335,17779,566518,166.42,219.5233333333333
18336,17779,577329,169.06,219.5233333333333
18337,17781,548548,102.0,94.00999999999999
18338,17781,558773,86.02,94.00999999999999
18339,17783,549047,112.41,141.735
18340,17783,568715,171.06,141.735
18341,17785,571443,131.94,131.94
18342,17786,542239,114.85000000000001,139.37
18343,17786,566864,163.89,139.37
18344,17787,536973,736.28,466.2975
18345,17787,541660,529.91,466.2975
18346,17787,543428,449.98,466.2975
18347,17787,559527,149.02,466.2975
18348,17788,562047,16.7,558.95
18349,17788,568391,1101.2,558.95
18350,17789,545526,225.9,225.9
18351,17790,538190,127.89999999999999,140.39642857142857
18352,17790,538194,0.95,140.39642857142857
18353,17790,538535,127.0,140.39642857142857
18354,17790,538557,27.8,140.39642857142857
18355,17790,539336,115.9,140.39642857142857
18356,17790,543646,116.8,140.39642857142857
18357,17790,549260,107.07,140.39642857142857
18358,17790,553058,149.34,140.39642857142857
18359,17790,554646,124.25,140.39642857142857
18360,17790,559745,113.07,140.39642857142857
18361,17790,561709,148.21,140.39642857142857
18362,17790,563035,205.22,140.39642857142857
18363,17790,570234,328.53000000000003,140.39642857142857
18364,17790,575938,273.51,140.39642857142857
18365,17791,575591,106.1,106.1
18366,17793,576274,323.04,323.04
18367,17795,547050,163.25,175.195
18368,17795,556536,187.14,175.195
18369,17796,537130,114.65,174.475
18370,17796,540506,282.25,174.475
18371,17796,542605,225.1,174.475
18372,17796,573400,75.9,174.475
18373,17797,556330,272.41,260.1433333333334
18374,17797,577033,453.45,260.1433333333334
18375,17797,577036,54.57,260.1433333333334
18376,17799,538629,223.48000000000002,305.59299999999996
18377,17799,541816,614.38,305.59299999999996
18378,17799,541963,172.85,305.59299999999996
18379,17799,546549,258.41,305.59299999999996
18380,17799,546550,6.35,305.59299999999996
18381,17799,549728,112.86,305.59299999999996
18382,17799,557886,580.04,305.59299999999996
18383,17799,558437,175.89,305.59299999999996
18384,17799,565152,387.49,305.59299999999996
18385,17799,577077,524.18,305.59299999999996
18386,17800,540528,136.05,133.22333333333333
18387,17800,546391,103.65,133.22333333333333
18388,17800,552169,115.15,133.22333333333333
18389,17800,558679,124.9,133.22333333333333
18390,17800,558748,115.75,133.22333333333333
18391,17800,563212,169.8,133.22333333333333
18392,17800,566189,151.3,133.22333333333333
18393,17800,572220,155.11,133.22333333333333
18394,17800,574039,127.3,133.22333333333333
18395,17802,536747,100.2,428.34666666666664
18396,17802,556494,532.22,428.34666666666664
18397,17802,567180,652.62,428.34666666666664
18398,17805,568471,512.31,512.31
18399,17806,579168,546.04,546.04
18400,17809,536380,34.8,450.9925
18401,17809,536954,425.0,450.9925
18402,17809,536957,791.7,450.9925
18403,17809,543649,610.2,450.9925
18404,17809,549445,270.0,450.9925
18405,17809,552048,519.0,450.9925
18406,17809,557416,90.0,450.9925
18407,17809,562108,116.01,450.9925
18408,17809,570248,283.2,450.9925
18409,17809,571242,1835.6,450.9925
18410,17809,578254,366.8,450.9925
18411,17809,578256,69.6,450.9925
18412,17811,540566,185.97,200.9674358974359
18413,17811,541648,337.7,200.9674358974359
18414,17811,542149,108.55000000000001,200.9674358974359
18415,17811,542929,289.3,200.9674358974359
18416,17811,543801,210.7,200.9674358974359
18417,17811,543839,103.7,200.9674358974359
18418,17811,544450,1271.55,200.9674358974359
18419,17811,544642,139.8,200.9674358974359
18420,17811,545279,122.5,200.9674358974359
18421,17811,545700,166.45,200.9674358974359
18422,17811,546524,110.84,200.9674358974359
18423,17811,547197,108.42,200.9674358974359
18424,17811,549048,113.1,200.9674358974359
18425,17811,549830,117.83,200.9674358974359
18426,17811,551870,194.3,200.9674358974359
18427,17811,553423,187.42000000000002,200.9674358974359
18428,17811,554362,150.35,200.9674358974359
18429,17811,555548,147.05,200.9674358974359
18430,17811,558107,124.76,200.9674358974359
18431,17811,559671,114.95,200.9674358974359
18432,17811,560820,146.66,200.9674358974359
18433,17811,563062,120.42,200.9674358974359
18434,17811,563843,108.94,200.9674358974359
18435,17811,566042,182.9,200.9674358974359
18436,17811,566397,147.02,200.9674358974359
18437,17811,566453,84.5,200.9674358974359
18438,17811,568390,132.68,200.9674358974359
18439,17811,569207,166.33,200.9674358974359
18440,17811,570212,121.02000000000001,200.9674358974359
18441,17811,571267,146.7,200.9674358974359
18442,17811,572447,402.75,200.9674358974359
18443,17811,573930,120.66,200.9674358974359
18444,17811,574870,152.67,200.9674358974359
18445,17811,576249,390.93,200.9674358974359
18446,17811,577315,219.92,200.9674358974359
18447,17811,577728,375.27,200.9674358974359
18448,17811,579170,188.54000000000002,200.9674358974359
18449,17811,580151,168.48000000000002,200.9674358974359
18450,17811,580659,156.1,200.9674358974359
18451,17812,537422,217.54999999999998,183.04
18452,17812,573894,43.47,183.04
18453,17812,578521,203.38,183.04
18454,17812,578901,267.76,183.04
18455,17813,568984,306.61,354.17600000000004
18456,17813,569897,1044.09,354.17600000000004
18457,17813,571060,2.49,354.17600000000004
18458,17813,573909,215.22,354.17600000000004
18459,17813,578843,202.47,354.17600000000004
18460,17816,538073,16.21,9.14
18461,17816,546657,5.1,9.14
18462,17816,569678,9.01,9.14
18463,17816,574161,6.24,9.14
18464,17817,545899,74.7,129.22666666666666
18465,17817,545900,195.0,129.22666666666666
18466,17817,580676,117.98,129.22666666666666
18467,17819,536980,591.47,529.2671428571429
18468,17819,538499,388.65,529.2671428571429
18469,17819,544081,856.0,529.2671428571429
18470,17819,549946,189.83999999999997,529.2671428571429
18471,17819,554975,843.06,529.2671428571429
18472,17819,556323,599.45,529.2671428571429
18473,17819,568804,236.39999999999998,529.2671428571429
18474,17824,571895,298.4,298.4
18475,17827,538182,115.08,399.092
18476,17827,538198,919.8,399.092
18477,17827,538206,236.92,399.092
18478,17827,549733,312.01,399.092
18479,17827,580523,411.65,399.092
18480,17828,555931,833.16,455.0225
18481,17828,557668,30.0,455.0225
18482,17828,563936,213.5,455.0225
18483,17828,576897,743.43,455.0225
18484,17829,543911,889.24,889.24
18485,17830,544835,188.5,132.9
18486,17830,547489,99.15,132.9
18487,17830,581356,111.05,132.9
18488,17831,574731,35.4,35.4
18489,17832,572194,155.37,155.37
18490,17835,576873,109.84,116.88
18491,17835,579556,126.66,116.88
18492,17835,581101,114.14,116.88
18493,17836,572316,110.21000000000001,110.21000000000001
18494,17837,558479,119.8,199.1725
18495,17837,559352,126.45,199.1725
18496,17837,560103,130.26,199.1725
18497,17837,568186,172.69,199.1725
18498,17837,569693,250.95000000000002,199.1725
18499,17837,570668,163.15,199.1725
18500,17837,571258,130.25,199.1725
18501,17837,573305,499.83,199.1725
18502,17838,536798,717.16,555.86
18503,17838,538126,218.39999999999998,555.86
18504,17838,544459,752.14,555.86
18505,17838,566283,625.0,555.86
18506,17838,575935,466.6,555.86
18507,17839,573315,338.8,338.8
18508,17841,536557,537.38,330.5771774193548
18509,17841,536984,339.54,330.5771774193548
18510,17841,537405,406.69,330.5771774193548
18511,17841,538163,257.95,330.5771774193548
18512,17841,538866,647.99,330.5771774193548
18513,17841,539469,283.52,330.5771774193548
18514,17841,540021,516.97,330.5771774193548
18515,17841,540538,279.02,330.5771774193548
18516,17841,540943,220.32999999999998,330.5771774193548
18517,17841,541253,277.39,330.5771774193548
18518,17841,541255,4.25,330.5771774193548
18519,17841,541587,202.93,330.5771774193548
18520,17841,541851,105.34,330.5771774193548
18521,17841,542243,181.65,330.5771774193548
18522,17841,542612,165.9,330.5771774193548
18523,17841,543033,208.48000000000002,330.5771774193548
18524,17841,543389,150.26000000000002,330.5771774193548
18525,17841,543816,104.33,330.5771774193548
18526,17841,544311,175.04,330.5771774193548
18527,17841,544312,8.25,330.5771774193548
18528,17841,544676,141.48,330.5771774193548
18529,17841,545186,229.9,330.5771774193548
18530,17841,545545,187.11,330.5771774193548
18531,17841,545868,145.7,330.5771774193548
18532,17841,546261,139.79,330.5771774193548
18533,17841,546279,4.25,330.5771774193548
18534,17841,546543,174.85999999999999,330.5771774193548
18535,17841,547019,115.78,330.5771774193548
18536,17841,547202,248.20000000000002,330.5771774193548
18537,17841,547896,246.61,330.5771774193548
18538,17841,548492,213.0,330.5771774193548
18539,17841,549014,226.06,330.5771774193548
18540,17841,549690,380.34000000000003,330.5771774193548
18541,17841,550006,242.39,330.5771774193548
18542,17841,550359,366.48,330.5771774193548
18543,17841,550829,293.2,330.5771774193548
18544,17841,551250,261.24,330.5771774193548
18545,17841,551558,327.71,330.5771774193548
18546,17841,552108,289.82,330.5771774193548
18547,17841,552640,186.91,330.5771774193548
18548,17841,553156,240.73,330.5771774193548
18549,17841,553390,466.28000000000003,330.5771774193548
18550,17841,553860,184.95,330.5771774193548
18551,17841,554160,320.48,330.5771774193548
18552,17841,554520,468.01,330.5771774193548
18553,17841,554942,157.57999999999998,330.5771774193548
18554,17841,555110,197.55,330.5771774193548
18555,17841,555562,372.36,330.5771774193548
18556,17841,556056,426.05,330.5771774193548
18557,17841,556245,538.4300000000001,330.5771774193548
18558,17841,556671,259.08,330.5771774193548
18559,17841,557129,463.6,330.5771774193548
18560,17841,557636,355.43,330.5771774193548
18561,17841,558232,447.6,330.5771774193548
18562,17841,558558,300.34000000000003,330.5771774193548
18563,17841,558560,5.95,330.5771774193548
18564,17841,558876,360.82,330.5771774193548
18565,17841,558877,249.05,330.5771774193548
18566,17841,559068,197.87,330.5771774193548
18567,17841,559535,244.12,330.5771774193548
18568,17841,559807,501.37,330.5771774193548
18569,17841,560115,180.8,330.5771774193548
18570,17841,560368,728.0600000000001,330.5771774193548
18571,17841,560711,193.23,330.5771774193548
18572,17841,561113,822.86,330.5771774193548
18573,17841,561485,252.22,330.5771774193548
18574,17841,561773,182.55,330.5771774193548
18575,17841,561897,220.2,330.5771774193548
18576,17841,562161,264.55,330.5771774193548
18577,17841,562460,245.82999999999998,330.5771774193548
18578,17841,562779,356.42,330.5771774193548
18579,17841,562984,403.05,330.5771774193548
18580,17841,563216,278.46,330.5771774193548
18581,17841,563538,305.28,330.5771774193548
18582,17841,563771,149.06,330.5771774193548
18583,17841,564141,552.6,330.5771774193548
18584,17841,564436,451.91999999999996,330.5771774193548
18585,17841,564733,526.26,330.5771774193548
18586,17841,565141,354.39,330.5771774193548
18587,17841,565766,591.86,330.5771774193548
18588,17841,566085,190.57,330.5771774193548
18589,17841,566296,203.07999999999998,330.5771774193548
18590,17841,566717,237.19,330.5771774193548
18591,17841,567165,258.99,330.5771774193548
18592,17841,567473,459.62,330.5771774193548
18593,17841,568049,459.34,330.5771774193548
18594,17841,568227,183.54,330.5771774193548
18595,17841,568712,748.1,330.5771774193548
18596,17841,569234,543.75,330.5771774193548
18597,17841,569235,5.76,330.5771774193548
18598,17841,569672,354.13,330.5771774193548
18599,17841,569674,30.6,330.5771774193548
18600,17841,570019,247.12,330.5771774193548
18601,17841,570021,8.1,330.5771774193548
18602,17841,570420,285.65,330.5771774193548
18603,17841,570818,568.66,330.5771774193548
18604,17841,571098,437.43,330.5771774193548
18605,17841,571498,413.99,330.5771774193548
18606,17841,571846,535.75,330.5771774193548
18607,17841,572306,511.05,330.5771774193548
18608,17841,572863,219.66,330.5771774193548
18609,17841,572865,185.11,330.5771774193548
18610,17841,573245,403.25,330.5771774193548
18611,17841,573496,489.95,330.5771774193548
18612,17841,574034,460.24,330.5771774193548
18613,17841,574547,502.23,330.5771774193548
18614,17841,574549,1.45,330.5771774193548
18615,17841,575070,796.64,330.5771774193548
18616,17841,575298,438.08,330.5771774193548
18617,17841,575304,8.9,330.5771774193548
18618,17841,575753,224.43,330.5771774193548
18619,17841,575985,515.55,330.5771774193548
18620,17841,576665,890.19,330.5771774193548
18621,17841,576666,4.2,330.5771774193548
18622,17841,577174,314.08,330.5771774193548
18623,17841,577549,444.47,330.5771774193548
18624,17841,578289,904.52,330.5771774193548
18625,17841,578678,462.76,330.5771774193548
18626,17841,578852,400.62,330.5771774193548
18627,17841,579516,775.22,330.5771774193548
18628,17841,580136,633.38,330.5771774193548
18629,17841,580295,113.79,330.5771774193548
18630,17841,580956,974.01,330.5771774193548
18631,17841,581334,835.13,330.5771774193548
18632,17843,543543,205.48,205.48
18633,17844,564428,51.559999999999995,51.559999999999995
18634,17846,566927,2033.1,2033.1
18635,17848,539316,97.3,100.13333333333334
18636,17848,541008,72.25999999999999,100.13333333333334
18637,17848,543043,44.35,100.13333333333334
18638,17848,548900,174.46,100.13333333333334
18639,17848,557950,144.56,100.13333333333334
18640,17848,560095,30.5,100.13333333333334
18641,17848,560821,109.44999999999999,100.13333333333334
18642,17848,562257,148.72,100.13333333333334
18643,17848,567362,79.6,100.13333333333334
18644,17849,540630,217.75,151.45
18645,17849,543294,127.35000000000001,151.45
18646,17849,547171,151.45000000000002,151.45
18647,17849,551980,109.25,151.45
18648,17850,536365,139.12,158.565
18649,17850,536366,22.2,158.565
18650,17850,536372,22.2,158.565
18651,17850,536373,259.86,158.565
18652,17850,536375,259.86,158.565
18653,17850,536377,22.2,158.565
18654,17850,536396,376.36,158.565
18655,17850,536399,22.2,158.565
18656,17850,536406,353.14,158.565
18657,17850,536407,22.2,158.565
18658,17850,536600,251.62,158.565
18659,17850,536601,22.2,158.565
18660,17850,536602,163.76,158.565
18661,17850,536603,22.2,158.565
18662,17850,536609,244.46,158.565
18663,17850,536610,22.2,158.565
18664,17850,536612,206.76,158.565
18665,17850,536614,22.2,158.565
18666,17850,536628,230.56,158.565
18667,17850,536629,22.2,158.565
18668,17850,536630,244.46,158.565
18669,17850,536631,22.2,158.565
18670,17850,536685,380.46,158.565
18671,17850,536688,22.2,158.565
18672,17850,536690,331.26,158.565
18673,17850,536693,22.2,158.565
18674,17850,536750,434.8,158.565
18675,17850,536751,22.2,158.565
18676,17850,536752,390.65999999999997,158.565
18677,17850,536753,22.2,158.565
18678,17850,536787,192.46,158.565
18679,17850,536789,22.2,158.565
18680,17850,536790,532.01,158.565
18681,17850,536791,44.4,158.565
18682,17852,579129,44.35,57.17
18683,17852,579133,69.99,57.17
18684,17854,551172,111.76,155.63
18685,17854,555917,199.5,155.63
18686,17855,536613,208.97,208.97
18687,17856,545505,482.80999999999995,354.5075
18688,17856,547045,585.12,354.5075
18689,17856,550772,74.7,354.5075
18690,17856,581221,275.4,354.5075
18691,17857,537981,1335.2,1168.6539130434783
18692,17857,539288,5.5,1168.6539130434783
18693,17857,544183,786.84,1168.6539130434783
18694,17857,546926,108.5,1168.6539130434783
18695,17857,549027,5424.0,1168.6539130434783
18696,17857,551166,918.0,1168.6539130434783
18697,17857,551186,25.2,1168.6539130434783
18698,17857,551576,21.6,1168.6539130434783
18699,17857,553467,159.0,1168.6539130434783
18700,17857,557428,750.0,1168.6539130434783
18701,17857,557429,181.44,1168.6539130434783
18702,17857,562948,101.76,1168.6539130434783
18703,17857,564054,3875.88,1168.6539130434783
18704,17857,565293,561.6,1168.6539130434783
18705,17857,568569,585.0,1168.6539130434783
18706,17857,572696,3640.0,1168.6539130434783
18707,17857,574276,1415.92,1168.6539130434783
18708,17857,574277,208.0,1168.6539130434783
18709,17857,574860,180.0,1168.6539130434783
18710,17857,575328,2640.0,1168.6539130434783
18711,17857,578060,976.0,1168.6539130434783
18712,17857,580645,1931.6,1168.6539130434783
18713,17857,580646,1048.0,1168.6539130434783
18714,17858,537156,251.25,429.6383333333333
18715,17858,539012,1305.6,429.6383333333333
18716,17858,541853,224.75,429.6383333333333
18717,17858,543455,326.4,429.6383333333333
18718,17858,546761,432.2,429.6383333333333
18719,17858,547554,79.6,429.6383333333333
18720,17858,558075,484.4,429.6383333333333
18721,17858,563194,320.3,429.6383333333333
18722,17858,563358,231.75,429.6383333333333
18723,17858,567178,266.14,429.6383333333333
18724,17858,571411,469.55,429.6383333333333
18725,17858,580403,763.72,429.6383333333333
18726,17859,543397,148.21,148.21
18727,17860,537369,252.8,252.8
18728,17861,541916,241.86,262.6
18729,17861,548510,216.12,262.6
18730,17861,559133,704.01,262.6
18731,17861,559137,5.2,262.6
18732,17861,561378,134.38,262.6
18733,17861,575611,113.5,262.6
18734,17861,576555,247.15,262.6
18735,17861,580982,438.58,262.6
18736,17862,541664,330.9,330.9
18737,17863,537163,384.71999999999997,526.6666666666666
18738,17863,542928,505.98,526.6666666666666
18739,17863,548276,481.2,526.6666666666666
18740,17863,560265,413.38,526.6666666666666
18741,17863,567386,342.02,526.6666666666666
18742,17863,570652,1032.7,526.6666666666666
18743,17864,546089,208.41,199.16666666666666
18744,17864,566269,272.31,199.16666666666666
18745,17864,578853,116.78,199.16666666666666
18746,17865,538346,756.4499999999999,526.316
18747,17865,539445,323.38,526.316
18748,17865,544282,655.28,526.316
18749,17865,544893,596.24,526.316
18750,17865,547251,398.22,526.316
18751,17865,550017,569.1999999999999,526.316
18752,17865,553828,862.89,526.316
18753,17865,557110,102.0,526.316
18754,17865,558641,831.34,526.316
18755,17865,563505,687.16,526.316
18756,17865,564306,1142.88,526.316
18757,17865,564307,92.3,526.316
18758,17865,566426,663.24,526.316
18759,17865,566429,25.2,526.316
18760,17865,566833,237.08,526.316
18761,17865,567637,498.62,526.316
18762,17865,567638,73.6,526.316
18763,17865,572767,702.86,526.316
18764,17865,572768,177.64,526.316
18765,17865,575269,1130.74,526.316
18766,17866,560642,329.65,329.65
18767,17867,544896,25.5,199.51666666666668
18768,17867,554057,578.5500000000001,199.51666666666668
18769,17867,560546,232.05,199.51666666666668
18770,17867,560548,121.38,199.51666666666668
18771,17867,575337,224.67000000000002,199.51666666666668
18772,17867,575338,14.95,199.51666666666668
18773,17869,537440,214.32,85.636
18774,17869,549292,91.09,85.636
18775,17869,552289,5.55,85.636
18776,17869,564358,94.72,85.636
18777,17869,564361,22.5,85.636
18778,17870,537667,326.4,157.86249999999998
18779,17870,561519,83.99,157.86249999999998
18780,17870,561520,30.419999999999998,157.86249999999998
18781,17870,561521,40.05,157.86249999999998
18782,17870,561522,15.45,157.86249999999998
18783,17870,562603,106.91,157.86249999999998
18784,17870,566091,146.75,157.86249999999998
18785,17870,568795,159.79,157.86249999999998
18786,17870,572569,200.55,157.86249999999998
18787,17870,574994,143.11,157.86249999999998
18788,17870,578707,376.02,157.86249999999998
18789,17870,581173,264.91,157.86249999999998
18790,17871,553830,155.9,155.9
18791,17873,536559,215.14999999999998,371.832
18792,17873,545558,485.78,371.832
18793,17873,549967,490.04999999999995,371.832
18794,17873,556070,396.14,371.832
18795,17873,567522,272.04,371.832
18796,17874,548013,65.16,113.91000000000001
18797,17874,551399,371.29,113.91000000000001
18798,17874,551401,6.0,113.91000000000001
18799,17874,551416,23.8,113.91000000000001
18800,17874,551514,94.45,113.91000000000001
18801,17874,555842,122.76,113.91000000000001
18802,17877,557753,237.60999999999999,237.60999999999999
18803,17878,572997,379.45,379.45
18804,17879,557286,178.52,178.52
18805,17880,538184,458.92,458.92
18806,17881,543482,133.35,133.35
18807,17883,549293,119.35000000000001,167.9425
18808,17883,566731,78.45,167.9425
18809,17883,578824,289.1,167.9425
18810,17883,580999,184.87,167.9425
18811,17884,536943,187.51,179.36249999999998
18812,17884,537418,137.11,179.36249999999998
18813,17884,542797,278.21999999999997,179.36249999999998
18814,17884,580822,114.61,179.36249999999998
18815,17885,578950,190.19,190.19
18816,17886,548768,223.19,299.87
18817,17886,553054,173.07,299.87
18818,17886,574959,503.35,299.87
18819,17887,562125,111.35,111.35
18820,17888,539416,29.43,90.75625
18821,17888,542224,92.7,90.75625
18822,17888,552842,56.65,90.75625
18823,17888,558714,128.27,90.75625
18824,17888,567687,58.599999999999994,90.75625
18825,17888,570638,250.9,90.75625
18826,17888,573912,37.5,90.75625
18827,17888,577322,72.0,90.75625
18828,17889,541832,101.85,101.935
18829,17889,552860,102.02,101.935
18830,17890,538652,476.96,301.04499999999996
18831,17890,541712,125.13,301.04499999999996
18832,17891,558637,203.85999999999999,203.85999999999999
18833,17892,559305,142.1,81.36666666666666
18834,17892,571043,10.2,81.36666666666666
18835,17892,571250,91.8,81.36666666666666
18836,17893,551418,112.25,112.25
18837,17894,537831,106.77000000000001,139.97625
18838,17894,538707,167.86,139.97625
18839,17894,539007,105.88,139.97625
18840,17894,539836,135.34,139.97625
18841,17894,542711,93.6,139.97625
18842,17894,545067,258.4,139.97625
18843,17894,565444,128.9,139.97625
18844,17894,568788,123.06,139.97625
18845,17895,572922,98.0,98.0
18846,17896,576791,256.32,256.32
18847,17897,536488,165.89,188.86666666666667
18848,17897,537653,268.73,188.86666666666667
18849,17897,557397,131.98,188.86666666666667
18850,17898,553402,99.84,76.03
18851,17898,566921,52.22,76.03
18852,17899,558769,155.8,155.8
18853,17900,555367,79.8,56.099999999999994
18854,17900,555381,32.4,56.099999999999994
18855,17901,575710,110.38,110.38
18856,17904,577302,191.67000000000002,191.67000000000002
18857,17905,536530,201.75,200.06
18858,17905,539859,192.4,200.06
18859,17905,559091,224.84,200.06
18860,17905,568998,181.25,200.06
18861,17906,549169,72.9,72.9
18862,17908,536409,243.28,243.28
18863,17911,579754,366.23,366.23
18864,17912,538200,95.25,62.202
18865,17912,538355,9.9,62.202
18866,17912,538888,125.56,62.202
18867,17912,539064,58.7,62.202
18868,17912,543019,21.6,62.202
18869,17913,539464,218.05,205.8
18870,17913,570719,193.55,205.8
18871,17914,580865,336.43,336.43
18872,17917,538421,110.91,113.75999999999999
18873,17917,547971,119.55,113.75999999999999
18874,17917,572675,110.82,113.75999999999999
18875,17919,566405,1304.04,1304.04
18876,17920,536412,514.41,247.3
18877,17920,537435,221.5,247.3
18878,17920,542590,159.85,247.3
18879,17920,550305,417.93,247.3
18880,17920,554337,259.90000000000003,247.3
18881,17920,558700,304.61,247.3
18882,17920,560937,218.56,247.3
18883,17920,561381,110.78,247.3
18884,17920,564647,199.28,247.3
18885,17920,567804,227.0,247.3
18886,17920,571546,251.88,247.3
18887,17920,574721,324.64,247.3
18888,17920,575943,255.54,247.3
18889,17920,578818,136.04,247.3
18890,17920,579089,111.11,247.3
18891,17920,580119,187.78,247.3
18892,17920,580672,303.29,247.3
18893,17921,546993,280.57,206.63
18894,17921,558631,161.89000000000001,206.63
18895,17921,560104,159.3,206.63
18896,17921,569968,224.76,206.63
18897,17923,545433,207.5,207.5
18898,17924,536397,279.0,423.2142857142857
18899,17924,543691,223.2,423.2142857142857
18900,17924,569247,1574.52,423.2142857142857
18901,17924,573599,447.3,423.2142857142857
18902,17924,573600,145.92000000000002,423.2142857142857
18903,17924,579006,128.88,423.2142857142857
18904,17924,579007,163.68,423.2142857142857
18905,17925,536616,244.08,244.08
18906,17926,553922,211.73000000000002,198.645
18907,17926,561803,185.56,198.645
18908,17928,549286,78.25999999999999,106.27
18909,17928,572682,134.28,106.27
18910,17929,543186,196.2,210.75
18911,17929,548316,238.8,210.75
18912,17929,563742,272.0,210.75
18913,17929,579245,136.0,210.75
18914,17930,550160,390.6,348.096
18915,17930,558632,303.54,348.096
18916,17930,568870,296.46000000000004,348.096
18917,17930,569889,323.04,348.096
18918,17930,574346,426.84,348.096
18919,17931,548148,297.2,204.18
18920,17931,561678,111.16,204.18
18921,17932,552975,589.01,443.8566666666666
18922,17932,557260,345.5,443.8566666666666
18923,17932,575729,397.06,443.8566666666666
18924,17934,570720,638.45,352.125
18925,17934,571749,65.8,352.125
18926,17935,560824,134.57,72.895
18927,17935,561057,11.22,72.895
18928,17936,580504,389.84,389.84
18929,17937,538515,1393.56,614.46
18930,17937,538648,760.32,614.46
18931,17937,543823,540.0,614.46
18932,17937,547834,633.6,614.46
18933,17937,563544,287.04,614.46
18934,17937,575147,326.4,614.46
18935,17937,580023,360.3,614.46
18936,17939,558758,99.14,99.14
18937,17940,543549,1045.44,410.64400000000006
18938,17940,545911,181.44,410.64400000000006
18939,17940,548910,259.20000000000005,410.64400000000006
18940,17940,549468,1867.86,410.64400000000006
18941,17940,552026,108.0,410.64400000000006
18942,17940,558352,107.5,410.64400000000006
18943,17940,558353,108.0,410.64400000000006
18944,17940,562155,162.0,410.64400000000006
18945,17940,564164,75.0,410.64400000000006
18946,17940,572222,192.0,410.64400000000006
18947,17941,561904,304.56,304.56
18948,17942,580159,77.5,77.5
18949,17946,547817,17.549999999999997,74.78999999999999
18950,17946,550817,132.03,74.78999999999999
18951,17947,574042,176.68,176.68
18952,17948,560199,358.56,358.56
18953,17949,536970,1314.0,1300.232888888889
18954,17949,540264,432.0,1300.232888888889
18955,17949,544698,259.2,1300.232888888889
18956,17949,544699,172.8,1300.232888888889
18957,17949,545341,1642.5,1300.232888888889
18958,17949,546319,345.6,1300.232888888889
18959,17949,551259,1642.5,1300.232888888889
18960,17949,552340,417.0,1300.232888888889
18961,17949,552341,816.0,1300.232888888889
18962,17949,552342,738.0,1300.232888888889
18963,17949,553466,259.2,1300.232888888889
18964,17949,554130,204.0,1300.232888888889
18965,17949,555104,816.0,1300.232888888889
18966,17949,555489,259.2,1300.232888888889
18967,17949,555490,1314.0,1300.232888888889
18968,17949,558523,2231.2999999999997,1300.232888888889
18969,17949,558526,13355.4,1300.232888888889
18970,17949,558528,812.0,1300.232888888889
18971,17949,558529,23.2,1300.232888888889
18972,17949,558554,2390.4,1300.232888888889
18973,17949,558612,877.68,1300.232888888889
18974,17949,559793,24.38,1300.232888888889
18975,17949,560917,833.85,1300.232888888889
18976,17949,561633,10303.95,1300.232888888889
18977,17949,561637,428.4,1300.232888888889
18978,17949,562917,432.0,1300.232888888889
18979,17949,563575,2209.04,1300.232888888889
18980,17949,564583,432.0,1300.232888888889
18981,17949,564871,340.0,1300.232888888889
18982,17949,565123,480.0,1300.232888888889
18983,17949,565240,1047.12,1300.232888888889
18984,17949,565241,822.24,1300.232888888889
18985,17949,565858,534.24,1300.232888888889
18986,17949,569084,2496.0,1300.232888888889
18987,17949,569085,1272.0,1300.232888888889
18988,17949,569086,720.0,1300.232888888889
18989,17949,570281,676.32,1300.232888888889
18990,17949,571199,108.0,1300.232888888889
18991,17949,573261,1434.24,1300.232888888889
18992,17949,577810,720.0,1300.232888888889
18993,17949,580169,81.36,1300.232888888889
18994,17949,580170,720.0,1300.232888888889
18995,17949,580172,129.36,1300.232888888889
18996,17949,581458,1080.0,1300.232888888889
18997,17949,581459,864.0,1300.232888888889
18998,17950,538104,190.35,160.73333333333332
18999,17950,538106,72.82000000000001,160.73333333333332
19000,17950,568702,219.03,160.73333333333332
19001,17951,536514,295.5,336.18
19002,17951,539219,114.0,336.18
19003,17951,573512,599.04,336.18
19004,17954,536977,108.78,194.39333333333332
19005,17954,537599,19.9,194.39333333333332
19006,17954,541223,254.54,194.39333333333332
19007,17954,544293,326.39,194.39333333333332
19008,17954,546622,108.1,194.39333333333332
19009,17954,547060,135.44,194.39333333333332
19010,17954,551193,228.15,194.39333333333332
19011,17954,556041,336.84,194.39333333333332
19012,17954,558556,131.06,194.39333333333332
19013,17954,562680,241.01,194.39333333333332
19014,17954,569238,149.55,194.39333333333332
19015,17954,580516,292.96,194.39333333333332
19016,17955,551823,261.95,139.325
19017,17955,551826,8.4,139.325
19018,17955,551962,123.75,139.325
19019,17955,554639,163.2,139.325
19020,17956,548862,12.75,12.75
19021,17957,569530,111.68,111.68
19022,17958,563259,508.46000000000004,508.46000000000004
19023,17960,557622,73.78,73.78
19024,17961,536845,127.55,33.242051282051285
19025,17961,539663,396.85,33.242051282051285
19026,17961,539755,45.35,33.242051282051285
19027,17961,541236,3.35,33.242051282051285
19028,17961,541411,9.75,33.242051282051285
19029,17961,543012,7.2,33.242051282051285
19030,17961,544103,20.38,33.242051282051285
19031,17961,545331,2.5,33.242051282051285
19032,17961,546413,3.0999999999999996,33.242051282051285
19033,17961,546762,28.18,33.242051282051285
19034,17961,546898,8.8,33.242051282051285
19035,17961,547022,22.240000000000002,33.242051282051285
19036,17961,549538,32.32,33.242051282051285
19037,17961,550949,8.97,33.242051282051285
19038,17961,551287,15.4,33.242051282051285
19039,17961,551845,17.14,33.242051282051285
19040,17961,553164,18.900000000000002,33.242051282051285
19041,17961,554007,8.25,33.242051282051285
19042,17961,554495,3.75,33.242051282051285
19043,17961,554968,94.41,33.242051282051285
19044,17961,556234,26.36,33.242051282051285
19045,17961,556498,35.849999999999994,33.242051282051285
19046,17961,557149,13.05,33.242051282051285
19047,17961,557252,11.9,33.242051282051285
19048,17961,557869,6.8999999999999995,33.242051282051285
19049,17961,559343,4.25,33.242051282051285
19050,17961,560911,41.1,33.242051282051285
19051,17961,560913,4.25,33.242051282051285
19052,17961,561005,134.44,33.242051282051285
19053,17961,562436,2.25,33.242051282051285
19054,17961,562614,24.880000000000003,33.242051282051285
19055,17961,566321,5.95,33.242051282051285
19056,17961,566610,1.65,33.242051282051285
19057,17961,566778,74.56,33.242051282051285
19058,17961,567192,4.859999999999999,33.242051282051285
19059,17961,569099,3.25,33.242051282051285
19060,17961,575163,9.9,33.242051282051285
19061,17961,577382,12.4,33.242051282051285
19062,17961,577387,4.25,33.242051282051285
19063,17962,560726,102.83,102.83
19064,17964,536743,261.76,235.85
19065,17964,574965,209.94,235.85
19066,17965,537221,37.35,187.32642857142858
19067,17965,538166,119.45,187.32642857142858
19068,17965,540859,438.67,187.32642857142858
19069,17965,542521,150.88,187.32642857142858
19070,17965,545294,313.58,187.32642857142858
19071,17965,548567,270.1,187.32642857142858
19072,17965,558358,140.06,187.32642857142858
19073,17965,559463,28.35,187.32642857142858
19074,17965,560881,56.3,187.32642857142858
19075,17965,561642,339.24,187.32642857142858
19076,17965,566094,361.56,187.32642857142858
19077,17965,566117,15.5,187.32642857142858
19078,17965,570503,48.46,187.32642857142858
19079,17965,573923,303.07,187.32642857142858
19080,17966,547558,147.0,219.68599999999998
19081,17966,555950,136.5,219.68599999999998
19082,17966,559686,141.98,219.68599999999998
19083,17966,559687,168.95,219.68599999999998
19084,17966,573932,504.0,219.68599999999998
19085,17967,536863,123.07,123.07
19086,17968,536464,277.35,277.35
19087,17969,538658,125.2,114.1
19088,17969,558093,103.0,114.1
19089,17970,553034,582.59,582.59
19090,17972,549813,136.04,136.04
19091,17973,571740,337.04,337.04
19092,17974,551817,172.77,246.92999999999998
19093,17974,572903,135.55,246.92999999999998
19094,17974,576463,432.46999999999997,246.92999999999998
19095,17975,537757,314.1,345.29307692307697
19096,17975,538722,307.39,345.29307692307697
19097,17975,540031,431.88,345.29307692307697
19098,17975,543006,326.36,345.29307692307697
19099,17975,546415,488.06,345.29307692307697
19100,17975,551016,765.85,345.29307692307697
19101,17975,555077,147.48,345.29307692307697
19102,17975,558860,249.03,345.29307692307697
19103,17975,560500,131.66,345.29307692307697
19104,17975,561611,249.38,345.29307692307697
19105,17975,563522,544.81,345.29307692307697
19106,17975,570024,285.19,345.29307692307697
19107,17975,578511,247.62,345.29307692307697
19108,17976,536749,353.19,353.19
19109,17977,575627,288.14,288.14
19110,17978,538068,300.92,300.92
19111,17979,547772,231.77,189.4275
19112,17979,547792,9.9,189.4275
19113,17979,557995,262.87,189.4275
19114,17979,574474,253.17000000000002,189.4275
19115,17980,539046,295.2,270.48333333333335
19116,17980,553870,267.55,270.48333333333335
19117,17980,558181,248.7,270.48333333333335
19118,17984,560281,152.68,152.68
19119,17985,577056,634.95,634.95
19120,17986,571232,20.8,20.8
19121,17987,555859,198.57,198.57
19122,17988,541281,64.99000000000001,28.731428571428573
19123,17988,558737,13.370000000000001,28.731428571428573
19124,17988,563228,53.05,28.731428571428573
19125,17988,563229,11.639999999999999,28.731428571428573
19126,17988,563233,2.95,28.731428571428573
19127,17988,578848,14.11,28.731428571428573
19128,17988,579095,41.010000000000005,28.731428571428573
19129,17990,538596,168.0,210.28
19130,17990,539716,148.0,210.28
19131,17990,550315,314.84000000000003,210.28
19132,17991,551334,5.9,46.675000000000004
19133,17991,551445,87.45,46.675000000000004
19134,17994,544634,307.25,169.6225
19135,17994,546401,21.9,169.6225
19136,17994,555413,228.63,169.6225
19137,17994,562886,120.71000000000001,169.6225
19138,17995,545521,76.1,76.1
19139,17997,558382,322.53000000000003,246.33375
19140,17997,559167,532.21,246.33375
19141,17997,559548,297.65,246.33375
19142,17997,561860,124.33,246.33375
19143,17997,565386,269.17,246.33375
19144,17997,566057,174.07,246.33375
19145,17997,567692,117.12,246.33375
19146,17997,568368,133.59,246.33375
19147,17999,537844,190.34,191.03
19148,17999,574077,191.72,191.03
19149,18001,566647,252.23,208.615
19150,18001,578997,165.0,208.615
19151,18004,538510,169.47,169.47
19152,18005,572300,139.97,124.86
19153,18005,580848,109.75,124.86
19154,18006,576879,444.68,444.68
19155,18008,542083,130.81,235.13222222222223
19156,18008,547222,175.1,235.13222222222223
19157,18008,547707,585.0,235.13222222222223
19158,18008,549593,162.5,235.13222222222223
19159,18008,550940,615.0,235.13222222222223
19160,18008,554060,380.0,235.13222222222223
19161,18008,554061,17.0,235.13222222222223
19162,18008,568380,42.5,235.13222222222223
19163,18008,569145,8.280000000000001,235.13222222222223
19164,18009,550467,257.34,257.34
19165,18010,547912,174.8,174.8
19166,18011,536597,102.78999999999999,102.78999999999999
19167,18013,559318,177.21,93.64500000000001
19168,18013,559319,10.08,93.64500000000001
19169,18014,575904,166.42,166.42
19170,18015,580678,120.03,120.03
19171,18016,538363,156.65,296.712
19172,18016,542584,168.1,296.712
19173,18016,555645,164.01,296.712
19174,18016,568328,624.55,296.712
19175,18016,574880,370.25,296.712
19176,18017,543016,165.0,174.33333333333334
19177,18017,557940,179.0,174.33333333333334
19178,18017,567354,179.0,174.33333333333334
19179,18018,554485,37.45,61.07
19180,18018,564200,84.69,61.07
19181,18019,571836,38.45,38.45
19182,18022,574481,668.11,668.11
19183,18024,559539,337.58,194.89
19184,18024,559541,52.2,194.89
19185,18027,565249,115.31,115.31
19186,18030,573282,121.1,115.32499999999999
19187,18030,580713,109.55,115.32499999999999
19188,18032,540544,73.5,73.5
19189,18033,569714,97.97,97.97
19190,18034,577230,158.53,211.44
19191,18034,577252,264.35,211.44
19192,18035,573142,439.06,243.46666666666667
19193,18035,573144,51.78,243.46666666666667
19194,18035,574479,239.56,243.46666666666667
19195,18036,549368,110.8,135.20666666666668
19196,18036,564639,143.74,135.20666666666668
19197,18036,574893,151.08,135.20666666666668
19198,18037,538519,31.3,11.67
19199,18037,541815,8.25,11.67
19200,18037,548506,3.9,11.67
19201,18037,550337,2.1,11.67
19202,18037,551469,15.27,11.67
19203,18037,559472,9.2,11.67
19204,18040,549303,239.0,178.6
19205,18040,577538,118.2,178.6
19206,18041,536634,193.78,199.20904761904762
19207,18041,536637,235.16,199.20904761904762
19208,18041,538051,205.35,199.20904761904762
19209,18041,540359,377.7,199.20904761904762
19210,18041,541500,145.23,199.20904761904762
19211,18041,543009,128.68,199.20904761904762
19212,18041,544700,271.68,199.20904761904762
19213,18041,545550,148.49,199.20904761904762
19214,18041,547381,201.39,199.20904761904762
19215,18041,548448,225.49,199.20904761904762
19216,18041,549436,113.89,199.20904761904762
19217,18041,551858,128.01,199.20904761904762
19218,18041,552657,256.15999999999997,199.20904761904762
19219,18041,556240,105.0,199.20904761904762
19220,18041,560551,109.01,199.20904761904762
19221,18041,564725,239.11,199.20904761904762
19222,18041,567970,134.17,199.20904761904762
19223,18041,569025,356.75,199.20904761904762
19224,18041,574143,120.0,199.20904761904762
19225,18041,576861,220.94,199.20904761904762
19226,18041,579103,267.4,199.20904761904762
19227,18042,571352,165.05,165.05
19228,18043,537772,316.46,186.50333333333333
19229,18043,553488,135.35,186.50333333333333
19230,18043,576540,107.7,186.50333333333333
19231,18044,538812,74.25,208.85999999999999
19232,18044,545233,72.12,208.85999999999999
19233,18044,548003,289.25,208.85999999999999
19234,18044,548892,124.15,208.85999999999999
19235,18044,554375,245.92,208.85999999999999
19236,18044,554670,77.52,208.85999999999999
19237,18044,558098,222.32,208.85999999999999
19238,18044,566559,431.96999999999997,208.85999999999999
19239,18044,574088,340.2,208.85999999999999
19240,18044,580670,210.9,208.85999999999999
19241,18045,572668,189.4,189.4
19242,18048,554050,168.49,86.14500000000001
19243,18048,554052,3.8,86.14500000000001
19244,18050,539032,74.4,74.4
19245,18053,569014,300.02,300.02
19246,18055,537044,431.45,678.419
19247,18055,537446,569.03,678.419
19248,18055,539196,750.64,678.419
19249,18055,542795,336.90999999999997,678.419
19250,18055,544565,306.0,678.419
19251,18055,553942,968.5,678.419
19252,18055,562205,310.33,678.419
19253,18055,567128,1233.01,678.419
19254,18055,573501,1014.55,678.419
19255,18055,580304,863.77,678.419
19256,18056,544908,363.65,363.65
19257,18058,579526,170.16,170.16
19258,18059,569240,124.08,102.15333333333332
19259,18059,572893,95.78,102.15333333333332
19260,18059,576878,86.6,102.15333333333332
19261,18061,537796,405.16,211.94099999999997
19262,18061,541706,304.02,211.94099999999997
19263,18061,544600,108.15,211.94099999999997
19264,18061,549297,213.8,211.94099999999997
19265,18061,553403,159.49,211.94099999999997
19266,18061,556439,147.75,211.94099999999997
19267,18061,559661,213.7,211.94099999999997
19268,18061,564203,241.44,211.94099999999997
19269,18061,569569,233.5,211.94099999999997
19270,18061,577179,92.4,211.94099999999997
19271,18062,540263,169.79999999999998,240.17333333333332
19272,18062,551546,316.12,240.17333333333332
19273,18062,557306,234.6,240.17333333333332
19274,18064,550497,408.0,407.0
19275,18064,561858,406.0,407.0
19276,18065,538263,228.12,170.91642857142855
19277,18065,538268,116.89999999999999,170.91642857142855
19278,18065,544903,405.03000000000003,170.91642857142855
19279,18065,551813,224.78,170.91642857142855
19280,18065,551814,95.8,170.91642857142855
19281,18065,551815,77.1,170.91642857142855
19282,18065,556196,62.04,170.91642857142855
19283,18065,556197,202.38,170.91642857142855
19284,18065,566668,53.550000000000004,170.91642857142855
19285,18065,566669,466.09,170.91642857142855
19286,18065,566670,17.4,170.91642857142855
19287,18065,580386,188.9,170.91642857142855
19288,18065,580387,116.39,170.91642857142855
19289,18065,580388,138.35,170.91642857142855
19290,18066,568205,318.0,318.0
19291,18067,573407,396.33,396.33
19292,18068,544805,101.7,101.7
19293,18069,541262,297.66,407.334
19294,18069,550512,391.9,407.334
19295,18069,556495,304.31,407.334
19296,18069,566451,788.1,407.334
19297,18069,576071,254.7,407.334
19298,18071,537896,258.95,226.5
19299,18071,547846,194.05,226.5
19300,18072,555744,247.44,247.44
19301,18073,554844,63.0,323.12666666666667
19302,18073,554944,178.07999999999998,323.12666666666667
19303,18073,555871,263.16,323.12666666666667
19304,18073,556767,454.68,323.12666666666667
19305,18073,556885,17.7,323.12666666666667
19306,18073,558233,339.26,323.12666666666667
19307,18073,558234,65.4,323.12666666666667
19308,18073,559205,246.36,323.12666666666667
19309,18073,559206,128.16,323.12666666666667
19310,18073,560826,512.9399999999999,323.12666666666667
19311,18073,562222,832.5,323.12666666666667
19312,18073,563561,776.28,323.12666666666667
19313,18074,536384,489.6,489.6
19314,18075,538710,198.95,261.175
19315,18075,541996,333.08,261.175
19316,18075,543483,78.62,261.175
19317,18075,545234,256.84999999999997,261.175
19318,18075,547496,261.68,261.175
19319,18075,553850,141.54,261.175
19320,18075,558383,282.23,261.175
19321,18075,564535,404.8,261.175
19322,18075,570590,300.02,261.175
19323,18075,576838,353.98,261.175
19324,18077,537685,204.87,239.36454545454546
19325,18077,539463,191.46,239.36454545454546
19326,18077,541997,315.13,239.36454545454546
19327,18077,551218,167.92,239.36454545454546
19328,18077,557279,233.89,239.36454545454546
19329,18077,563021,255.74,239.36454545454546
19330,18077,564726,301.93,239.36454545454546
19331,18077,571748,212.72,239.36454545454546
19332,18077,573069,158.15,239.36454545454546
19333,18077,574590,335.86,239.36454545454546
19334,18077,580064,255.34,239.36454545454546
19335,18078,547826,197.94,168.065
19336,18078,552196,138.19,168.065
19337,18079,550272,1612.83,912.9925
19338,18079,562457,593.35,912.9925
19339,18079,572732,964.99,912.9925
19340,18079,572733,480.79999999999995,912.9925
19341,18080,549591,841.5,615.75
19342,18080,577596,390.0,615.75
19343,18081,561714,113.25,114.48333333333335
19344,18081,563831,94.80000000000001,114.48333333333335
19345,18081,574305,135.4,114.48333333333335
19346,18082,576212,703.37,703.37
19347,18084,578286,90.48,90.48
19348,18085,536423,303.9,344.975
19349,18085,541112,386.05,344.975
19350,18086,546247,101.34,101.34
19351,18087,544612,3202.92,2027.8600000000001
19352,18087,565377,852.8,2027.8600000000001
19353,18088,570230,167.67,167.67
19354,18092,537887,1485.72,824.3872727272727
19355,18092,539564,756.12,824.3872727272727
19356,18092,539858,610.8,824.3872727272727
19357,18092,541106,259.2,824.3872727272727
19358,18092,551062,884.4,824.3872727272727
19359,18092,556016,452.4,824.3872727272727
19360,18092,556019,221.4,824.3872727272727
19361,18092,563166,1181.44,824.3872727272727
19362,18092,566617,1304.04,824.3872727272727
19363,18092,573778,1350.9,824.3872727272727
19364,18092,581135,561.84,824.3872727272727
19365,18093,543594,852.92,526.63
19366,18093,543998,264.59999999999997,526.63
19367,18093,563029,899.36,526.63
19368,18093,565914,89.64,526.63
19369,18094,544471,504.72,431.04285714285714
19370,18094,550283,639.48,431.04285714285714
19371,18094,551951,633.0,431.04285714285714
19372,18094,561352,416.9,431.04285714285714
19373,18094,561353,208.2,431.04285714285714
19374,18094,567193,570.0,431.04285714285714
19375,18094,567194,45.0,431.04285714285714
19376,18095,540809,374.75,290.025
19377,18095,542707,205.3,290.025
19378,18096,570093,148.66,303.71666666666664
19379,18096,571046,474.05,303.71666666666664
19380,18096,579135,288.44,303.71666666666664
19381,18097,539628,182.52,449.6333333333334
19382,18097,540001,474.66,449.6333333333334
19383,18097,553685,799.38,449.6333333333334
19384,18097,562453,234.54,449.6333333333334
19385,18097,562455,320.3,449.6333333333334
19386,18097,580164,686.4,449.6333333333334
19387,18099,562388,168.31,168.31
19388,18101,560557,110.23,111.825
19389,18101,579155,113.42,111.825
19390,18102,537657,9639.12,4327.621666666667
19391,18102,537658,395.76,4327.621666666667
19392,18102,537659,15885.49,4327.621666666667
19393,18102,538063,1914.24,4327.621666666667
19394,18102,543378,4379.76,4327.621666666667
19395,18102,543379,6155.72,4327.621666666667
19396,18102,545466,1396.0,4327.621666666667
19397,18102,547812,5513.32,4327.621666666667
19398,18102,550711,1196.96,4327.621666666667
19399,18102,553368,8895.66,4327.621666666667
19400,18102,553470,5410.0599999999995,4327.621666666667
19401,18102,553471,2462.26,4327.621666666667
19402,18102,553473,254.88,4327.621666666667
19403,18102,553474,276.48,4327.621666666667
19404,18102,553475,866.4,4327.621666666667
19405,18102,555920,10999.52,4327.621666666667
19406,18102,556255,16488.0,4327.621666666667
19407,18102,556723,3060.4,4327.621666666667
19408,18102,556725,2496.0,4327.621666666667
19409,18102,556726,8915.52,4327.621666666667
19410,18102,558775,7786.0,4327.621666666667
19411,18102,558776,5496.0,4327.621666666667
19412,18102,560646,2365.91,4327.621666666667
19413,18102,560648,710.25,4327.621666666667
19414,18102,561655,6591.6,4327.621666666667
19415,18102,562541,985.9200000000001,4327.621666666667
19416,18102,565291,4913.52,4327.621666666667
19417,18102,566931,5725.0,4327.621666666667
19418,18102,566933,1465.6,4327.621666666667
19419,18102,566934,13249.94,4327.621666666667
19420,18102,566935,6870.0,4327.621666666667
19421,18102,566936,4351.0,4327.621666666667
19422,18102,567747,389.76,4327.621666666667
19423,18102,567785,1074.0,4327.621666666667
19424,18102,567803,3877.56,4327.621666666667
19425,18102,567806,452.84,4327.621666666667
19426,18102,567852,4117.4,4327.621666666667
19427,18102,567860,295.96000000000004,4327.621666666667
19428,18102,568717,2748.0,4327.621666666667
19429,18102,568718,91.6,4327.621666666667
19430,18102,569255,5164.66,4327.621666666667
19431,18102,569257,2350.98,4327.621666666667
19432,18102,569263,4849.1,4327.621666666667
19433,18102,569343,7298.76,4327.621666666667
19434,18102,569362,1023.96,4327.621666666667
19435,18102,569365,1094.71,4327.621666666667
19436,18102,569366,647.52,4327.621666666667
19437,18102,569539,557.76,4327.621666666667
19438,18102,572196,7398.54,4327.621666666667
19439,18102,572197,89.28,4327.621666666667
19440,18102,572209,22206.0,4327.621666666667
19441,18102,574341,4557.6,4327.621666666667
19442,18102,574352,5292.72,4327.621666666667
19443,18102,574355,85.32000000000001,4327.621666666667
19444,18102,574363,5028.76,4327.621666666667
19445,18102,574383,80.60000000000001,4327.621666666667
19446,18102,579139,286.08,4327.621666666667
19447,18102,581455,652.28,4327.621666666667
19448,18102,581457,10363.82,4327.621666666667
19449,18102,581566,469.44,4327.621666666667
19450,18104,574054,754.64,754.64
19451,18105,574016,113.47999999999999,113.47999999999999
19452,18106,541205,430.7,430.7
19453,18108,548334,271.0,271.0
19454,18109,537046,277.45,309.7296153846154
19455,18109,538366,275.3,309.7296153846154
19456,18109,540172,138.98,309.7296153846154
19457,18109,540940,214.18,309.7296153846154
19458,18109,541486,129.51,309.7296153846154
19459,18109,543529,178.15,309.7296153846154
19460,18109,547709,279.73,309.7296153846154
19461,18109,548698,259.6,309.7296153846154
19462,18109,549750,113.25,309.7296153846154
19463,18109,553913,456.57,309.7296153846154
19464,18109,554995,161.71,309.7296153846154
19465,18109,556475,417.33000000000004,309.7296153846154
19466,18109,557287,340.58000000000004,309.7296153846154
19467,18109,560094,408.22,309.7296153846154
19468,18109,561064,136.60000000000002,309.7296153846154
19469,18109,562430,270.52,309.7296153846154
19470,18109,563908,399.59000000000003,309.7296153846154
19471,18109,566198,393.85,309.7296153846154
19472,18109,568661,311.37,309.7296153846154
19473,18109,569965,397.63,309.7296153846154
19474,18109,572303,314.6,309.7296153846154
19475,18109,575215,285.0,309.7296153846154
19476,18109,578834,524.74,309.7296153846154
19477,18109,580316,660.84,309.7296153846154
19478,18109,580356,15.0,309.7296153846154
19479,18109,581281,692.67,309.7296153846154
19480,18110,577503,236.3,236.3
19481,18112,558101,196.64,176.345
19482,18112,578952,156.05,176.345
19483,18113,537360,76.32,76.32
19484,18114,544659,220.1,220.1
19485,18116,538248,139.68,177.25375
19486,18116,539243,172.2,177.25375
19487,18116,539988,353.69,177.25375
19488,18116,544303,161.95,177.25375
19489,18116,548711,201.01,177.25375
19490,18116,550459,189.98,177.25375
19491,18116,550643,35.96,177.25375
19492,18116,569254,163.56,177.25375
19493,18117,576213,320.71999999999997,320.71999999999997
19494,18118,537126,475.86,217.45461538461538
19495,18118,538250,132.65,217.45461538461538
19496,18118,541485,290.8,217.45461538461538
19497,18118,543309,245.64,217.45461538461538
19498,18118,543668,133.0,217.45461538461538
19499,18118,545349,172.6,217.45461538461538
19500,18118,546466,370.53,217.45461538461538
19501,18118,547649,368.92,217.45461538461538
19502,18118,547895,113.14,217.45461538461538
19503,18118,548563,125.63,217.45461538461538
19504,18118,549543,197.5,217.45461538461538
19505,18118,551739,141.94,217.45461538461538
19506,18118,552821,248.02,217.45461538461538
19507,18118,553351,311.7,217.45461538461538
19508,18118,555631,191.60999999999999,217.45461538461538
19509,18118,557210,265.05,217.45461538461538
19510,18118,557976,158.99,217.45461538461538
19511,18118,560125,136.68,217.45461538461538
19512,18118,566171,161.43,217.45461538461538
19513,18118,568046,193.64,217.45461538461538
19514,18118,571654,137.53,217.45461538461538
19515,18118,572192,312.79,217.45461538461538
19516,18118,572856,106.14,217.45461538461538
19517,18118,575756,159.57,217.45461538461538
19518,18118,577438,209.31,217.45461538461538
19519,18118,579301,293.15,217.45461538461538
19520,18119,537567,181.12,181.12
19521,18120,552448,111.15,111.15
19522,18121,559424,649.85,336.55
19523,18121,559901,23.25,336.55
19524,18122,559774,119.19,304.36833333333334
19525,18122,567077,201.94,304.36833333333334
19526,18122,571280,442.88,304.36833333333334
19527,18122,574444,198.47,304.36833333333334
19528,18122,577058,421.97,304.36833333333334
19529,18122,580054,441.76,304.36833333333334
19530,18123,575083,323.47999999999996,294.71999999999997
19531,18123,576587,265.96,294.71999999999997
19532,18125,542393,556.46,285.7475
19533,18125,544304,175.75,285.7475
19534,18125,554083,212.93,285.7475
19535,18125,575603,197.85,285.7475
19536,18126,570333,206.83,206.83
19537,18127,561697,139.6,116.24333333333334
19538,18127,577508,185.34,116.24333333333334
19539,18127,577534,23.79,116.24333333333334
19540,18129,549564,112.55,112.55
19541,18130,571104,313.86,353.13000000000005
19542,18130,575740,455.91,353.13000000000005
19543,18130,578532,289.62,353.13000000000005
19544,18133,552833,931.5,931.5
19545,18135,555359,109.82,136.382
19546,18135,567489,123.65,136.382
19547,18135,573917,147.0,136.382
19548,18135,575038,171.84,136.382
19549,18135,575727,129.6,136.382
19550,18136,541949,288.99,261.4433333333333
19551,18136,552948,311.86,261.4433333333333
19552,18136,570196,183.48,261.4433333333333
19553,18138,544317,152.65,152.65
19554,18139,577745,461.4,1406.39
19555,18139,577754,2675.2799999999997,1406.39
19556,18139,577772,689.52,1406.39
19557,18139,577783,2786.4,1406.39
19558,18139,577816,1090.92,1406.39
19559,18139,577845,734.82,1406.39
19560,18142,552276,282.48,509.76
19561,18142,559023,737.04,509.76
19562,18143,560807,480.18,500.08000000000004
19563,18143,563256,519.98,500.08000000000004
19564,18144,536536,165.04999999999998,240.72916666666666
19565,18144,538831,337.6,240.72916666666666
19566,18144,542079,157.4,240.72916666666666
19567,18144,546677,363.4,240.72916666666666
19568,18144,551150,159.1,240.72916666666666
19569,18144,551151,134.4,240.72916666666666
19570,18144,552827,288.7,240.72916666666666
19571,18144,559131,202.1,240.72916666666666
19572,18144,563938,357.8,240.72916666666666
19573,18144,567913,176.2,240.72916666666666
19574,18144,575191,315.0,240.72916666666666
19575,18144,580264,232.0,240.72916666666666
19576,18145,542662,609.01,715.3875
19577,18145,553762,414.77,715.3875
19578,18145,566561,1079.47,715.3875
19579,18145,578858,758.3,715.3875
19580,18146,551720,76.65,80.175
19581,18146,560976,83.69999999999999,80.175
19582,18147,564148,98.88,89.67
19583,18147,572616,80.46000000000001,89.67
19584,18149,546382,227.78,204.02666666666664
19585,18149,552284,321.9,204.02666666666664
19586,18149,572036,62.4,204.02666666666664
19587,18150,554067,227.57999999999998,188.85999999999999
19588,18150,561008,185.7,188.85999999999999
19589,18150,574933,153.3,188.85999999999999
19590,18151,544688,312.55,326.675
19591,18151,561601,340.8,326.675
19592,18154,572960,220.49,199.595
19593,18154,580988,178.7,199.595
19594,18155,544481,113.93,123.87333333333333
19595,18155,557743,152.63,123.87333333333333
19596,18155,568178,105.06,123.87333333333333
19597,18156,537133,206.23000000000002,367.47
19598,18156,578926,528.71,367.47
19599,18158,566304,343.8,226.7
19600,18158,579840,109.6,226.7
19601,18159,543754,530.15,530.15
19602,18160,554281,318.55,319.03
19603,18160,571103,319.51,319.03
19604,18161,541947,301.53,323.738
19605,18161,548550,244.79,323.738
19606,18161,560992,224.94,323.738
19607,18161,569826,385.43,323.738
19608,18161,578653,462.0,323.738
19609,18164,574038,399.65,399.65
19610,18165,556908,302.46,302.46
19611,18167,564626,498.48,461.62000000000006
19612,18167,574523,390.6,461.62000000000006
19613,18167,576859,495.78,461.62000000000006
19614,18168,536836,263.3,194.99
19615,18168,538935,186.64,194.99
19616,18168,543600,194.35,194.99
19617,18168,546855,218.82999999999998,194.99
19618,18168,553911,191.67,194.99
19619,18168,557126,115.14999999999999,194.99
19620,18169,570332,202.65,202.65
19621,18170,552217,304.21,326.77
19622,18170,563858,351.3,326.77
19623,18170,574717,324.8,326.77
19624,18171,540554,240.45000000000002,246.262
19625,18171,550250,224.14,246.262
19626,18171,558483,219.82999999999998,246.262
19627,18171,565199,309.89,246.262
19628,18171,570698,237.0,246.262
19629,18172,544717,649.02,378.084
19630,18172,544792,1329.3600000000001,378.084
19631,18172,548534,269.62,378.084
19632,18172,551000,159.2,378.084
19633,18172,552454,652.8,378.084
19634,18172,553021,600.36,378.084
19635,18172,553022,59.8,378.084
19636,18172,560087,326.4,378.084
19637,18172,561618,263.32,378.084
19638,18172,562393,1019.44,378.084
19639,18172,565208,305.96,378.084
19640,18172,566848,326.4,378.084
19641,18172,567907,336.16,378.084
19642,18172,567908,75.6,378.084
19643,18172,574466,335.72,378.084
19644,18172,574467,41.6,378.084
19645,18172,574468,47.6,378.084
19646,18172,575207,339.72,378.084
19647,18172,575208,15.6,378.084
19648,18172,578704,408.0,378.084
19649,18173,546216,853.48,526.71
19650,18173,550635,423.36,526.71
19651,18173,554496,452.0,526.71
19652,18173,566649,378.0,526.71
19653,18174,580371,104.0,104.0
19654,18176,539281,476.34999999999997,476.34999999999997
19655,18177,547986,169.05,223.57000000000002
19656,18177,550803,225.05,223.57000000000002
19657,18177,550824,8.25,223.57000000000002
19658,18177,553908,311.3,223.57000000000002
19659,18177,558927,324.17,223.57000000000002
19660,18177,575132,303.6,223.57000000000002
19661,18178,538260,300.65,397.7025
19662,18178,543123,333.3,397.7025
19663,18178,551734,465.99,397.7025
19664,18178,562131,490.87,397.7025
19665,18179,540472,335.8,298.8616666666667
19666,18179,541370,287.1,298.8616666666667
19667,18179,548317,270.26,298.8616666666667
19668,18179,548649,210.0,298.8616666666667
19669,18179,571444,469.43,298.8616666666667
19670,18179,579848,220.57999999999998,298.8616666666667
19671,18180,560603,300.65,307.2916666666667
19672,18180,561219,301.2,307.2916666666667
19673,18180,566431,303.36,307.2916666666667
19674,18180,567383,301.15,307.2916666666667
19675,18180,570593,326.65999999999997,307.2916666666667
19676,18180,580539,310.73,307.2916666666667
19677,18181,576600,382.8,382.8
19678,18183,546165,312.8,316.03499999999997
19679,18183,551161,319.27,316.03499999999997
19680,18184,578622,49.8,49.8
19681,18185,548861,304.25,304.25
19682,18188,544663,426.6,667.0133333333333
19683,18188,568058,1181.68,667.0133333333333
19684,18188,578661,392.76,667.0133333333333
19685,18189,546784,633.1,545.12
19686,18189,568051,457.14,545.12
19687,18190,541004,171.46,142.23000000000002
19688,18190,555113,113.0,142.23000000000002
19689,18191,547494,207.8,207.8
19690,18192,568792,957.97,957.97
19691,18193,558204,243.76,243.76
19692,18194,567172,973.84,973.84
19693,18196,544677,450.78,344.565
19694,18196,565648,238.35,344.565
19695,18198,540467,300.54,319.1505882352941
19696,18198,542927,303.56,319.1505882352941
19697,18198,544912,303.22,319.1505882352941
19698,18198,546860,316.82,319.1505882352941
19699,18198,548337,284.67,319.1505882352941
19700,18198,550182,331.28,319.1505882352941
19701,18198,550657,302.56,319.1505882352941
19702,18198,551889,306.71999999999997,319.1505882352941
19703,18198,553416,422.28,319.1505882352941
19704,18198,554055,303.46000000000004,319.1505882352941
19705,18198,555512,325.67999999999995,319.1505882352941
19706,18198,557804,311.52,319.1505882352941
19707,18198,559001,300.8,319.1505882352941
19708,18198,564902,314.28000000000003,319.1505882352941
19709,18198,568883,376.64,319.1505882352941
19710,18198,575140,303.08,319.1505882352941
19711,18198,580679,318.45,319.1505882352941
19712,18200,564553,163.8,163.8
19713,18202,542893,485.73,465.66333333333336
19714,18202,554415,747.24,465.66333333333336
19715,18202,554421,164.02,465.66333333333336
19716,18203,559018,160.42000000000002,160.42000000000002
19717,18204,555124,549.43,664.5666666666666
19718,18204,563937,817.89,664.5666666666666
19719,18204,568991,626.38,664.5666666666666
19720,18205,568239,225.76,258.68
19721,18205,574251,291.6,258.68
19722,18209,575847,139.1,139.1
19723,18210,546877,142.4,436.8966666666667
19724,18210,571913,1258.37,436.8966666666667
19725,18210,575493,321.37,436.8966666666667
19726,18210,577161,280.3,436.8966666666667
19727,18210,579527,441.04,436.8966666666667
19728,18210,581251,177.9,436.8966666666667
19729,18211,545686,137.9,120.01400000000001
19730,18211,561280,130.8,120.01400000000001
19731,18211,566769,151.5,120.01400000000001
19732,18211,573032,130.67,120.01400000000001
19733,18211,576080,49.2,120.01400000000001
19734,18212,541414,248.42,248.42
19735,18213,550303,232.48,232.48
19736,18215,566300,299.34000000000003,299.34000000000003
19737,18216,575164,481.75,481.75
19738,18217,569036,317.9,310.875
19739,18217,575624,303.85,310.875
19740,18218,545518,309.38,331.03999999999996
19741,18218,552960,352.7,331.03999999999996
19742,18219,537239,210.19,206.977
19743,18219,538815,179.87,206.977
19744,18219,544176,94.31,206.977
19745,18219,550487,200.32,206.977
19746,18219,552357,227.62,206.977
19747,18219,558038,200.47,206.977
19748,18219,558039,68.5,206.977
19749,18219,559906,185.85,206.977
19750,18219,573145,460.27,206.977
19751,18219,581099,242.37,206.977
19752,18220,551184,305.28,305.28
19753,18221,552977,234.47,208.32200000000003
19754,18221,556009,302.54,208.32200000000003
19755,18221,563382,169.85,208.32200000000003
19756,18221,569932,171.8,208.32200000000003
19757,18221,577062,162.95,208.32200000000003
19758,18222,565934,443.0,443.0
19759,18223,539293,501.69,463.18142857142857
19760,18223,541279,635.8,463.18142857142857
19761,18223,541708,19.5,463.18142857142857
19762,18223,545014,502.85,463.18142857142857
19763,18223,545675,15.0,463.18142857142857
19764,18223,548529,490.99,463.18142857142857
19765,18223,553572,591.65,463.18142857142857
19766,18223,557476,342.11,463.18142857142857
19767,18223,557477,33.75,463.18142857142857
19768,18223,560577,471.27,463.18142857142857
19769,18223,565413,431.73,463.18142857142857
19770,18223,569691,480.43,463.18142857142857
19771,18223,573420,1389.05,463.18142857142857
19772,18223,580543,578.72,463.18142857142857
19773,18224,547099,158.95,158.95
19774,18225,538125,30.0,459.0933333333333
19775,18225,543367,438.82,459.0933333333333
19776,18225,547052,171.75,459.0933333333333
19777,18225,547247,440.28999999999996,459.0933333333333
19778,18225,553915,587.21,459.0933333333333
19779,18225,559918,488.4,459.0933333333333
19780,18225,563733,574.31,459.0933333333333
19781,18225,567148,1188.18,459.0933333333333
19782,18225,573027,533.1800000000001,459.0933333333333
19783,18225,576906,616.48,459.0933333333333
19784,18225,577311,110.22,459.0933333333333
19785,18225,580909,330.28000000000003,459.0933333333333
19786,18226,540259,417.3,475.27727272727276
19787,18226,548006,428.05,475.27727272727276
19788,18226,549574,329.05,475.27727272727276
19789,18226,551289,720.92,475.27727272727276
19790,18226,554668,317.6,475.27727272727276
19791,18226,555740,387.42,475.27727272727276
19792,18226,558750,450.81,475.27727272727276
19793,18226,561517,533.08,475.27727272727276
19794,18226,562965,666.8,475.27727272727276
19795,18226,567190,484.52,475.27727272727276
19796,18226,572882,492.5,475.27727272727276
19797,18227,552167,93.75,93.75
19798,18228,567579,420.39,389.95
19799,18228,571121,359.51,389.95
19800,18229,536586,344.2,363.84499999999997
19801,18229,537700,309.0,363.84499999999997
19802,18229,541136,359.9,363.84499999999997
19803,18229,544353,359.79999999999995,363.84499999999997
19804,18229,547034,361.4,363.84499999999997
19805,18229,549991,348.4,363.84499999999997
19806,18229,551946,307.0,363.84499999999997
19807,18229,554579,469.0,363.84499999999997
19808,18229,556079,351.2,363.84499999999997
19809,18229,557631,410.34000000000003,363.84499999999997
19810,18229,560188,322.2,363.84499999999997
19811,18229,561054,426.22,363.84499999999997
19812,18229,563895,495.4,363.84499999999997
19813,18229,565805,348.0,363.84499999999997
19814,18229,566627,327.0,363.84499999999997
19815,18229,569082,313.8,363.84499999999997
19816,18229,570825,323.74,363.84499999999997
19817,18229,574890,414.6,363.84499999999997
19818,18229,577744,368.59999999999997,363.84499999999997
19819,18229,579013,317.1,363.84499999999997
19820,18230,543598,464.82,401.45714285714286
19821,18230,548611,386.21999999999997,401.45714285714286
19822,18230,553383,403.26,401.45714285714286
19823,18230,557291,388.98,401.45714285714286
19824,18230,565756,503.08,401.45714285714286
19825,18230,575688,343.8,401.45714285714286
19826,18230,579678,320.03999999999996,401.45714285714286
19827,18231,544822,291.0,416.654
19828,18231,546729,233.75,416.654
19829,18231,549915,429.25,416.654
19830,18231,550439,458.25,416.654
19831,18231,555108,671.02,416.654
19832,18232,554838,107.85,148.2425
19833,18232,555000,263.13,148.2425
19834,18232,558970,129.64,148.2425
19835,18232,567287,92.35,148.2425
19836,18233,541426,440.0,440.0
19837,18235,552180,430.46,598.8266666666667
19838,18235,563073,319.34,598.8266666666667
19839,18235,568780,1046.68,598.8266666666667
19840,18236,549920,123.2,147.04
19841,18236,555654,181.3,147.04
19842,18236,559306,171.45,147.04
19843,18236,562112,165.24,147.04
19844,18236,567529,132.55,147.04
19845,18236,575492,108.5,147.04
19846,18237,561617,323.38,197.42000000000002
19847,18237,563170,243.20999999999998,197.42000000000002
19848,18237,566175,158.96,197.42000000000002
19849,18237,569664,135.8,197.42000000000002
19850,18237,581130,125.75,197.42000000000002
19851,18239,536833,438.09999999999997,312.322
19852,18239,541813,424.32,312.322
19853,18239,542636,56.1,312.322
19854,18239,547695,176.38,312.322
19855,18239,551960,466.71,312.322
19856,18240,572462,422.58,422.58
19857,18241,552045,365.83,121.9464705882353
19858,18241,557012,62.4,121.9464705882353
19859,18241,558332,59.599999999999994,121.9464705882353
19860,18241,561393,165.0,121.9464705882353
19861,18241,562140,95.85,121.9464705882353
19862,18241,562718,169.39999999999998,121.9464705882353
19863,18241,563243,57.0,121.9464705882353
19864,18241,563451,104.7,121.9464705882353
19865,18241,564067,39.9,121.9464705882353
19866,18241,564398,86.1,121.9464705882353
19867,18241,565153,143.8,121.9464705882353
19868,18241,567525,109.56,121.9464705882353
19869,18241,568312,184.78,121.9464705882353
19870,18241,570504,125.85000000000001,121.9464705882353
19871,18241,571510,131.18,121.9464705882353
19872,18241,572139,54.6,121.9464705882353
19873,18241,579619,117.53999999999999,121.9464705882353
19874,18242,552555,314.26,558.1225
19875,18242,554946,379.82,558.1225
19876,18242,568658,312.92,558.1225
19877,18242,568676,1225.49,558.1225
19878,18245,539477,365.73,366.72285714285715
19879,18245,542647,439.18,366.72285714285715
19880,18245,552880,340.34,366.72285714285715
19881,18245,552881,161.04,366.72285714285715
19882,18245,559909,330.92,366.72285714285715
19883,18245,559910,35.6,366.72285714285715
19884,18245,580311,894.25,366.72285714285715
19885,18246,550782,232.9,298.05
19886,18246,576668,363.2,298.05
19887,18248,555642,496.46000000000004,402.01
19888,18248,562732,307.56,402.01
19889,18249,578058,95.34,95.34
19890,18250,543010,349.27,349.27
19891,18251,566595,4314.72,4314.72
19892,18252,557601,69.89999999999999,263.335
19893,18252,572058,456.77,263.335
19894,18255,566265,103.3,103.3
19895,18257,544182,328.4,292.20374999999996
19896,18257,544636,35.4,292.20374999999996
19897,18257,553418,357.4,292.20374999999996
19898,18257,557961,214.4,292.20374999999996
19899,18257,563569,627.27,292.20374999999996
19900,18257,569358,517.53,292.20374999999996
19901,18257,569359,14.85,292.20374999999996
19902,18257,573587,242.38,292.20374999999996
19903,18259,537813,376.29999999999995,779.5333333333333
19904,18259,566917,891.9,779.5333333333333
19905,18259,576521,1070.4,779.5333333333333
19906,18260,539315,230.7,440.53333333333336
19907,18260,540539,557.07,440.53333333333336
19908,18260,546561,548.75,440.53333333333336
19909,18260,549947,451.58,440.53333333333336
19910,18260,553575,427.97,440.53333333333336
19911,18260,557431,427.13,440.53333333333336
19912,18261,565461,224.79999999999998,162.12
19913,18261,573113,99.44,162.12
19914,18262,561010,149.48,149.48
19915,18263,548616,307.6,404.3866666666667
19916,18263,559174,503.8,404.3866666666667
19917,18263,576092,401.76,404.3866666666667
19918,18265,558887,488.55,400.755
19919,18265,568680,312.96,400.755
19920,18268,561680,25.5,25.5
19921,18269,537817,168.6,168.6
19922,18270,546985,111.95,141.57500000000002
19923,18270,573893,171.20000000000002,141.57500000000002
19924,18272,549185,639.82,513.0966666666667
19925,18272,551507,340.72,513.0966666666667
19926,18272,559813,753.66,513.0966666666667
19927,18272,563680,372.25,513.0966666666667
19928,18272,572617,604.25,513.0966666666667
19929,18272,581126,367.88,513.0966666666667
19930,18273,547843,51.0,68.0
19931,18273,565480,102.0,68.0
19932,18273,581136,51.0,68.0
19933,18274,575485,175.92,175.92
19934,18276,572990,335.86,335.86
19935,18277,570859,110.38000000000001,110.38000000000001
19936,18278,568492,173.9,173.9
19937,18280,545712,180.6,180.6
19938,18281,556464,80.82,80.82
19939,18282,562525,100.21,89.025
19940,18282,580173,77.84,89.025
19941,18283,540350,108.45,130.93
19942,18283,541854,106.55,130.93
19943,18283,545079,102.89999999999999,130.93
19944,18283,550957,117.67999999999999,130.93
19945,18283,554157,99.47,130.93
19946,18283,556731,103.72,130.93
19947,18283,557956,203.81,130.93
19948,18283,560025,140.69,130.93
19949,18283,560032,2.5,130.93
19950,18283,565579,134.9,130.93
19951,18283,573093,114.65,130.93
19952,18283,575668,112.35,130.93
19953,18283,575675,1.95,130.93
19954,18283,578262,313.65,130.93
19955,18283,579673,223.61,130.93
19956,18283,580872,208.0,130.93
19957,18287,554065,765.28,612.4266666666666
19958,18287,570715,1001.3199999999999,612.4266666666666
19959,18287,573167,70.67999999999999,612.4266666666666
