CustomerID,TotalSpent,NumOrders,AvgOrderValue
,1755276.64,1428,13.27542459537135
14646,280206.02,73,134.97399807321773
18102,259657.3,60,602.45313225058
17450,194550.79,46,577.3020474777448
16446,168472.5,2,56157.5
14911,143825.06,201,25.343622907488985
12415,124914.53,21,174.95032212885152
14156,117379.63,55,83.84259285714286
17511,91062.38,31,94.5611422637591
16029,81024.84,63,334.813388429752
12346,77183.6,1,77183.6
16684,66653.56,28,240.6265703971119
14096,65164.79,17,12.749909998043435
13694,65039.62,50,114.50637323943663
15311,60767.9,91,25.543463640184953
13089,58825.83,97,32.35744224422442
17949,58510.48,45,835.864
15769,56252.72,26,432.7132307692308
15061,54534.14,48,135.32044665012407
14298,51527.3,44,31.476664630421503
14088,50491.81,13,85.7246349745331
15749,44534.3,3,4453.43
12931,42055.96,15,512.8775609756098
17841,40991.57,124,5.223852427679368
15098,39916.5,3,13305.5
13798,37153.85,57,106.4580229226361
16013,37130.6,47,267.126618705036
16422,34684.4,51,93.99566395663958
12748,33719.73,209,7.338352557127313
15838,33643.08,19,201.45556886227547
17404,31906.82,15,161.14555555555555
17389,31833.68,34,149.45389671361502
13098,28882.44,28,50.49377622377622
14680,28754.11,16,111.45003875968993
13081,28337.38,11,27.67322265625
13408,28117.04,62,58.82225941422595
17857,26879.04,23,497.76
16333,26626.8,22,591.7066666666667
13777,25977.16,33,131.86375634517768
12753,21429.39,6,108.77862944162436
12744,21279.29,7,95.85265765765766
16210,21086.3,18,171.43333333333334
17675,20374.28,31,28.89968794326241
17381,20275.61,29,186.01477064220185
15039,19914.44,47,13.25861517976032
12471,19824.05,30,43.09576086956522
12731,18895.91,12,68.96317518248175
15159,18641.01,30,26.25494366197183
12901,17654.54,28,152.19431034482758
12678,17628.46,12,106.83915151515151
14031,17286.86,19,69.14744
17428,17256.85,28,52.61234756097561
13767,17220.36,37,46.79445652173913
13881,17159.52,20,96.40179775280899
16839,16594.35,34,62.38477443609022
12921,16587.09,37,23.037625
14607,16569.5,14,192.66860465116278
15856,16387.57,27,25.40708527131783
17677,16363.23,30,53.82641447368421
15189,16225.39,41,76.53485849056604
14051,15610.39,23,74.33519047619048
15513,14758.22,19,47.9162987012987
16133,14589.039999999999,33,43.162840236686385
14866,14389.9,12,145.35252525252525
16705,14034.99,20,51.98144444444444
12681,13787.54,22,21.610564263322885
12621,13689.67,20,29.31406852248394
12540,13400.24,17,28.03397489539749
12433,13375.87,7,31.847309523809525
15498,13316.4,27,26.00859375
12477,13219.74,6,44.065799999999996
17735,13110.02,19,19.000028985507246
16525,13027.45,26,71.18825136612023
14258,12669.98,9,114.14396396396396
13078,12627.94,26,35.27357541899441
12536,12601.830000000002,3,48.282873563218395
15640,12515.66,15,25.858801652892563
16000,12393.7,3,1377.0777777777778
17340,12353.29,11,30.352063882063884
12682,12288.22,31,23.406133333333333
13113,12245.96,24,61.2298
14606,12156.65,93,4.502462962962963
12557,11990.960000000001,5,363.36242424242425
12939,11581.8,8,246.42127659574467
15125,11528.48,15,90.77543307086614
14194,11349.52,21,19.601934369602763
12971,11189.91,86,36.68822950819672
14895,11138.71,20,22.3668875502008
12409,11072.67,3,101.58412844036697
15482,11054.96,12,112.80571428571427
17581,11045.039999999999,25,25.102363636363634
13319,10845.55,26,22.784768907563024
17107,10815.43,6,25.874234449760767
13340,10736.48,7,80.12298507462687
14769,10674.75,8,9.79334862385321
17139,10668.47,12,22.31897489539749
16779,10629.72,22,31.92108108108108
17865,10526.32,20,28.449513513513512
17706,10504.49,17,27.498664921465966
15251,10484.99,11,94.45936936936937
14062,10464.85,12,94.27792792792793
15615,10399.74,23,24.585673758865248
15502,10384.93,12,48.75553990610329
16180,10254.18,8,63.29740740740741
16843,10196.57,16,26.97505291005291
12590,9864.26,2,145.06264705882353
13001,9818.82,13,28.964070796460177
13199,9817.12,38,82.49680672268909
15078,9743.11,32,22.14343181818182
12709,9736.52,15,46.81019230769231
13458,9646.57,14,25.252801047120418
14733,9585.91,12,47.455
16523,9418.47,21,32.47748275862069
12567,9401.28,10,21.079103139013455
14367,9261.52,16,17.67465648854962
14667,9241.2,25,16.127748691099477
18092,9068.26,11,101.89056179775281
13969,9053.94,18,14.463162939297126
12451,9035.52,5,25.524067796610172
13488,8968.31,13,21.25191943127962
13090,8910.82,14,57.48916129032258
16033,8816.4,20,7.754089709762533
17017,8694.26,20,34.50103174603175
17243,8676.85,26,21.692125
17306,8631.31,19,130.77742424242425
16656,8625.8,15,118.16164383561643
14527,8508.82,55,8.753930041152262
12683,8476.57,15,24.641191860465117
18139,8438.34,6,53.07132075471698
15358,8347.2,22,15.149183303085302
16558,8338.49,20,18.127152173913043
14056,8214.65,23,7.427350813743218
14936,8137.02,8,22.35445054945055
16672,8134.94,20,71.35912280701754
13854,8109.5199999999995,25,73.72290909090908
14952,8099.49,11,58.69195652173913
18109,8052.97,26,18.13731981981982
14796,8022.49,17,7.031104294478528
12428,7956.46,9,27.062789115646257
15290,7943.22,18,38.93735294117647
14849,7930.54,25,20.439536082474227
12757,7857.1,13,21.178167115902966
17811,7837.73,39,9.210023501762631
13093,7832.47,8,49.260817610062894
12435,7829.889999999999,2,217.49694444444444
13629,7792.36,11,132.07389830508475
15044,7700.2300000000005,17,16.998300220750554
15194,7616.53,15,24.569451612903226
18172,7561.68,20,40.00888888888889
13263,7454.07,35,4.444883720930233
12474,7375.79,18,17.395731132075472
12980,7374.9,9,368.745
15465,7354.62,18,75.82082474226804
17396,7330.8,8,271.5111111111111
12583,7281.38,15,29.47927125506073
13018,7277.7,28,15.890174672489083
18229,7276.9,20,44.37134146341463
16923,7247.61,19,10.785133928571428
16729,7239.92,21,10.969575757575758
16745,7194.3,17,20.152100840336136
16873,7123.62,6,25.53268817204301
13324,7121.95,10,94.95933333333333
13985,7060.13,15,20.229598853868197
14961,7044.68,9,22.579102564102566
12766,6989.63,7,22.547193548387096
12798,6977.04,3,872.13
12989,6924.11,15,108.18921875
16713,6923.13,15,11.094759615384616
13027,6912.0,6,265.84615384615387
16187,6911.44,15,23.428610169491524
17416,6893.42,7,25.626096654275095
12705,6868.29,9,20.56374251497006
12476,6816.42,11,29.255021459227468
12830,6814.64,6,179.33263157894737
15023,6802.76,11,12.104555160142349
18055,6784.19,10,18.84497222222222
15601,6776.56,14,16.52819512195122
16652,6773.97,7,57.406525423728816
16532,6748.8,3,1687.2
13576,6717.34,18,53.312222222222225
16746,6697.66,18,14.91683741648107
15249,6688.46,13,19.109885714285713
16353,6675.71,23,71.0181914893617
17338,6643.93,8,8.8232802124834
12626,6620.48,9,22.51863945578231
16182,6617.65,4,236.34464285714284
15144,6580.44,17,30.324608294930872
12472,6572.11,7,19.386755162241887
16814,6509.1,21,20.089814814814815
12431,6487.45,15,27.606170212765957
18223,6484.54,14,23.840220588235294
15694,6479.4,14,83.06923076923077
13225,6463.84,7,201.995
13102,6424.09,24,21.131875
13871,6403.25,13,19.057291666666668
12359,6372.58,4,25.695887096774193
13668,6363.59,21,13.539553191489363
13709,6328.05,13,18.833482142857143
15005,6316.57,28,5.6448346738159065
17315,6292.26,38,13.302875264270613
16126,6287.77,4,53.741623931623934
14057,6217.96,17,21.894225352112677
12357,6207.67,1,47.38679389312977
14060,6140.42,19,30.39811881188119
13418,6127.43,18,20.156019736842108
17509,6115.14,8,16.708032786885248
15939,6115.01,15,80.46065789473684
14735,6065.69,32,31.26644329896907
12637,6021.9,8,15.440769230769229
13097,6010.42,10,14.209030732860521
13316,5977.73,4,68.70954022988505
14101,5976.79,6,170.76542857142857
15382,5955.71,6,19.7208940397351
14505,5905.64,8,7.391289111389237
14415,5900.28,13,10.000474576271186
14944,5900.25,12,34.707352941176474
13209,5891.61,8,18.35392523364486
13534,5870.08,25,19.83135135135135
13050,5836.86,17,14.483523573200992
12720,5781.73,25,16.332570621468925
15218,5756.89,11,34.680060240963854
17686,5739.46,7,20.06804195804196
13178,5725.47,11,21.60554716981132
16553,5719.82,12,68.09309523809523
13468,5704.97,37,18.89062913907285
14110,5683.15,12,36.66548387096774
14049,5681.72,4,11.642868852459017
17049,5659.9800000000005,9,17.79867924528302
17716,5655.99,11,23.085673469387753
13004,5655.91,18,13.999777227722772
18118,5653.82,26,4.420500390930414
14688,5630.87,21,17.219785932721713
17757,5605.29,30,7.564493927125506
12481,5596.32,10,25.789493087557602
12839,5591.42,14,17.80707006369427
16767,5580.6,11,25.13783783783784
16161,5575.56,19,11.762784810126583
12539,5568.35,4,20.396886446886448
15805,5528.48,17,18.36704318936877
18225,5509.12,12,20.328856088560887
16609,5493.46,7,19.903840579710145
16985,5464.12,10,45.53433333333333
16265,5447.0,9,21.112403100775193
18198,5425.56,17,34.12301886792453
12490,5417.93,10,22.114
17809,5411.91,12,88.71983606557377
16701,5398.3,13,37.488194444444446
17719,5396.04,15,19.693576642335767
17850,5391.21,34,18.15222222222222
16303,5360.63,3,33.09030864197531
13269,5346.23,15,16.918449367088606
15150,5314.47,10,15.494081632653062
17730,5298.48,13,24.304954128440365
17061,5232.23,11,52.85080808080808
18226,5228.05,11,21.603512396694217
12362,5226.23,10,19.647481203007516
15046,5213.7699999999995,15,25.309563106796116
16258,5203.51,5,38.54451851851852
13756,5189.52,14,36.54591549295775
16191,5180.5199999999995,13,38.66059701492537
15727,5178.96,7,17.14887417218543
17858,5155.66,12,25.9078391959799
13599,5153.67,21,20.86506072874494
15903,5126.76,7,69.28054054054054
13941,5112.96,5,113.62133333333334
17602,5102.97,6,9.11244642857143
16700,5076.55,13,16.482305194805196
14562,5074.7699999999995,18,11.997092198581559
15301,5070.35,12,20.865637860082305
13139,5064.9400000000005,7,29.793764705882356
12432,5059.32,5,46.845555555555556
15719,5045.61,13,5.384855923159018
17426,5037.26,6,18.58767527675277
14329,5014.84,7,19.362316602316604
14755,5010.28,11,21.320340425531914
12444,5005.46,5,28.440113636363638
15032,4959.1,3,95.3673076923077
15547,4954.84,14,7.058176638176638
12437,4951.41,18,24.88145728643216
12700,4939.99,4,18.432798507462685
15786,4932.2,3,18.47265917602996
14709,4921.04,13,25.10734693877551
17133,4892.24,7,181.19407407407405
12664,4881.88,9,131.94270270270272
12688,4873.81,1,28.50181286549708
14292,4871.93,9,48.719300000000004
17652,4867.72,12,18.794285714285714
15738,4812.42,16,27.817456647398846
13013,4810.94,13,21.967762557077624
15555,4805.17,16,5.345016685205784
17365,4801.56,8,10.259743589743591
15298,4799.9,12,24.999479166666664
15187,4777.18,16,52.49648351648352
17690,4757.95,15,18.5857421875
12955,4757.16,11,26.428666666666665
14180,4748.5199999999995,25,19.7855
15152,4745.69,13,17.511771217712177
16722,4730.81,13,21.025822222222224
12714,4708.86,5,18.18092664092664
14159,4693.01,11,3.8978488372093025
14135,4690.31,15,35.00231343283583
14191,4684.76,13,18.08787644787645
15291,4668.3,15,45.32330097087379
14189,4654.08,15,17.56256603773585
14390,4652.82,9,16.268601398601398
14286,4628.75,3,16.53125
16931,4604.22,21,5.127193763919822
13802,4599.42,3,76.657
15093,4597.02,6,42.565000000000005
14004,4582.64,7,26.799064327485382
17613,4559.15,14,14.612660256410255
17068,4552.14,21,15.378851351351353
12484,4541.72,6,13.126358381502891
13267,4521.49,19,21.428862559241704
15299,4507.01,7,643.8585714285715
17975,4488.81,13,15.16489864864865
12524,4485.72,8,31.150833333333335
14426,4481.67,10,20.007455357142856
16984,4481.35,2,11.010687960687962
17364,4481.18,11,10.903114355231144
12627,4478.53,7,19.47186956521739
14085,4448.54,18,9.885644444444445
14534,4447.05,18,8.56849710982659
13069,4436.12,24,10.437929411764706
15955,4416.26,14,24.13256830601093
16626,4413.1,17,24.65418994413408
15874,4405.88,7,36.71566666666667
12712,4396.13,13,33.053609022556394
13505,4393.63,4,20.435488372093022
12752,4366.78,1,82.3920754716981
16945,4345.5,19,17.451807228915662
14016,4341.21,4,26.964037267080744
14800,4339.74,12,11.272051948051947
14525,4332.2,9,14.887285223367696
17567,4331.48,8,26.251393939393935
18251,4314.72,1,269.67
12347,4310.0,7,23.681318681318682
15034,4308.61,8,10.935558375634518
17937,4301.22,7,100.02837209302326
14422,4263.64,6,19.205585585585588
12500,4257.82,11,69.80032786885245
17419,4226.57,12,20.517330097087378
14277,4216.2,3,18.738666666666667
15804,4206.39,13,16.05492366412214
17920,4204.1,17,6.040373563218392
15971,4199.85,12,119.9957142857143
12747,4196.01,11,40.737961165048546
14146,4191.0,5,19.957142857142856
18041,4183.39,21,8.863114406779662
12949,4167.22,8,19.382418604651164
15570,4165.5199999999995,12,12.896346749226005
16549,4154.64,10,4.235107033639144
13384,4151.93,7,27.315328947368425
13555,4149.28,4,30.50941176470588
13988,4147.96,6,17.726324786324785
15514,4139.46,11,23.255393258426967
12569,4124.69,32,21.939840425531912
16592,4113.68,16,19.044814814814817
17940,4106.4400000000005,10,216.1284210526316
17377,4100.92,20,9.810813397129186
16401,4098.32,12,22.033978494623653
16670,4095.9,11,16.25357142857143
12749,4090.88,5,20.55718592964824
14092,4076.91,14,19.050981308411213
12449,4067.29,4,21.294712041884818
18087,4055.7200000000003,2,2027.8600000000001
14401,4051.48,13,22.26087912087912
12656,4051.17,5,32.152142857142856
12867,4036.82,7,7.503382899628253
13815,4027.36,4,22.882727272727273
12841,4022.35,25,9.577023809523808
12957,4017.54,8,16.880420168067225
12378,4008.62,1,18.30420091324201
14547,4007.54,8,10.949562841530055
16186,4006.94,12,18.38045871559633
17769,3997.98,10,12.896709677419356
15529,3995.23,11,5.945282738095238
17001,3989.57,11,23.606923076923078
15416,3984.32,4,20.75166666666667
17611,3984.22,15,6.9170486111111105
12779,3981.36,8,26.72053691275168
12727,3980.7,7,28.638129496402875
14299,3965.62,9,27.73160839160839
13523,3964.88,5,23.051627906976744
13183,3957.7799999999997,9,42.10404255319148
17651,3945.0,10,17.004310344827587
12473,3938.55,5,23.44375
17593,3927.34,5,18.438215962441316
14739,3902.28,7,65.038
13999,3901.81,12,18.758701923076924
14291,3883.25,11,16.385021097046412
18073,3877.52,12,53.11671232876712
13124,3866.33,3,16.452468085106382
15195,3861.0,1,3861.0
16717,3858.38,6,19.38884422110553
12662,3849.7799999999997,11,16.73817391304348
16327,3844.22,6,12.050846394984326
13266,3834.2599999999998,12,20.504064171122995
17091,3827.76,9,19.629538461538463
15867,3812.64,15,8.270368763557483
12755,3811.9500000000003,2,952.9875000000001
12597,3811.22,4,18.50106796116505
13435,3809.89,7,37.72168316831683
12668,3807.15,4,23.64689440993789
16145,3799.49,11,16.96200892857143
16655,3794.52,6,14.538390804597702
16168,3787.6,27,38.648979591836735
16019,3786.24,9,23.663999999999998
12562,3781.7400000000002,7,22.510357142857146
17173,3766.6,8,43.79767441860465
16904,3754.27,16,5.287704225352113
12429,3750.4,4,38.66391752577319
17238,3744.65,17,6.615989399293286
14145,3742.2,4,340.2
13552,3740.07,12,34.31256880733945
16570,3738.4,10,29.66984126984127
15808,3734.9700000000003,4,17.95658653846154
14282,3729.34,15,23.906025641025643
12502,3723.87,5,25.332448979591835
12647,3722.82,12,30.76710743801653
13680,3722.42,4,19.089333333333332
16240,3718.8,2,27.546666666666667
14364,3717.35,8,53.87463768115942
15845,3711.77,8,26.896884057971015
15622,3709.56,9,20.051675675675675
13148,3707.12,12,11.621065830721003
17819,3704.87,7,77.18479166666667
15379,3703.29,7,19.089123711340207
12553,3692.28,10,19.33130890052356
16253,3683.86,2,29.95008130081301
15581,3679.9700000000003,13,24.69778523489933
15296,3672.86,6,18.932268041237116
18079,3651.97,4,28.75566929133858
13137,3650.41,8,5.185241477272727
12417,3649.1,9,19.005729166666665
16712,3645.43,11,8.155324384787471
13426,3641.32,10,23.193121019108283
12619,3641.24,9,40.45822222222222
16440,3640.67,5,12.91017730496454
13381,3639.31,6,21.15877906976744
17230,3638.41,8,52.73057971014492
14543,3630.33,16,50.42125
17528,3628.5,8,14.34189723320158
13327,3627.77,8,33.59046296296296
13520,3624.35,6,38.97150537634408
17576,3622.68,19,8.814306569343065
14040,3614.92,12,15.38263829787234
13082,3613.63,9,49.50178082191781
15505,3610.96,5,37.22639175257732
15113,3609.33,3,36.0933
16242,3603.21,7,12.255816326530612
15484,3594.31,4,19.118670212765956
14132,3586.0299999999997,11,17.930149999999998
17203,3563.85,6,23.446381578947367
17491,3558.87,10,32.65018348623853
15544,3546.71,9,13.693861003861004
12370,3545.69,4,21.231676646706585
14503,3543.26,6,21.605243902439025
13448,3539.37,6,18.150615384615385
13334,3536.82,3,13.197089552238806
12454,3528.34,1,235.22266666666667
17160,3518.03,6,15.362576419213974
13953,3515.68,7,175.784
16360,3512.53,6,5.305936555891239
14395,3507.71,9,10.02202857142857
16131,3506.54,6,44.95564102564102
14907,3501.1,7,21.21878787878788
16458,3482.7400000000002,18,17.241287128712873
13993,3466.36,9,28.647603305785125
13014,3466.28,10,31.800733944954132
17758,3456.7,8,8.39004854368932
15410,3450.84,8,28.285573770491805
13536,3448.29,7,19.264189944134078
15129,3447.4,11,41.04047619047619
15974,3442.15,7,19.557670454545455
17725,3439.08,11,17.911875
15676,3435.7599999999998,3,17.008712871287127
14221,3432.8,9,17.78652849740933
12406,3415.2999999999997,2,32.526666666666664
15981,3408.48,8,35.13896907216495
13437,3408.06,7,20.40754491017964
17669,3406.72,7,50.09882352941176
13198,3401.24,6,15.049734513274336
15228,3386.71,4,27.09368
13842,3385.62,9,16.43504854368932
15708,3364.2400000000002,7,11.68138888888889
16011,3362.71,16,15.86183962264151
14227,3350.96,10,19.148342857142858
16818,3349.57,11,17.81686170212766
16607,3347.71,14,19.46343023255814
17183,3347.31,6,45.85356164383562
13015,3346.2799999999997,5,19.012954545454544
12643,3344.64,6,139.35999999999999
12613,3344.38,5,21.858692810457516
12594,3338.22,10,28.29
16556,3313.79,7,16.008647342995168
13373,3312.25,3,20.963607594936708
14841,3295.76,6,23.88231884057971
14702,3292.14,17,9.487435158501441
15632,3285.31,8,19.67251497005988
12480,3281.63,4,21.309285714285714
15764,3279.97,6,18.222055555555553
17723,3276.4,6,327.64
13952,3251.07,2,23.904926470588236
13047,3237.54,10,18.822906976744186
15443,3236.91,7,8.473586387434555
17050,3228.84,6,10.217848101265822
14175,3222.3,3,21.626174496644296
13880,3219.77,13,19.513757575757577
13268,3214.69,11,7.306113636363636
14388,3212.84,8,17.273333333333333
16107,3204.16,7,103.36
17220,3198.25,14,6.775953389830509
13868,3192.54,2,96.74363636363637
17685,3191.5299999999997,7,24.55023076923077
13758,3190.55,7,27.26965811965812
14844,3189.81,4,24.537
12456,3181.04,3,25.44832
17672,3178.17,2,28.892454545454545
17231,3174.32,10,5.867504621072089
16837,3170.98,11,19.218060606060607
16041,3166.4,3,527.7333333333333
15861,3165.36,8,5.797362637362638
17863,3160.0,6,21.35135135135135
15065,3158.13,4,20.37503225806452
14235,3144.86,5,39.80835443037975
13742,3131.02,12,9.753956386292835
16156,3122.04,9,24.01569230769231
13685,3119.44,7,79.98564102564103
16326,3110.96,14,9.752225705329154
16678,3109.99,12,19.07969325153374
13869,3104.95,4,10.11384364820847
14099,3104.17,11,12.41668
16905,3102.43,7,14.915528846153846
15491,3100.09,6,20.130454545454548
14257,3099.72,5,29.24264150943396
14565,3099.12,4,24.40251968503937
13135,3096.0,1,3096.0
17059,3095.04,5,5.9981395348837205
13362,3090.74,4,18.6189156626506
15998,3089.97,5,6.106660079051383
16218,3084.68,7,36.72238095238095
18272,3078.58,6,18.54566265060241
12910,3075.04,8,41.00053333333333
13631,3070.42,11,279.1290909090909
16686,3062.83,7,5.235606837606838
14456,3062.4,9,3.1571134020618556
17799,3055.93,10,7.490024509803921
16940,3049.88,3,9.99960655737705
16393,3046.21,13,9.230939393939394
16709,3029.87,5,38.35278481012658
12598,3023.08,8,22.902121212121212
12395,3018.63,12,19.350192307692307
18094,3017.3,7,43.104285714285716
12754,3010.7400000000002,3,47.789523809523814
12916,3006.15,4,28.094859813084113
15521,3000.2,8,16.217297297297296
17659,2999.46,12,18.98392405063291
17504,2997.03,9,23.598661417322838
12670,2996.05,5,32.56576086956522
14307,2995.72,6,16.642888888888887
15687,2993.1,9,18.030722891566263
14639,2984.49,6,17.351686046511627
13451,2976.15,5,6.718171557562077
14032,2975.59,11,20.80832167832168
15854,2974.65,12,21.247500000000002
16497,2965.69,6,21.80654411764706
17924,2962.5,7,95.56451612903226
14868,2953.59,8,20.511041666666667
17084,2949.75,2,18.208333333333332
17444,2940.04,3,21.778074074074073
16316,2938.91,8,19.46298013245033
14530,2925.91,6,13.54587962962963
17512,2924.9900000000002,10,27.85704761904762
15606,2920.16,9,37.92415584415584
12906,2919.81,5,46.34619047619047
14112,2915.15,7,18.2196875
12438,2906.85,2,29.66173469387755
17644,2895.64,11,18.443566878980892
18144,2888.75,12,67.18023255813954
12408,2888.55,5,27.51
13735,2885.2400000000002,4,14.72061224489796
16633,2883.1,6,18.967763157894737
15673,2881.02,4,18.587225806451613
14251,2879.7,5,36.919230769230765
17728,2876.0099999999998,3,17.430363636363634
14005,2874.72,5,34.22285714285714
15628,2870.24,9,18.517677419354836
14711,2868.8,11,8.035854341736695
13901,2867.2,5,19.242953020134227
14535,2864.19,3,8.679363636363636
12685,2863.08,6,18.236178343949042
18145,2861.55,4,12.94819004524887
16928,2847.6,17,13.62488038277512
15984,2837.67,10,10.50988888888889
14852,2836.69,6,19.83699300699301
14572,2832.84,7,10.492
17596,2827.93,7,10.473814814814814
14842,2824.69,4,19.480620689655172
13174,2817.03,3,8.971433121019109
16871,2812.34,6,20.528029197080293
12356,2811.43,3,47.65135593220339
14903,2810.63,5,7.917267605633803
18230,2810.2,7,32.67674418604651
13230,2806.97,14,4.5940589198036
16081,2806.9,5,12.365198237885464
16764,2799.25,13,3.9649433427762037
15993,2797.57,7,5.068061594202899
13769,2796.5099999999998,10,20.714888888888886
12578,2794.51,2,24.51324561403509
12758,2791.59,2,28.779278350515465
17739,2791.35,7,59.39042553191489
14626,2791.27,4,22.87926229508197
17213,2781.23,7,17.71484076433121
12388,2780.66,6,27.8066
14121,2780.15,4,17.485220125786164
17838,2779.3,5,22.969421487603306
13870,2770.94,8,24.095130434782607
15356,2766.5,10,5.330443159922929
15114,2760.56,10,14.012994923857867
14854,2759.83,7,21.730944881889762
13971,2758.2599999999998,8,18.51181208053691
15321,2748.31,3,28.92957894736842
12669,2744.0299999999997,3,27.168613861386135
14808,2741.17,8,11.664553191489363
14125,2740.43,3,16.409760479041914
15696,2736.46,8,16.002690058479534
16938,2736.38,4,11.354273858921163
16003,2735.37,5,26.556990291262135
12840,2726.77,4,24.13070796460177
12380,2724.81,4,26.200096153846154
12708,2712.91,10,17.27968152866242
15796,2711.56,8,20.38766917293233
17069,2709.7,9,18.94895104895105
13285,2709.12,4,14.487272727272726
13654,2707.33,6,16.30921686746988
14107,2703.23,7,21.977479674796747
14732,2702.49,8,18.384285714285713
18097,2697.8,6,24.97962962962963
17386,2686.42,6,95.94357142857143
12625,2683.82,2,31.207209302325584
17346,2676.56,15,5.35312
13883,2674.48,5,18.834366197183098
14713,2666.36,11,7.865368731563422
12360,2662.06,3,20.63612403100775
14439,2661.2400000000002,1,83.16375000000001
15671,2657.13,7,34.065769230769234
12721,2656.13,6,16.497701863354038
13851,2651.46,3,32.73407407407407
16618,2647.59,5,27.579062500000003
18260,2643.2,6,19.725373134328358
13658,2639.17,5,24.43675925925926
17655,2638.94,7,28.99934065934066
15752,2637.38,7,6.41698296836983
13804,2635.79,7,19.23934306569343
13771,2634.45,4,22.138235294117646
12520,2634.2599999999998,5,17.33065789473684
17402,2633.85,13,44.641525423728815
18077,2633.01,11,11.599162995594714
13422,2626.3,1,20.67952755905512
13644,2624.26,4,17.974383561643837
17965,2622.57,14,7.971337386018238
18210,2621.38,6,19.562537313432838
16255,2619.91,8,9.70337037037037
14262,2618.23,8,18.3093006993007
13021,2616.38,9,19.97236641221374
15782,2614.74,3,60.80790697674418
14397,2612.96,19,30.034022988505747
12836,2612.86,4,14.930628571428572
18075,2611.75,10,18.392605633802816
12726,2609.1,7,21.041129032258063
16241,2607.87,13,3.939380664652568
13136,2607.61,5,20.53236220472441
14408,2606.53,7,24.360093457943925
13983,2603.43,12,24.3311214953271
17317,2600.34,3,288.9266666666667
12600,2599.04,10,40.61
16919,2596.45,11,7.940214067278287
13895,2593.07,4,21.975169491525424
14243,2588.77,10,18.360070921985816
15033,2586.67,10,5.071901960784314
13911,2580.91,9,17.43858108108108
14546,2578.09,5,6.4613784461152886
16912,2575.38,11,25.49881188118812
15485,2575.0,3,29.941860465116278
18245,2567.06,7,14.668914285714285
16308,2560.0,4,640.0
15572,2552.86,7,11.873767441860466
14334,2552.21,8,15.754382716049383
14701,2549.37,9,7.610059701492537
14676,2548.24,6,60.67238095238095
13344,2543.72,3,21.37579831932773
14776,2538.2999999999997,11,21.694871794871794
17700,2534.64,4,17.84957746478873
13471,2531.58,4,9.736846153846153
14659,2529.93,9,9.999723320158102
17314,2527.92,8,19.297099236641223
13975,2526.28,6,7.474201183431953
17449,2520.86,7,9.10057761732852
13394,2520.02,8,16.258193548387098
15245,2515.84,3,28.267865168539327
15271,2507.07,15,9.149890510948905
12352,2506.04,8,29.482823529411764
13695,2504.13,15,27.823666666666668
12517,2502.84,5,8.812816901408452
15932,2495.87,8,21.703217391304346
16477,2494.46,7,17.085342465753424
12483,2484.98,8,33.133066666666664
12913,2483.63,5,49.6726
16710,2483.04,10,6.1767164179104475
14315,2481.13,6,24.565643564356435
13507,2479.16,4,15.303456790123455
13588,2478.95,9,14.246839080459768
17682,2474.33,6,20.968898305084746
17188,2474.23,7,29.455119047619046
14766,2473.37,6,18.321259259259257
14502,2470.67,11,3.9594070512820516
17164,2467.35,7,17.134375
12455,2466.86,6,27.409555555555556
15750,2465.48,8,8.414607508532423
17131,2463.17,5,18.38186567164179
13784,2462.79,11,79.44483870967741
15674,2446.6,5,21.46140350877193
14163,2445.91,4,47.036730769230765
15527,2429.78,8,14.906625766871167
17071,2429.03,9,17.350214285714287
13949,2427.3199999999997,6,15.170749999999998
16143,2424.94,6,20.725982905982907
17722,2424.04,4,21.078608695652175
15089,2420.84,6,16.69544827586207
15373,2415.91,12,18.302348484848483
12397,2409.9,2,19.126190476190477
17589,2404.17,4,9.502648221343874
15980,2398.86,3,55.78744186046512
18065,2392.83,14,17.465912408759124
13141,2388.75,5,17.694444444444443
15370,2386.05,7,25.383510638297874
17530,2385.0,10,6.053299492385787
14493,2383.24,5,19.860333333333333
14554,2381.04,4,11.023333333333333
14239,2380.85,11,21.257589285714285
15270,2379.49,7,58.03634146341463
13722,2375.41,3,27.945999999999998
17434,2373.82,7,17.715074626865672
14930,2372.86,3,18.53796875
13908,2369.55,4,19.42254098360656
15755,2364.25,6,16.7677304964539
12457,2363.23,7,38.11661290322581
17634,2361.97,9,7.952760942760942
14030,2360.09,8,9.712304526748971
14440,2357.68,5,42.86690909090909
15140,2354.25,7,29.428125
14309,2352.53,9,20.10709401709402
12704,2340.84,8,26.600454545454546
18259,2338.6,3,55.68095238095238
12584,2338.15,9,24.355729166666666
18257,2337.63,8,19.81042372881356
17954,2332.72,12,4.809731958762886
15281,2332.15,9,16.778057553956835
12782,2330.92,5,22.630291262135923
15785,2328.9700000000003,5,28.059879518072293
17313,2328.84,1,97.03500000000001
17744,2322.4,6,17.076470588235296
17211,2317.22,8,10.98208530805687
14290,2314.65,5,22.917326732673267
15365,2314.32,7,20.301052631578948
13994,2313.14,6,14.923483870967742
13704,2308.06,9,17.224328358208954
15288,2306.52,5,26.210454545454546
16735,2300.56,5,18.40448
16550,2298.97,5,9.159243027888445
15105,2298.93,7,22.76168316831683
13115,2294.78,4,19.12316666666667
15704,2293.62,4,19.603589743589744
12615,2291.19,4,21.820857142857143
13527,2287.51,7,10.257892376681616
17696,2285.71,8,19.875739130434784
12684,2283.63,7,21.748857142857144
16782,2279.9,13,11.999473684210527
13317,2273.68,6,18.336129032258064
17768,2273.18,3,21.64933333333333
14466,2272.4,7,31.561111111111114
13700,2265.12,10,11.498071065989848
16057,2263.12,7,18.703471074380165
16209,2262.62,5,49.18739130434783
14432,2255.5099999999998,6,5.904476439790575
16293,2248.99,10,19.05923728813559
17442,2248.56,6,16.656
15235,2247.51,12,15.716853146853149
16771,2246.81,5,8.811019607843138
15665,2242.0099999999998,2,19.327672413793103
14211,2241.1,9,20.009821428571428
16743,2238.09,7,11.717748691099477
14560,2237.77,22,30.240135135135134
14700,2235.3,3,19.437391304347827
16076,2234.73,10,17.323488372093024
15834,2233.75,4,8.182234432234432
18242,2232.49,4,28.621666666666663
14226,2232.19,5,33.31626865671642
14825,2226.91,12,18.404214876033056
17591,2225.97,7,13.4094578313253
12783,2225.91,6,26.49892857142857
13365,2225.37,2,17.385703125
15722,2222.56,5,32.21101449275362
15811,2218.62,6,16.681353383458646
12876,2218.02,2,26.09435294117647
12653,2209.85,2,51.391860465116274
13862,2209.36,8,15.894676258992806
15797,2207.4,4,275.925
15179,2206.95,5,23.73064516129032
13831,2202.99,6,29.77013513513513
17406,2200.42,3,19.47274336283186
15123,2199.31,2,20.748207547169812
16628,2188.05,5,18.701282051282053
15394,2183.54,4,25.68870588235294
14341,2182.28,8,16.916899224806205
12856,2179.93,6,6.942452229299363
12909,2178.67,5,23.941428571428574
12501,2169.39,1,14.559664429530201
12633,2163.98,4,21.425544554455445
13755,2161.35,9,6.319736842105263
12935,2160.7,7,16.749612403100773
16456,2158.37,5,19.444774774774775
14407,2157.73,6,29.557945205479452
16379,2157.4,4,19.975925925925928
13224,2155.95,2,19.9625
16966,2154.9700000000003,7,76.9632142857143
17272,2148.63,4,18.847631578947368
14828,2139.76,3,125.86823529411765
12560,2134.0099999999998,3,20.32390476190476
17400,2129.96,5,9.99981220657277
13517,2128.42,3,15.09517730496454
14360,2128.23,4,18.035847457627117
16407,2126.93,10,12.365872093023254
14640,2125.08,6,20.047924528301888
15058,2124.99,11,7.699239130434782
13632,2121.27,5,14.529246575342466
18061,2119.41,10,46.0741304347826
18008,2116.19,9,70.53966666666666
14691,2114.33,5,29.779295774647885
13265,2107.66,5,23.1610989010989
18173,2106.84,4,67.9625806451613
18093,2106.52,4,58.51444444444444
14461,2103.06,3,11.683666666666666
14515,2102.09,6,20.812772277227726
17861,2100.8,8,9.463063063063064
15815,2100.6,5,42.86938775510204
13126,2099.64,8,14.997428571428571
12610,2099.54,5,19.80698113207547
16875,2095.53,5,18.710089285714286
17191,2095.13,7,8.840210970464135
18283,2094.88,16,2.771005291005291
14306,2093.32,2,63.4339393939394
17490,2092.32,7,27.530526315789476
13571,2092.32,12,6.1358357771261005
13297,2089.85,4,35.421186440677964
18044,2088.6,10,16.445669291338582
14810,2087.88,11,8.187764705882353
16954,2085.08,9,38.61259259259259
18231,2083.27,5,16.800564516129032
14696,2078.95,7,15.991923076923076
14209,2073.43,6,23.83252873563218
18241,2073.09,17,19.933557692307694
18219,2069.77,10,18.155877192982455
14482,2068.15,6,14.362152777777778
12948,2064.95,7,17.801293103448273
12928,2062.7,5,24.55595238095238
16281,2062.06,1,121.29764705882353
14409,2059.45,6,38.13796296296296
12518,2056.89,5,16.58782258064516
17667,2055.5099999999998,5,17.719913793103448
14188,2054.36,6,31.605538461538462
16150,2053.02,5,17.547179487179488
17086,2050.08,6,21.355
17612,2048.45,6,15.173703703703703
14232,2048.07,5,17.80930434782609
17625,2047.0,4,6.498412698412698
13495,2044.87,5,42.60145833333333
17597,2044.3700000000001,1,37.17036363636364
17090,2043.95,7,32.4436507936508
13450,2043.72,6,28.784788732394368
14001,2043.08,3,52.38666666666666
12585,2040.1,2,23.44942528735632
13593,2037.08,5,15.9146875
18069,2036.67,5,4.333340425531915
17846,2033.1,1,2033.1
13630,2031.78,7,28.61661971830986
16409,2028.88,5,8.745172413793103
17337,2027.8700000000001,4,3.7345672191528547
16358,2027.5,4,18.60091743119266
14544,2024.45,2,17.758333333333333
15341,2020.52,1,118.85411764705883
14506,2012.17,5,6.367626582278481
15531,2007.44,2,8.804561403508773
15372,2007.4,1,74.34814814814816
16098,2005.6299999999999,7,29.934776119402983
14730,2005.06,8,4.0021157684630735
14217,2004.98,17,20.0498
14462,2004.02,11,8.350083333333334
17082,2003.85,2,24.738888888888887
16754,2002.4,1,1001.2
15493,2001.8,5,6.74006734006734
18188,2001.04,3,28.183661971830986
13305,2000.86,10,24.701975308641973
16698,1998.0,2,399.6
17827,1995.46,5,9.070272727272727
18204,1993.7,3,9.9685
17679,1992.1100000000001,2,66.40366666666667
17088,1991.01,4,17.313130434782607
13246,1987.3,6,14.094326241134752
13590,1981.92,6,22.780689655172413
13725,1980.56,8,19.043846153846154
17422,1979.37,6,16.917692307692306
16341,1971.87,4,25.6087012987013
17997,1970.67,8,11.871506024096385
12674,1970.6,4,23.742168674698792
17790,1965.55,14,10.345
17218,1960.72,10,7.155912408759124
15351,1960.11,7,8.711599999999999
14498,1957.32,5,10.141554404145078
12853,1957.1,6,25.09102564102564
17554,1952.45,5,22.18693181818182
14533,1949.72,7,31.44709677419355
14653,1947.55,7,8.217510548523206
15814,1945.33,4,27.018472222222222
15518,1942.45,8,9.076869158878505
14418,1937.25,3,15.622983870967742
14472,1936.84,8,6.892669039145908
15864,1936.32,6,96.816
15157,1936.07,3,15.48856
12528,1933.48,6,21.01608695652174
14655,1932.23,4,39.43326530612245
14978,1931.42,5,8.941759259259259
16983,1931.25,7,13.048986486486486
13094,1927.32,12,80.30499999999999
16942,1920.5900000000001,9,6.834839857651246
15021,1914.82,9,4.056822033898305
17368,1912.67,8,17.231261261261263
14285,1910.01,4,70.74111111111111
16426,1908.25,10,5.129704301075269
17228,1906.09,8,9.16389423076923
14210,1905.84,6,18.68470588235294
15819,1905.45,4,15.491463414634147
14250,1904.05,3,17.153603603603603
12762,1898.52,2,27.51478260869565
17463,1896.41,5,8.820511627906978
17870,1894.35,12,6.7897849462365585
14934,1890.94,2,21.734942528735633
12371,1887.96,2,29.96761904761905
15641,1887.2,4,15.858823529411765
16170,1885.05,6,15.0804
13890,1883.81,10,17.125545454545453
16128,1880.22,5,21.126067415730336
17738,1879.05,4,19.371649484536082
15367,1877.59,4,19.764105263157894
17293,1875.1100000000001,9,13.889703703703704
16986,1873.2,2,624.4
13982,1871.81,4,16.863153153153153
16474,1871.5,7,5.198611111111111
17469,1870.97,5,21.261022727272728
16841,1869.82,6,16.119137931034484
14524,1867.68,9,9.20039408866995
17787,1865.19,4,13.919328358208956
16201,1863.47,4,16.78801801801802
14887,1862.0,1,310.3333333333333
12423,1859.31,8,14.87448
17873,1859.1599999999999,5,42.25363636363636
14305,1858.96,3,17.70438095238095
12963,1856.6299999999999,8,19.543473684210525
16979,1852.0,6,20.808988764044944
13421,1851.08,2,17.798846153846153
12383,1850.56,5,18.69252525252525
12381,1845.31,5,21.21045977011494
17519,1844.02,6,22.488048780487805
18180,1843.75,6,15.493697478991596
12950,1843.0,3,80.1304347826087
17015,1842.56,3,8.491059907834101
16102,1842.1399999999999,3,32.318245614035085
16455,1841.18,7,18.59777777777778
14113,1840.42,4,54.13
14216,1839.3,4,31.17457627118644
13924,1838.85,6,15.716666666666665
14459,1837.92,1,49.67351351351351
18287,1837.28,3,26.24685714285714
13650,1836.34,6,19.128541666666667
15827,1836.09,14,15.966
13048,1835.91,4,13.499338235294118
14665,1835.7,5,20.39666666666667
16152,1829.04,1,63.070344827586204
15203,1827.8,6,12.871830985915492
18122,1826.21,6,5.0170604395604395
17702,1824.37,4,24.653648648648648
16153,1824.23,5,20.496966292134832
17705,1823.52,9,17.70407766990291
16169,1822.97,4,21.44670588235294
17828,1820.09,4,27.1655223880597
17629,1814.12,8,14.748943089430893
15260,1810.77,7,23.516493506493507
13481,1804.56,5,16.55559633027523
17663,1802.91,7,20.96406976744186
15812,1801.14,5,43.930243902439024
16249,1800.07,5,26.08797101449275
13562,1799.3300000000002,3,21.943048780487807
13196,1797.78,4,16.343454545454545
17750,1797.57,9,9.313834196891191
17648,1797.5,4,19.752747252747252
12348,1797.24,4,57.97548387096774
18235,1796.48,3,17.273846153846154
13134,1793.58,4,18.301836734693875
18179,1793.17,6,19.924111111111113
13510,1791.56,4,15.578782608695652
16719,1790.42,7,8.907562189054726
12523,1789.77,11,16.884622641509434
14215,1789.72,6,16.57148148148148
14621,1788.36,5,19.438695652173912
13875,1786.79,5,17.180673076923078
14608,1785.15,4,89.25750000000001
14935,1784.71,1,178.471
15050,1782.09,3,22.84730769230769
16380,1780.59,1,55.6434375
15220,1778.96,6,15.204786324786324
17092,1777.78,4,14.22224
12645,1775.18,4,24.31753424657534
17754,1772.26,5,19.26369565217391
15594,1771.78,5,17.201747572815535
15473,1771.2,7,161.01818181818183
17813,1770.88,5,4.773261455525606
14387,1770.56,3,12.646857142857142
16681,1770.34,6,40.235
13456,1766.72,6,28.043174603174602
15950,1765.51,4,18.015408163265306
16751,1764.72,1,70.5888
12424,1760.96,2,58.69866666666667
12823,1759.5,5,351.9
12349,1757.55,1,24.076027397260273
15241,1756.44,8,15.967636363636364
16359,1750.92,9,26.52909090909091
13564,1749.02,3,21.07253012048193
13808,1747.66,5,22.995526315789476
15067,1744.76,3,21.277560975609756
13157,1741.22,4,20.014022988505747
14595,1740.6,6,17.06470588235294
17930,1740.48,5,44.62769230769231
17353,1740.0,2,217.5
17457,1737.7,5,91.4578947368421
14673,1736.4,5,23.464864864864865
17043,1735.18,4,17.01156862745098
16791,1721.78,7,5.3805625
17451,1721.3999999999999,7,17.214
14834,1720.3,6,25.676119402985073
15267,1717.36,5,156.12363636363636
17162,1715.46,10,16.494807692307692
13763,1714.96,1,114.33066666666667
17147,1714.59,4,21.167777777777776
14441,1712.8899999999999,4,33.58607843137255
12405,1710.3899999999999,1,31.673888888888886
15947,1708.24,1,58.9048275862069
12407,1708.12,5,22.18337662337662
16902,1706.88,1,38.79272727272728
15240,1706.57,5,21.879102564102563
16398,1705.8,2,20.802439024390242
17282,1703.41,3,18.121382978723407
12843,1702.26,8,16.526796116504855
16007,1701.94,4,4.420623376623377
13184,1701.29,10,9.39939226519337
17193,1699.3,7,53.103125
13824,1698.94,5,36.93347826086956
16775,1695.66,11,10.732025316455697
12764,1693.88,1,37.64177777777778
14245,1693.45,2,15.680092592592594
15549,1693.26,3,14.724
16813,1692.98,10,3.7705567928730512
16671,1692.27,3,282.045
15380,1690.26,5,46.95166666666667
17152,1689.5,3,120.67857142857143
12635,1689.18,2,16.724554455445546
13162,1688.29,4,21.370759493670885
13577,1687.6000000000001,4,20.33253012048193
16638,1680.72,10,17.88
13647,1678.1200000000001,4,21.2420253164557
13149,1676.06,4,19.48906976744186
17656,1674.69,5,20.423048780487804
16115,1667.97,8,5.873133802816901
12912,1662.3,5,69.2625
12530,1662.28,4,25.186060606060607
13012,1661.84,8,18.672359550561797
15214,1661.44,8,15.104000000000001
15024,1661.33,10,10.718258064516128
15332,1661.06,4,47.45885714285714
12967,1660.9,2,87.41578947368421
14045,1659.75,4,276.625
15953,1659.3799999999999,8,16.932448979591836
15826,1654.31,3,24.328088235294118
14573,1653.42,9,7.035829787234043
17284,1652.58,6,5.659520547945205
16711,1651.03,5,75.04681818181818
14837,1649.5,4,15.273148148148149
13750,1647.26,5,68.63583333333334
12657,1643.18,4,34.961276595744685
15002,1641.76,4,14.276173913043479
13627,1638.47,5,17.80945652173913
12398,1635.6599999999999,1,19.24305882352941
15122,1633.78,3,19.924146341463413
14164,1631.77,2,56.26793103448276
17673,1629.12,6,7.176740088105727
12377,1628.12,2,21.144415584415583
16515,1627.13,5,14.399380530973453
14759,1625.97,3,15.940882352941177
16987,1625.05,7,12.597286821705426
13425,1624.21,3,20.823205128205128
15172,1624.05,5,14.764090909090909
14937,1621.88,3,47.70235294117647
17101,1621.73,4,38.61261904761905
14178,1620.93,7,4.9569724770642205
16801,1619.73,4,21.312236842105264
18161,1618.69,5,20.233625
14336,1614.91,4,17.943444444444445
16992,1614.31,5,17.358172043010754
15791,1612.69,2,21.502533333333336
14312,1611.59,6,18.524022988505745
13614,1610.46,4,8.01223880597015
14918,1610.15,2,35.781111111111116
12868,1607.06,6,15.019252336448597
16817,1604.75,9,18.65988372093023
12947,1603.99,6,16.535979381443298
16466,1603.46,7,10.834189189189189
14719,1602.1299999999999,5,6.760042194092827
14587,1601.14,9,4.180522193211488
15660,1600.86,9,17.787333333333333
16496,1599.52,3,16.837052631578945
13850,1595.48,1,17.155698924731183
17837,1593.38,8,9.42828402366864
16332,1593.2,7,10.413071895424837
16676,1592.12,4,17.888988764044942
14970,1592.06,4,46.825294117647054
15611,1591.45,13,37.01046511627907
18178,1590.81,4,16.400103092783503
14442,1589.82,2,25.235238095238095
12393,1582.6,4,24.728125
15532,1580.93,4,6.1755078125
12607,1579.51,1,15.63871287128713
13814,1579.12,2,27.703859649122805
16889,1578.67,3,11.693851851851852
13186,1575.89,3,19.947974683544306
13634,1575.16,5,8.378510638297874
13659,1573.2,2,15.126923076923077
17671,1572.71,4,29.67377358490566
16283,1570.81,5,9.462710843373493
12865,1568.23,2,16.507684210526318
15906,1567.69,7,10.451266666666667
15111,1567.48,3,18.660476190476192
17085,1566.65,5,8.377807486631017
17204,1564.56,4,27.448421052631577
18239,1561.61,5,17.745568181818182
14038,1560.38,3,16.960652173913044
16394,1555.34,5,18.73903614457831
13313,1555.32,5,19.939999999999998
16369,1553.66,3,13.166610169491527
15620,1553.18,3,15.5318
15117,1551.78,5,19.64278481012658
13320,1548.7,4,14.610377358490567
14229,1547.2,3,38.68
14704,1546.91,9,3.7274939759036148
16790,1545.6200000000001,6,16.61956989247312
13397,1544.13,5,40.635000000000005
15701,1542.14,4,6.506919831223629
12818,1542.08,1,110.14857142857143
16365,1540.42,9,30.2043137254902
17159,1538.88,3,15.236435643564358
13849,1537.95,2,15.227227722772279
12877,1535.77,12,9.972532467532467
15392,1535.53,4,18.280119047619046
15625,1534.26,4,23.9728125
13107,1531.6200000000001,4,26.407241379310346
12759,1531.44,3,16.12042105263158
14321,1530.75,5,12.445121951219512
14567,1530.36,2,46.374545454545455
15916,1528.09,8,9.858645161290323
16244,1522.75,2,16.733516483516482
16434,1522.25,7,13.965596330275229
16066,1521.8700000000001,5,14.92029411764706
13764,1521.76,3,7.3161538461538465
13213,1520.58,5,16.895333333333333
16880,1519.08,7,8.534157303370787
14267,1516.24,3,27.568
13791,1516.0,2,137.8181818181818
16748,1515.9,5,21.969565217391306
16053,1511.95,2,17.999404761904763
16910,1510.06,8,2.7606215722120657
16279,1509.58,3,14.10822429906542
16016,1508.76,8,6.420255319148936
15265,1506.1200000000001,2,18.36731707317073
12937,1504.27,4,12.535583333333333
15530,1502.35,4,13.910648148148148
16762,1501.3799999999999,3,16.86943820224719
13810,1499.01,3,42.828857142857146
17571,1498.51,4,5.0117391304347825
14414,1496.98,7,15.432783505154639
16755,1496.83,3,8.804882352941176
17002,1493.73,3,30.484285714285715
15057,1489.5,2,59.58
13110,1488.67,7,10.266689655172414
13692,1488.32,3,28.081509433962264
14963,1487.8,5,7.514141414141414
17553,1487.6,1,743.8
16395,1486.8999999999999,5,7.0804761904761895
14878,1485.54,9,11.980161290322581
14758,1484.06,4,20.90225352112676
18016,1483.56,5,12.061463414634146
15427,1483.14,3,4.84686274509804
17590,1479.22,3,7.359303482587065
14403,1475.81,4,73.7905
15983,1475.02,4,13.053274336283186
12826,1474.72,7,16.205714285714286
14404,1474.32,6,14.31378640776699
14246,1474.06,3,19.654133333333334
15128,1471.0,4,14.42156862745098
16348,1469.45,7,6.252978723404255
14875,1465.32,2,31.17702127659574
12882,1463.04,2,112.54153846153847
14233,1462.72,4,41.792
14541,1461.65,8,13.168018018018019
17063,1461.14,7,18.732564102564105
16059,1459.86,6,8.110333333333333
16996,1456.96,6,39.3772972972973
13309,1456.79,5,13.614859813084111
13477,1454.58,6,18.41240506329114
15987,1451.28,7,10.366285714285715
14740,1448.21,3,16.272022471910113
15426,1447.39,5,4.956815068493151
14591,1447.14,4,7.345888324873097
17073,1446.09,4,8.310862068965516
13717,1445.01,6,14.166764705882352
13461,1445.0,3,53.51851851851852
17175,1443.69,4,22.915714285714287
15478,1441.42,2,31.33521739130435
15858,1438.85,5,7.533246073298429
14071,1438.82,8,4.440802469135802
13159,1437.85,4,11.883057851239668
14566,1432.0,1,358.0
16503,1431.93,4,17.046785714285715
13475,1431.78,4,16.648604651162792
16103,1429.64,6,29.784166666666668
16271,1429.24,5,10.746165413533834
14035,1428.02,5,21.636666666666667
15681,1426.16,5,26.90867924528302
15106,1422.52,5,14.2252
16463,1422.4,4,17.346341463414635
16571,1421.69,3,16.34126436781609
14019,1421.61,3,21.539545454545454
14901,1421.29,9,14.805104166666666
14443,1420.2,4,15.270967741935484
17288,1419.73,7,9.998098591549295
16173,1418.32,6,16.884761904761906
15444,1418.26,2,6.476073059360731
17856,1418.03,4,94.53533333333333
18116,1418.03,8,3.7514021164021165
14649,1417.29,4,7.122060301507537
14748,1415.75,5,15.907303370786517
16012,1415.29,3,15.05627659574468
16245,1413.66,3,15.707333333333334
17004,1412.94,2,32.11227272727273
15237,1412.32,4,14.265858585858584
15596,1406.59,5,18.267402597402597
17083,1405.78,3,27.034230769230767
15563,1400.44,4,12.393274336283186
14741,1400.34,6,23.73457627118644
18202,1396.99,3,20.543970588235293
13995,1393.69,5,16.205697674418605
17354,1393.06,1,87.06625
15810,1391.98,4,15.640224719101123
15051,1391.61,3,9.731538461538461
13414,1390.5,3,57.9375
13516,1389.41,3,31.5775
15898,1388.88,5,16.149767441860465
16539,1388.81,4,30.862444444444442
15453,1388.37,7,4.854440559440559
15134,1387.99,8,19.013561643835615
12952,1387.79,4,17.566962025316457
17676,1387.68,6,17.790769230769232
12775,1386.04,5,21.00060606060606
13308,1385.51,3,25.657592592592593
18167,1384.86,3,37.42864864864865
17311,1384.85,2,25.179090909090906
13572,1384.25,1,41.946969696969695
14507,1383.18,6,14.408125
14116,1382.74,5,19.204722222222223
16389,1382.07,4,40.64911764705882
16726,1382.02,5,7.470378378378379
17621,1379.9,3,53.073076923076925
12886,1378.4,2,16.809756097560978
15569,1375.71,5,44.377741935483876
16669,1374.87,3,8.5929375
14434,1372.8,6,114.39999999999999
15095,1370.6,4,29.161702127659574
13813,1366.86,4,19.809565217391302
14897,1366.38,4,24.84327272727273
13396,1360.99,2,31.65093023255814
14102,1360.28,5,17.21873417721519
15411,1358.88,4,13.726060606060607
13232,1357.6,7,6.558454106280193
17054,1356.33,5,16.34132530120482
14064,1353.74,5,16.92175
14859,1353.74,4,23.340344827586208
15116,1352.75,4,30.06111111111111
16079,1352.0,3,64.38095238095238
16493,1351.6299999999999,4,24.136249999999997
12770,1351.45,1,112.62083333333334
12646,1346.97,2,29.932666666666666
14154,1345.62,2,25.87730769230769
15398,1345.53,2,18.43191780821918
12463,1344.78,4,16.202168674698793
17372,1342.68,8,5.30703557312253
16317,1341.65,3,19.444202898550724
13743,1341.6,7,32.72195121951219
18177,1341.42,6,18.127297297297297
16045,1340.7,4,16.15301204819277
13501,1340.32,1,25.775384615384613
15734,1339.45,2,51.517307692307696
12620,1339.41,3,14.558804347826088
15059,1337.72,9,5.644388185654009
16110,1337.48,3,3.77819209039548
12919,1335.19,6,26.7038
15680,1333.68,3,17.09846153846154
17932,1331.57,3,14.795222222222222
12676,1331.3899999999999,6,29.586444444444442
16295,1328.55,4,16.817088607594936
15146,1327.16,2,14.584175824175825
17633,1324.84,4,18.92628571428571
12854,1324.5,3,12.040909090909091
17095,1324.16,3,17.894054054054056
16370,1320.56,4,5.791929824561404
14794,1319.91,7,16.498875
13168,1319.19,4,10.070152671755725
16083,1317.62,2,42.50387096774193
12526,1316.66,3,18.54450704225352
14921,1316.07,2,16.872692307692308
12576,1315.83,5,14.952613636363635
14511,1314.81,5,19.33544117647059
16464,1314.68,3,5.570677966101695
14973,1314.45,3,41.0765625
14738,1314.45,7,24.34166666666667
16040,1313.55,3,20.20846153846154
12364,1313.1,4,15.448235294117646
12516,1312.06,2,50.46384615384615
14856,1311.38,3,19.86939393939394
14477,1309.6,4,130.95999999999998
16120,1309.14,4,43.638000000000005
14047,1308.61,5,40.8940625
13328,1308.48,1,76.96941176470588
14297,1305.33,4,21.053709677419352
12507,1304.81,3,62.13380952380952
16744,1304.76,7,5.391570247933884
17919,1304.04,1,56.697391304347825
15813,1303.9099999999999,2,32.59775
14898,1303.52,6,11.237241379310344
15108,1300.25,4,21.670833333333334
15494,1299.23,2,10.39384
12488,1298.66,3,23.612000000000002
12372,1298.04,3,24.962307692307693
15602,1297.87,9,28.214565217391304
17961,1296.44,39,5.206586345381527
16929,1295.39,7,16.823246753246753
16224,1295.3,4,13.492708333333333
15621,1293.03,4,80.814375
16101,1290.7,1,16.982894736842105
15171,1289.5,1,257.9
15136,1286.7,4,18.92205882352941
16949,1286.27,6,21.437833333333334
17350,1286.07,4,18.113661971830986
17802,1285.04,3,9.178857142857142
16899,1281.56,6,10.25248
13878,1281.53,1,35.598055555555554
13538,1280.85,7,51.233999999999995
16951,1277.75,3,14.857558139534884
16692,1276.0,2,425.3333333333333
17019,1272.61,4,5.4385042735042735
12394,1272.48,2,47.12888888888889
12630,1270.88,2,19.8575
14669,1269.99,3,7.470529411764706
13492,1269.84,3,25.3968
13431,1269.1,2,27.589130434782607
14916,1268.98,4,16.48025974025974
15199,1268.7,4,97.5923076923077
16660,1267.65,4,79.228125
17037,1267.32,1,16.8976
17158,1266.97,3,18.91
14105,1266.23,1,17.111216216216217
13989,1266.08,2,30.88
16842,1264.19,3,20.066507936507936
15497,1262.2,2,84.14666666666668
15009,1261.78,3,6.932857142857142
16688,1260.8600000000001,4,20.33645161290323
17388,1259.56,4,83.97066666666666
17412,1258.06,7,19.061515151515152
13151,1257.87,1,16.99824324324324
14931,1257.68,5,30.675121951219513
16639,1257.51,3,25.150199999999998
17481,1255.59,4,15.312073170731706
13848,1255.0,3,251.0
17262,1253.3600000000001,5,104.44666666666667
14698,1250.76,5,5.9559999999999995
14383,1247.69,3,21.14728813559322
12689,1247.61,2,17.327916666666667
13029,1247.5,3,124.75
15004,1246.32,1,7.888101265822784
12494,1246.1,7,16.18311688311688
13860,1245.9,5,16.39342105263158
14428,1244.83,5,8.644652777777777
16531,1244.59,7,16.163506493506492
17584,1242.3,2,35.494285714285716
17588,1240.2,3,53.92173913043479
17731,1240.11,4,18.509104477611938
12985,1239.38,2,16.30763157894737
13476,1238.47,2,21.352931034482758
14893,1237.85,2,16.956849315068492
13931,1237.53,2,21.336724137931036
15201,1236.54,5,17.92086956521739
14684,1236.28,5,2.9365320665083137
15376,1233.36,3,10.54153846153846
15910,1232.18,8,4.614906367041199
18080,1231.5,2,615.75
18171,1231.31,5,22.802037037037035
14913,1227.43,4,14.108390804597702
12997,1226.8899999999999,4,20.794745762711862
12412,1226.8799999999999,3,20.1127868852459
17774,1225.41,4,7.855192307692308
15841,1224.06,4,26.043829787234042
13208,1223.9,6,8.214093959731544
16794,1222.71,10,4.290210526315789
14745,1220.26,5,17.684927536231886
15227,1219.4,5,21.024137931034485
13491,1215.82,10,14.137441860465115
17410,1214.72,5,18.98
13055,1214.41,3,15.979078947368421
18263,1213.16,3,19.887868852459018
13918,1212.84,2,40.428
16653,1212.66,2,17.574782608695653
12464,1212.05,8,41.79482758620689
17653,1207.56,4,27.44454545454545
15737,1205.12,8,16.737777777777776
16800,1201.49,1,7.326158536585366
13158,1201.06,4,15.203291139240505
17320,1200.62,3,16.44684931506849
17800,1199.01,9,11.528942307692308
15605,1198.23,5,17.88402985074627
13118,1197.81,5,15.162151898734177
13211,1197.42,3,21.3825
16042,1197.27,5,16.862957746478873
17867,1197.1,6,15.153164556962023
14487,1196.33,6,8.307847222222222
17720,1195.94,4,23.9188
17526,1195.9,4,62.9421052631579
15145,1194.73,4,17.83179104477612
12611,1193.32,1,18.35876923076923
13882,1191.13,5,18.325076923076924
12462,1189.59,2,19.186935483870965
16612,1187.66,4,17.994848484848486
15630,1186.35,2,19.772499999999997
13752,1186.28,6,15.608947368421052
17058,1179.89,3,19.030483870967743
16950,1178.56,3,28.06095238095238
12885,1175.22,3,16.552394366197184
12640,1174.58,3,22.16188679245283
15306,1174.35,3,20.247413793103448
14857,1173.12,2,19.552
13611,1171.8,3,15.835135135135134
18168,1169.94,6,8.93083969465649
12358,1168.06,2,61.47684210526315
13500,1166.77,3,17.950307692307693
14737,1164.55,3,68.50294117647059
14261,1163.45,2,22.37403846153846
14447,1163.23,5,16.617571428571427
16714,1161.53,3,12.489569892473117
12546,1161.5,2,16.833333333333332
15088,1160.07,2,20.352105263157895
17348,1159.52,5,5.393116279069767
13499,1159.11,5,27.59785714285714
16184,1158.79,6,25.750888888888888
14723,1158.3,6,4.1665467625899275
13744,1156.36,2,16.060555555555553
16637,1154.47,4,16.73144927536232
16062,1153.62,4,18.0253125
12710,1149.02,3,14.922337662337663
17505,1145.84,2,22.035384615384615
16766,1145.6,2,33.69411764705882
12769,1143.6,1,35.7375
17770,1143.27,5,30.086052631578948
18125,1142.99,4,5.831581632653061
15985,1142.42,2,30.876216216216218
16270,1141.24,1,21.134074074074075
13330,1140.93,3,21.526981132075473
13819,1140.35,3,31.676388888888887
16172,1140.21,5,16.524782608695652
17135,1139.73,7,21.917884615384615
17500,1138.0,3,227.6
17302,1135.63,5,14.375063291139242
17242,1135.04,2,28.375999999999998
15489,1134.28,3,22.6856
16989,1133.25,6,94.4375
17585,1133.07,4,5.294719626168224
13282,1132.1399999999999,3,30.598378378378374
13772,1132.13,3,6.396214689265538
13310,1132.03,3,15.722638888888888
13610,1131.88,7,5.008318584070797
15500,1131.56,4,16.640588235294118
13447,1129.1399999999999,3,19.137966101694914
14824,1127.71,4,38.88655172413793
12609,1126.85,3,18.78083333333333
14708,1126.3700000000001,3,40.227500000000006
17470,1125.07,5,14.423974358974359
14129,1123.86,5,21.612692307692306
15436,1122.53,3,3.4119452887537993
13486,1122.41,3,16.2668115942029
17562,1122.38,7,17.81555555555556
16807,1121.59,3,16.740149253731342
16086,1121.39,5,28.753589743589746
15730,1120.88,3,16.01257142857143
17894,1119.81,8,5.802124352331606
14276,1119.74,3,17.4959375
13064,1119.49,4,16.22449275362319
12842,1118.99,2,32.9114705882353
15716,1118.81,4,9.481440677966102
17788,1117.9,2,223.58
13591,1117.13,3,19.26086206896552
14971,1116.57,3,6.9785625
16350,1116.47,4,19.58719298245614
12679,1113.02,4,23.187916666666666
17609,1112.22,5,4.692911392405064
16049,1111.79,3,3.563429487179487
14161,1110.52,3,10.282592592592593
14817,1110.34,2,17.624444444444443
15069,1109.53,1,15.850428571428571
12399,1108.65,4,18.790677966101697
15933,1107.46,3,14.965675675675676
16833,1106.53,4,23.5431914893617
12857,1106.4,2,24.05217391304348
14410,1105.07,9,5.725751295336787
14948,1101.97,6,17.491587301587302
17047,1100.9,3,16.93692307692308
14744,1099.98,7,42.30692307692308
15978,1098.78,1,22.42408163265306
13104,1098.48,6,54.924
17966,1098.43,5,16.15338235294118
16225,1096.32,5,8.181492537313432
16533,1095.56,3,6.189604519774011
13652,1095.08,3,17.38222222222222
15745,1094.59,4,17.654677419354837
15608,1093.68,4,18.228
13521,1093.65,3,2.508371559633028
18189,1090.24,2,16.032941176470587
13853,1090.1399999999999,1,47.39739130434782
12534,1089.18,1,17.28857142857143
15763,1086.92,2,17.818360655737706
13467,1083.71,2,10.946565656565657
17041,1081.57,3,15.450999999999999
14561,1080.76,3,15.6631884057971
16200,1080.6200000000001,2,6.036983240223464
13726,1079.66,2,25.70619047619048
15197,1079.61,3,33.7378125
12354,1079.4,1,18.610344827586207
13715,1079.34,5,10.279428571428571
16980,1078.96,2,12.401839080459771
14352,1078.96,4,22.95659574468085
16094,1078.23,4,17.114761904761906
16563,1077.74,1,56.72315789473684
13131,1073.3,3,24.393181818181816
15712,1072.36,5,20.23320754716981
15238,1071.99,3,21.4398
13635,1071.03,1,17.274677419354838
17522,1070.71,5,14.667260273972603
13761,1070.65,2,15.295000000000002
14212,1070.48,1,118.94222222222223
17214,1069.12,6,10.379805825242718
16918,1068.82,6,8.35015625
15027,1066.1499999999999,4,30.461428571428566
17277,1065.35,2,15.439855072463766
14488,1064.28,1,23.136521739130433
17287,1064.11,7,8.581532258064515
12951,1064.07,6,16.89
15801,1063.95,3,16.62421875
12936,1063.9,4,17.15967741935484
12815,1063.46,2,22.6268085106383
14411,1063.0,1,75.92857142857143
16214,1062.75,3,24.15340909090909
15996,1060.68,6,8.159076923076924
15706,1060.56,4,19.28290909090909
17727,1060.25,1,16.064393939393938
18130,1059.39,3,15.134142857142859
14465,1058.6200000000001,3,8.14323076923077
13455,1058.34,2,23.007391304347824
14419,1058.06,6,5.13621359223301
15407,1056.44,4,6.90483660130719
14514,1055.35,3,14.456849315068492
15977,1054.73,2,16.226615384615386
16728,1054.67,4,3.9207063197026026
12716,1053.49,2,15.267971014492753
14583,1052.55,5,3.1895454545454545
16416,1051.4,3,14.808450704225354
12849,1050.89,2,20.605686274509807
14224,1050.12,4,8.899322033898304
15329,1049.7,3,18.41578947368421
14078,1049.3700000000001,6,16.14415384615385
15464,1048.85,1,6.680573248407643
15839,1048.49,3,16.911129032258064
15777,1047.1100000000001,4,49.86238095238096
16520,1046.57,3,6.708782051282051
14293,1046.56,4,17.15672131147541
17042,1044.38,5,10.656938775510206
15192,1044.32,3,20.47686274509804
14389,1043.46,2,23.188000000000002
15073,1043.41,3,19.322407407407407
12497,1043.1,1,74.50714285714285
14584,1042.26,4,10.4226
13719,1041.68,5,17.361333333333334
18221,1041.61,5,16.27515625
15434,1041.48,5,18.936
14446,1039.58,4,3.548054607508532
16320,1038.46,2,18.543928571428573
16175,1037.59,4,17.889482758620687
12691,1035.8,6,32.36875
16260,1035.45,1,57.525000000000006
13639,1033.34,1,25.833499999999997
17724,1033.0,3,25.825
12599,1032.58,7,16.654516129032256
12724,1031.41,4,19.460566037735852
17405,1031.41,3,12.578170731707319
13235,1031.07,1,17.77706896551724
12717,1030.98,2,18.74509090909091
13253,1030.4,2,28.622222222222224
17033,1030.14,3,36.79071428571429
15333,1028.56,1,64.285
16682,1028.0,5,34.266666666666666
15104,1027.44,2,14.890434782608697
13956,1026.42,5,6.752763157894737
14904,1025.44,2,14.86144927536232
16160,1025.44,2,51.272000000000006
15658,1024.1,5,21.335416666666664
17096,1022.13,4,21.294375
14346,1021.58,2,17.026333333333334
13165,1021.48,2,24.32095238095238
12572,1020.42,2,17.006999999999998
13376,1019.76,3,19.240754716981133
18142,1019.52,2,67.968
12828,1018.7099999999999,6,18.19125
14083,1018.43,9,5.626685082872928
12514,1017.6800000000001,1,19.95450980392157
13728,1016.14,6,16.12920634920635
13867,1015.29,3,16.644098360655736
12642,1013.26,3,21.558723404255318
12739,1013.04,2,26.658947368421053
17197,1013.01,1,34.93137931034483
14195,1012.0,2,144.57142857142858
14775,1011.9,3,16.865
16229,1010.6,2,21.50212765957447
13032,1010.18,2,14.227887323943662
16572,1009.6,3,17.712280701754388
16174,1009.55,3,43.893478260869564
17951,1008.54,3,50.427
17646,1008.39,3,19.77235294117647
14631,1006.98,3,24.56048780487805
13429,1006.8,4,15.02686567164179
17126,1004.75,5,3.8644230769230767
14214,1004.38,5,14.990746268656716
13410,1003.06,5,35.82357142857143
12446,1002.31,1,17.58438596491228
12545,1000.39,2,20.0078
15508,1000.27,6,10.8725
18143,1000.16,2,16.396065573770493
12722,997.63,4,18.82320754716981
14540,996.26,3,13.108684210526315
15110,996.1,4,28.46
17594,993.18,2,19.863599999999998
16009,992.71,4,11.030111111111111
13363,992.5,2,16.541666666666668
14223,991.13,3,16.518833333333333
16232,990.88,4,26.78054054054054
17324,990.23,4,19.8046
15062,987.86,4,17.330877192982456
18237,987.1,5,16.181967213114753
16376,987.01,2,7.8960799999999995
13117,984.91,8,12.959342105263158
17144,984.57,2,20.511875
12510,982.57,2,29.774848484848487
15133,982.42,3,33.87655172413793
14138,982.38,2,20.901702127659576
15071,982.07,2,37.77192307692308
16188,981.86,4,14.654626865671641
16907,981.65,5,6.500993377483444
16085,981.51,5,5.877305389221557
12541,981.18,3,18.868846153846153
18170,980.31,3,25.797631578947367
13509,979.72,7,22.266363636363636
15506,979.26,3,5.971097560975609
13350,979.12,2,24.478
15132,977.9300000000001,5,18.806346153846157
14920,977.77,2,17.153859649122808
15860,977.21,8,6.881760563380282
13026,975.36,5,24.384
14522,974.54,4,57.32588235294117
15449,974.52,3,16.242
12994,974.42,3,15.974098360655738
15747,974.04,3,10.473548387096773
18194,973.84,1,139.12
16419,972.23,6,19.063333333333333
13155,971.76,4,11.432470588235294
17100,971.74,2,14.949846153846154
17618,971.58,3,12.456153846153846
14256,969.06,2,18.284150943396224
15907,967.45,3,3.8853413654618474
15793,965.61,3,80.4675
12550,964.83,1,16.92684210526316
13138,962.39,6,15.276031746031746
14006,962.19,3,32.073
15156,961.49,3,17.481636363636365
14629,959.01,2,6.309276315789473
18192,957.97,1,21.288222222222224
13823,957.66,2,23.941499999999998
12697,957.59,3,23.355853658536585
15948,955.24,2,15.920666666666667
17244,954.9,1,30.80322580645161
17097,954.42,8,4.523317535545024
15835,954.09,4,19.0818
16934,950.93,2,15.337580645161289
15421,950.36,4,17.93132075471698
16511,950.26,3,5.6228402366863905
13636,949.12,5,15.065396825396826
12822,948.88,2,20.62782608695652
17044,948.48,1,158.08
13748,948.25,5,33.86607142857143
15787,948.05,3,4.602184466019417
12458,947.4,2,24.931578947368422
15707,945.58,4,4.418598130841121
17289,944.41,3,8.508198198198198
13261,944.1,2,104.9
12820,942.34,4,15.97186440677966
14075,942.26,3,21.913023255813954
15576,940.67,1,20.903777777777776
15289,939.78,3,16.20310344827586
17527,939.37,4,19.98659574468085
17227,939.32,6,19.985531914893617
16584,936.08,2,33.431428571428576
14140,935.05,2,14.167424242424241
16027,934.62,6,58.41375
14081,934.52,2,6.10797385620915
12924,933.7,4,31.123333333333335
16657,933.62,4,4.488557692307692
13655,932.97,2,16.66017857142857
14532,932.85,4,14.57578125
18133,931.5,1,931.5
17552,930.41,4,18.987959183673468
14475,925.85,3,22.04404761904762
14231,925.71,3,18.514200000000002
17048,925.35,3,21.519767441860466
15312,924.85,4,19.677659574468084
13805,924.5999999999999,2,71.12307692307692
15654,922.53,2,43.93
13122,922.39,2,16.77072727272727
16551,922.12,3,28.81625
13934,922.1,1,29.74516129032258
13035,921.88,2,34.1437037037037
17323,921.07,7,4.6053500000000005
13984,920.51,5,57.531875
17018,920.1,2,57.50625
12652,919.98,1,19.16625
13075,919.61,1,41.80045454545455
13549,918.2,7,18.00392156862745
15253,918.1999999999999,5,17.32452830188679
14015,917.34,1,45.867000000000004
14712,917.0699999999999,3,36.6828
17236,916.13,6,8.725047619047618
14141,915.13,4,22.87825
16216,914.93,1,24.727837837837836
16809,914.69,5,6.138859060402685
15587,913.68,4,101.52
12940,913.54,2,9.227676767676767
15364,913.19,2,31.489310344827587
14359,912.18,3,16.58509090909091
13782,912.0,6,7.930434782608696
13192,911.94,2,14.475238095238096
14289,911.26,6,19.388510638297873
18096,911.15,3,4.277699530516432
13689,910.0,1,151.66666666666666
15511,909.23,5,5.6826875
13038,908.46,3,32.445
14449,907.1,4,3.5158914728682173
15480,905.5,1,20.122222222222224
15022,905.04,4,6.704
15807,903.9,3,18.83125
17566,901.21,2,5.929013157894737
16716,901.2,2,450.6
17848,901.2,9,17.67058823529412
14625,899.63,2,16.974150943396225
17886,899.61,3,8.253302752293578
13662,897.76,3,16.938867924528303
17537,897.62,2,11.968266666666667
16361,896.66,4,8.459056603773584
15079,895.61,4,19.055531914893617
15865,895.13,3,22.37825
15211,894.41,2,17.20019230769231
15066,893.59,1,21.275952380952383
12772,892.47,1,16.226727272727274
13515,891.12,4,15.103728813559322
15255,890.85,1,18.95425531914894
14240,890.34,2,21.19857142857143
17027,890.29,6,5.818888888888889
14344,889.9300000000001,8,12.534225352112676
17007,889.93,6,17.11403846153846
14623,889.25,5,6.6361940298507465
17829,889.24,1,29.641333333333332
16347,887.65,2,9.648369565217392
16900,887.11,3,11.229240506329115
15822,885.47,2,26.832424242424242
17704,885.1899999999999,2,28.554516129032255
17109,885.04,6,7.564444444444444
15799,884.14,3,9.021836734693878
14597,883.15,2,16.05727272727273
18236,882.24,6,18.004897959183673
13037,881.0699999999999,3,18.355625
15076,880.85,1,17.976530612244897
15653,877.44,2,146.24
14770,876.42,2,16.854230769230767
15100,876.0,3,292.0
13566,874.71,2,4.969943181818182
16513,874.59,4,24.988285714285716
13294,873.74,2,16.18037037037037
12847,871.54,1,9.577362637362636
15208,870.12,5,20.717142857142857
13200,870.09,4,18.915
13979,869.87,1,16.108703703703704
12694,869.67,2,23.504594594594593
13203,869.46,4,15.253684210526316
17649,868.49,1,16.70173076923077
14912,867.85,2,32.14259259259259
14715,867.38,4,12.21661971830986
16235,867.31,5,18.854565217391304
16121,867.11,2,4.090141509433963
14332,866.3100000000001,3,33.31961538461539
16567,865.6,2,24.731428571428573
13846,865.06,3,15.728363636363635
16221,864.86,3,8.916082474226805
12680,862.81,4,16.592499999999998
16266,861.89,7,14.129344262295081
12794,860.41,2,19.12022222222222
13339,860.12,1,15.928148148148148
14577,859.71,4,6.989512195121952
17064,859.35,3,13.860483870967743
14553,859.27,5,7.604159292035398
16163,856.6,2,142.76666666666668
13991,855.97,6,10.190119047619048
12693,855.91,4,21.946410256410257
16037,855.02,3,21.923589743589744
12878,854.99,2,18.191276595744682
17560,854.95,4,32.88269230769231
16877,853.72,6,5.369308176100629
14193,853.39,2,20.318809523809524
12379,852.24,2,21.306
16070,852.15,2,25.82272727272727
16020,851.01,3,18.500217391304346
12713,848.55,1,22.330263157894734
14657,848.22,4,6.7319047619047625
13221,847.41,2,12.839545454545455
16924,846.75,3,10.201807228915662
16222,846.72,1,6.18043795620438
15965,845.64,4,6.931475409836065
14803,845.5500000000001,3,19.217045454545456
17624,843.48,2,16.869600000000002
15164,843.05,3,8.18495145631068
17929,843.0,4,168.6
13929,842.65,2,93.62777777777778
16108,842.5,1,17.552083333333332
16560,841.41,2,15.02517857142857
14862,841.2,2,17.525000000000002
17076,841.08,3,33.6432
13940,839.14,4,17.12530612244898
17115,837.5,3,21.474358974358974
16554,837.1,3,16.098076923076924
15832,836.79,1,15.49611111111111
12728,836.33,4,18.18108695652174
16747,836.06,2,19.906190476190474
17169,835.78,2,15.477407407407407
17759,834.99,3,8.789368421052632
13835,834.57,4,15.174000000000001
17075,834.12,4,10.832727272727272
16644,833.78,2,13.448064516129032
15862,832.88,4,5.665850340136054
14644,830.76,2,31.95230769230769
13681,827.83,4,14.523333333333333
12461,826.88,2,23.62514285714286
12781,826.74,2,33.0696
16494,826.53,1,16.5306
17921,826.52,4,5.700137931034483
15525,825.92,3,4.64
12427,825.8000000000001,3,26.638709677419357
16869,825.42,4,6.44859375
16284,823.97,2,7.559357798165138
16164,822.48,3,24.19058823529412
12778,822.23,6,16.4446
13893,821.1,1,39.1
13220,819.2900000000001,4,39.01380952380953
17764,818.82,2,10.9176
16092,817.86,3,16.036470588235293
16943,816.73,3,24.74939393939394
15649,816.0,2,408.0
15399,815.77,3,16.3154
14499,815.32,3,4.2026804123711345
13280,814.86,3,9.586588235294117
16460,814.72,3,6.034962962962963
13811,814.5,3,62.65384615384615
18064,814.0,2,116.28571428571429
16600,813.52,6,13.121290322580645
16621,813.48,4,28.05103448275862
14421,813.11,2,30.115185185185187
15644,813.0,4,3.4159663865546217
17980,811.45,3,27.048333333333336
16276,810.5999999999999,1,135.1
16624,810.57,2,16.886875
13637,810.5,3,8.024752475247524
16891,809.7,5,3.9886699507389163
17114,808.62,8,6.367086614173228
15533,807.57,3,9.729759036144578
12421,807.04,4,17.93422222222222
15952,806.57,4,8.863406593406594
13707,806.41,2,16.800208333333334
12434,806.14,2,16.122799999999998
16367,804.49,2,6.188384615384615
18248,804.02,2,17.1068085106383
12422,803.56,3,20.60410256410256
15831,801.76,3,11.790588235294118
18265,801.51,2,17.424130434782608
16806,801.49,4,7.781456310679611
15561,800.59,4,29.651481481481483
17905,800.24,4,23.536470588235293
13720,799.9,4,18.60232558139535
13030,799.48,2,8.075555555555555
17703,798.74,3,14.522545454545455
16438,798.35,5,6.04810606060606
13389,797.96,3,15.646274509803922
12701,797.71,2,15.051132075471699
17180,796.03,4,6.218984375
13336,795.12,1,15.590588235294117
15990,792.11,2,15.232884615384616
13167,791.33,4,12.174307692307693
14976,790.86,7,10.984166666666667
13016,789.89,3,16.806170212765956
16759,789.79,3,18.804523809523808
13329,789.0,2,46.411764705882355
14557,788.38,1,49.27375
13212,788.08,3,5.549859154929578
13323,787.85,5,37.516666666666666
13884,787.6,5,13.349152542372881
16546,787.15,2,31.486
13109,786.54,2,16.734893617021275
12628,786.46,3,19.181951219512197
15806,784.58,3,25.309032258064516
15743,784.46,4,8.914318181818182
18136,784.3299999999999,3,20.640263157894736
17387,784.11,2,10.052692307692308
16054,783.9,1,11.198571428571428
17006,781.78,4,17.76772727272727
17341,781.36,3,4.2697267759562845
15679,781.28,4,7.102545454545455
13583,781.03,1,14.736415094339621
16725,781.02,7,5.172317880794702
15239,780.59,2,15.930408163265307
17797,780.43,3,7.0309009009009005
18228,779.9,2,25.996666666666666
12735,779.5699999999999,2,18.12953488372093
17411,778.9399999999999,3,18.99853658536585
13375,778.65,1,21.044594594594592
14815,778.5,2,14.68867924528302
17414,778.0,2,129.66666666666666
16505,777.5999999999999,1,194.39999999999998
13563,777.53,2,15.867959183673468
12425,777.2,1,21.58888888888889
15353,777.02,2,12.333650793650794
15618,776.85,4,17.65568181818182
13314,775.9399999999999,3,12.51516129032258
13341,775.85,1,18.472619047619048
14234,775.46,4,4.877106918238994
16825,775.18,2,27.685
15414,774.9,3,19.869230769230768
16043,773.99,4,19.845897435897434
15075,773.03,1,28.63074074074074
12965,771.91,1,7.081743119266055
17409,771.85,2,59.37307692307692
14662,771.17,4,4.590297619047619
16770,770.1,5,5.311034482758621
14412,770.03,2,17.90767441860465
16480,769.29,1,14.514905660377357
13356,768.24,1,18.291428571428572
17516,768.08,5,5.606423357664234
14550,765.62,2,15.950416666666667
14672,765.55,2,12.549999999999999
17695,765.34,2,21.866857142857143
14885,765.3199999999999,1,51.02133333333333
17268,763.64,4,127.27333333333333
17466,763.28,2,18.61658536585366
16470,762.39,4,4.484647058823529
15599,761.74,2,14.648846153846154
14883,761.59,6,14.369622641509434
16205,761.38,4,7.769183673469388
17425,759.1700000000001,2,17.65511627906977
16036,758.9200000000001,2,13.798545454545456
15568,758.29,3,14.307358490566036
12413,758.1,3,19.95
17979,757.71,4,5.189794520547945
17461,757.46,3,6.823963963963965
15223,755.75,2,37.7875
13370,754.87,1,19.355641025641027
18104,754.64,1,19.858947368421052
13730,752.6,2,17.50232558139535
16256,752.4300000000001,1,57.87923076923077
12908,750.0,2,375.0
17146,749.78,3,21.422285714285714
14923,749.1,1,17.025000000000002
15074,748.87,1,17.830238095238094
15656,748.5,4,15.925531914893616
16859,747.81,2,14.380961538461538
13623,747.78,5,9.231851851851852
14201,747.4399999999999,7,20.201081081081078
16261,746.83,4,6.022822580645162
14050,746.36,2,13.821481481481483
17034,745.52,3,24.850666666666665
14790,745.06,4,16.19695652173913
13950,745.06,4,21.28742857142857
13236,744.85,2,20.69027777777778
13354,743.53,1,14.579019607843136
16730,743.11,3,9.062317073170732
12374,742.93,1,22.513030303030302
12465,742.1899999999999,2,15.79127659574468
13753,741.26,1,21.178857142857144
13900,740.95,3,17.23139534883721
17692,740.9399999999999,4,16.107391304347825
17974,740.79,3,4.138491620111732
15252,740.78,2,16.83590909090909
12603,739.2,1,369.6
14756,738.96,1,19.446315789473687
12976,738.6,1,33.57272727272727
15045,735.66,2,61.305
18156,734.94,2,5.2495714285714286
15215,734.9399999999999,3,20.998285714285714
16362,734.77,5,9.071234567901234
16146,734.13,3,25.314827586206896
17812,732.16,4,5.192624113475177
13575,732.07,5,15.914565217391305
13736,731.9,2,3.831937172774869
16099,731.9,3,18.766666666666666
16491,731.5,1,18.756410256410255
14778,730.86,2,20.881714285714285
18035,730.4,3,13.781132075471698
12468,729.54,2,19.198421052631577
13077,729.27,4,6.5113392857142856
17666,728.1600000000001,2,40.45333333333334
17888,726.05,8,10.836567164179105
14869,725.7,2,10.221126760563381
14055,725.64,1,72.564
16140,725.18,2,20.71942857142857
15584,725.11,4,5.895203252032521
12723,725.07,5,10.508260869565218
15636,724.76,2,28.9904
12475,723.38,1,20.093888888888888
17521,723.21,3,16.071333333333335
15272,721.94,2,11.45936507936508
18062,720.52,3,26.685925925925925
16023,719.81,3,7.126831683168317
14179,719.78,2,4.36230303030303
14725,718.08,1,13.80923076923077
17884,717.45,4,6.1320512820512825
15274,716.5699999999999,2,15.246170212765955
12535,716.35,2,21.069117647058825
15400,716.2,5,59.68333333333334
17029,716.0,2,358.0
15330,714.9599999999999,2,54.99692307692307
15757,714.42,2,15.876
12616,713.3,2,22.290625
13169,712.88,2,54.83692307692308
13147,712.8,4,178.2
17761,712.78,1,37.514736842105265
13416,712.5,2,37.5
13587,712.4,1,89.05
17642,712.29,2,17.80725
15855,712.24,5,8.903
13705,711.86,3,25.423571428571428
17179,711.79,3,8.897375
13249,711.41,3,30.93086956521739
17472,710.29,3,3.9242541436464085
14867,710.28,3,19.73
14127,709.71,3,16.129772727272726
16136,709.38,3,19.172432432432434
15951,708.22,2,17.273658536585366
16449,707.69,2,17.69225
12453,707.09,1,16.443953488372095
16364,707.04,2,13.340377358490565
16309,706.5699999999999,2,16.823095238095238
14880,706.19,3,15.025319148936171
14126,706.13,3,47.07533333333333
15038,705.49,6,5.426846153846154
16015,705.39,3,3.875769230769231
16882,705.12,3,18.080000000000002
17934,704.25,2,33.535714285714285
12612,704.04,1,37.054736842105264
12883,703.47,4,16.749285714285715
18082,703.37,1,9.635205479452054
15103,703.36,2,20.096
15574,702.25,4,4.180059523809524
16997,702.0,3,58.5
14198,701.4,4,17.984615384615385
14356,701.23,2,21.24939393939394
17321,700.86,2,6.550093457943925
13238,700.73,4,22.604193548387098
17734,700.63,3,16.293720930232556
15800,699.08,2,5.874621848739496
13258,698.5799999999999,3,18.383684210526315
17423,698.41,2,26.861923076923077
17796,697.9,4,8.510975609756096
15053,697.79,3,9.828028169014084
14829,697.55,4,16.60833333333333
13596,697.04,2,4.199036144578313
15700,696.68,2,8.10093023255814
17397,696.41,2,7.569673913043478
14009,695.61,2,16.562142857142856
14959,695.42,4,11.786779661016949
15304,694.4,8,30.191304347826087
12925,694.05,2,15.423333333333332
14643,693.81,2,22.380967741935482
12410,693.33,2,26.66653846153846
13601,693.32,2,7.003232323232324
14111,692.85,4,69.285
17198,692.22,3,7.210625
17733,692.19,2,19.776857142857143
13838,691.73,4,3.975459770114943
16212,690.34,2,16.837560975609758
18085,689.95,2,23.79137931034483
13023,689.9,2,17.2475
15181,689.48,3,43.0925
18196,689.13,2,4.887446808510639
17502,689.1,4,24.610714285714288
13799,688.86,2,17.663076923076922
16642,688.33,2,20.245
12658,686.05,1,19.056944444444444
16122,684.42,4,18.011052631578945
16495,684.41,3,7.055773195876288
15669,684.34,4,20.737575757575758
12942,683.9,3,9.118666666666666
17874,683.46,6,14.857826086956523
14222,683.17,1,16.662682926829266
12838,683.13,2,5.55390243902439
15582,682.91,3,15.520681818181817
13548,682.41,2,5.503306451612903
18135,681.91,5,34.0955
12478,680.99,1,18.91638888888889
13524,680.18,5,25.19185185185185
16872,680.02,3,97.14571428571428
15322,679.68,1,16.18285714285714
13430,679.45,2,13.866326530612247
14788,679.44,2,22.648000000000003
17994,678.49,4,8.37641975308642
13925,678.25,4,16.54268292682927
13607,678.01,1,6.918469387755102
13388,677.1,2,19.345714285714287
13040,676.99,2,15.743953488372092
16377,676.2,1,135.24
15626,675.8,2,13.791836734693877
17462,675.69,2,25.025555555555556
13325,675.3,1,56.275
16418,675.27,3,6.620294117647059
13355,674.7,1,21.084375
13464,674.68,1,16.45560975609756
17749,674.52,2,19.272
13951,674.45,3,17.293589743589745
14504,673.26,4,6.2921495327102805
18121,673.1,2,21.034375
14628,671.96,2,27.998333333333335
17883,671.77,4,4.632896551724138
12638,671.69,1,17.222820512820515
17299,669.11,4,11.738771929824562
12418,668.58,1,19.664117647058823
14342,668.56,4,31.836190476190474
13741,668.43,3,19.659705882352938
16383,668.36,2,6.552549019607843
15031,668.14,4,6.019279279279279
18022,668.11,1,3.497958115183246
16268,667.65,2,14.836666666666666
15969,666.1,3,33.305
17777,665.86,3,3.4322680412371134
17105,665.78,2,7.397555555555555
16056,664.85,1,9.777205882352941
13963,664.54,4,18.986857142857144
16208,664.26,2,10.064545454545454
15643,664.0,3,20.12121212121212
14720,663.81,3,17.94081081081081
13240,663.65,4,9.905223880597015
16573,663.61,2,15.800238095238095
14451,662.59,2,6.078807339449542
16014,662.38,3,4.5681379310344825
18218,662.08,2,31.527619047619048
16774,661.52,4,13.781666666666666
13028,661.3199999999999,2,14.695999999999998
14603,660.0,1,330.0
15492,659.46,2,18.841714285714286
13518,659.44,1,17.353684210526318
13759,659.41,2,26.3764
16357,658.88,3,19.378823529411765
14150,658.64,2,25.33230769230769
17779,658.57,3,8.031341463414634
16696,657.9,4,65.78999999999999
12577,657.8,3,4.474829931972788
14818,657.8,3,13.704166666666666
15648,657.35,2,26.294
17459,657.3,2,5.921621621621621
15677,657.23,1,19.916060606060608
16157,656.6899999999999,3,36.48277777777778
13049,656.6800000000001,2,46.90571428571429
16708,656.63,1,24.31962962962963
16127,656.25,1,16.40625
14894,655.75,1,28.51086956521739
16444,654.67,4,7.793690476190475
14651,654.6,2,6.41764705882353
17398,653.38,3,17.19421052631579
18151,653.35,2,17.193421052631578
13496,653.33,2,18.66657142857143
15205,653.24,2,17.655135135135136
14044,652.82,4,3.1235406698564594
14548,652.8,2,163.2
17523,652.74,4,19.78
14034,651.82,3,7.3238202247191015
16734,650.51,3,12.27377358490566
15571,650.4300000000001,4,11.411052631578949
16469,650.43,4,3.5737912087912087
16969,650.41,3,15.48595238095238
17373,646.92,4,11.349473684210526
12589,646.68,2,18.47657142857143
15651,646.3000000000001,3,20.196875000000002
17545,645.96,3,4.454896551724138
14855,645.65,2,32.2825
12719,644.95,2,16.53717948717949
17312,644.3,3,46.021428571428565
16431,642.81,3,7.744698795180722
14020,642.8,2,16.48205128205128
13034,642.77,2,17.372162162162162
15384,642.41,2,15.668536585365853
17046,642.02,1,29.182727272727274
15297,641.94,3,16.46
12365,641.38,2,29.153636363636362
12624,641.13,2,16.87184210526316
13417,640.83,2,22.886785714285715
13318,640.76,3,32.038
12631,640.5,1,20.661290322580644
14301,640.14,1,49.24153846153846
15919,639.89,2,4.4747552447552446
17515,639.02,4,7.345057471264368
18160,638.06,2,16.36051282051282
14754,638.05,2,15.562195121951218
14664,637.89,2,6.443333333333333
14128,637.5,2,13.858695652173912
14481,636.51,2,21.217
15829,636.14,2,12.473333333333333
15773,635.6800000000001,1,63.568000000000005
14000,635.66,1,42.37733333333333
16139,635.41,3,20.497096774193547
17985,634.95,1,27.606521739130436
13892,632.97,4,23.443333333333335
14220,632.4,2,30.114285714285714
16306,632.27,6,15.42121951219512
18183,632.07,2,17.082972972972975
13822,632.0,2,6.583333333333333
14021,631.9,3,28.722727272727273
15244,631.5699999999999,2,18.575588235294116
13539,631.34,3,17.063243243243242
17990,630.84,3,21.753103448275862
13046,629.31,2,17.980285714285714
13525,628.78,2,104.79666666666667
14687,628.38,1,41.892
16022,628.28,1,8.266842105263157
15028,627.13,4,13.065208333333333
13546,626.99,3,6.397857142857143
15402,626.77,2,14.923095238095238
14036,626.65,1,16.49078947368421
13914,626.45,2,18.983333333333334
14382,626.0699999999999,1,4.7791603053435106
16750,623.9300000000001,5,6.567684210526316
16718,623.75,1,13.86111111111111
12649,623.51,3,20.113225806451613
15147,623.5,1,22.267857142857142
13368,623.4,2,21.49655172413793
15258,623.16,2,18.328235294117647
17499,622.88,1,15.572
15182,622.85,2,21.477586206896554
17460,622.43,6,21.46310344827586
15768,621.83,3,23.030740740740743
18217,621.75,2,20.056451612903224
16915,621.68,6,10.906666666666666
17640,621.66,1,124.332
14152,621.29,2,12.67938775510204
13402,621.23,2,15.92897435897436
16141,620.4,1,20.68
12667,620.13,1,18.791818181818183
14529,620.04,3,2.707598253275109
13493,618.63,2,77.32875
16613,618.59,1,20.619666666666667
13145,618.52,4,103.08666666666666
12596,618.27,2,22.898888888888887
16134,618.09,2,17.659714285714287
13301,618.09,4,7.630740740740741
14593,617.99,3,4.065723684210527
14377,617.05,2,56.095454545454544
16442,616.79,3,3.5447701149425286
16311,616.26,2,16.655675675675674
14905,616.15,2,36.24411764705882
16005,615.39,4,2.822889908256881
15275,615.14,1,15.003414634146342
16566,614.66,5,34.147777777777776
16116,612.78,1,18.02294117647059
12513,612.29,1,17.494
18149,612.08,3,38.255
15232,612.06,2,19.743870967741934
15645,612.01,1,11.769423076923077
16109,611.88,2,33.99333333333333
16763,611.85,1,26.60217391304348
13731,610.59,2,16.068157894736842
12673,610.52,2,14.536190476190475
15795,610.01,1,14.524047619047618
13357,609.95,1,6.777222222222223
14636,609.85,2,21.780357142857145
13933,608.79,2,26.469130434782606
12933,607.53,3,5.7314150943396225
15573,607.45,2,5.840865384615385
17119,606.91,2,17.340285714285713
14710,606.13,4,4.360647482014389
17849,605.8000000000001,4,23.300000000000004
14133,605.64,3,21.63
13888,605.63,2,15.14075
17507,605.58,2,6.881590909090909
13233,605.12,2,14.072558139534884
14323,605.06,2,16.807222222222222
13558,605.06,4,3.457485714285714
14675,604.75,1,5.928921568627451
17664,604.64,2,14.061395348837209
12944,604.51,2,20.150333333333332
16732,603.75,1,21.5625
12556,603.71,2,4.989338842975207
12707,603.42,1,18.285454545454545
17259,603.37,2,4.865887096774194
15366,602.51,2,13.69340909090909
17890,602.09,2,6.405212765957447
12654,601.98,5,15.841578947368422
14609,601.56,4,150.39
16654,601.27,4,20.733448275862067
12420,600.39,1,20.70310344827586
18211,600.07,5,14.287380952380953
13243,600.07,1,10.346034482758622
12872,599.97,2,9.090454545454547
12521,599.68,1,15.781052631578946
14965,599.0,2,7.216867469879518
17420,598.83,3,19.961000000000002
14467,598.76,4,6.652888888888889
15720,598.73,1,4.677578125
13311,598.5699999999999,2,23.021923076923073
16298,598.2,3,22.15555555555556
13959,598.2,3,6.502173913043479
14108,597.91,2,17.585588235294118
17864,597.5,3,5.857843137254902
16788,597.48,2,3.854709677419355
14645,597.09,2,19.903000000000002
15381,596.85,2,74.60625
18246,596.1,2,149.025
17658,595.42,2,31.337894736842102
14284,595.25,2,18.6015625
16325,594.24,3,33.013333333333335
15442,594.0,1,297.0
12917,594.0,1,297.0
16535,593.75,1,19.153225806451612
18232,592.97,4,16.026216216216216
16203,592.9,4,16.939999999999998
14692,591.55,4,8.699264705882353
13276,590.93,2,19.697666666666667
13270,590.0,1,590.0
13452,590.0,2,295.0
14882,589.7,2,53.60909090909092
18123,589.4399999999999,2,16.37333333333333
16723,589.15,2,13.701162790697675
16838,588.85,2,23.554000000000002
14338,588.22,2,18.97483870967742
15624,588.13,4,17.297941176470587
17351,587.15,3,21.746296296296297
17014,586.33,3,7.923378378378379
17360,585.79,3,4.43780303030303
12384,585.27,2,21.676666666666666
15222,585.0,1,117.0
16384,584.5,2,17.71212121212121
16072,584.3199999999999,1,25.405217391304344
14023,584.0699999999999,2,18.840967741935483
13557,584.06,2,17.178235294117645
15762,583.75,2,15.777027027027026
12426,582.73,1,19.424333333333333
13427,582.6,3,20.089655172413792
17970,582.59,1,18.793225806451613
12695,582.1,4,21.55925925925926
18095,580.05,2,27.62142857142857
16906,579.77,4,6.234086021505376
17142,579.0,1,38.6
13292,578.94,2,18.675483870967742
17540,578.9,2,23.156
12601,577.06,5,20.60928571428571
14176,576.9,4,18.60967741935484
16916,576.26,2,4.029790209790209
15830,576.0,1,14.76923076923077
15550,575.63,4,9.43655737704918
16345,575.41,1,15.14236842105263
13487,575.4,3,16.923529411764704
14167,574.84,4,11.054615384615385
14400,574.7,1,22.988000000000003
12784,574.42,2,9.73593220338983
15339,574.07,2,6.675232558139536
15303,574.02,1,18.516774193548386
12879,573.22,3,57.322
15415,572.81,1,11.933541666666665
13379,572.56,3,5.902680412371134
13405,572.45,3,22.017307692307693
12816,572.2,2,19.731034482758623
13816,571.67,2,20.416785714285712
17616,571.1999999999999,3,190.39999999999998
15821,570.96,2,9.209032258064516
15315,570.5,2,15.41891891891892
14592,570.46,3,3.4784146341463416
16667,570.13,2,10.757169811320754
13939,568.55,3,12.634444444444444
13321,567.36,2,51.57818181818182
17897,566.6,3,4.970175438596492
18150,566.5799999999999,3,15.312972972972972
16278,566.38,1,24.625217391304346
13894,564.62,3,20.911851851851853
15344,563.94,3,21.69
16933,563.23,2,12.800681818181818
14753,563.15,1,18.771666666666665
17265,562.9,2,4.432283464566929
12414,562.41,3,31.244999999999997
12559,561.71,2,26.74809523809524
13946,561.57,3,51.051818181818184
15655,560.67,1,16.490294117647057
13044,560.47,1,16.983939393939394
14273,559.97,4,19.309310344827587
16275,559.87,1,16.965757575757575
18043,559.51,3,4.624049586776859
14177,559.41,4,13.319285714285714
12866,559.12,1,21.504615384615384
17503,558.96,2,14.709473684210527
12987,558.7,2,19.95357142857143
13800,558.3199999999999,1,16.918787878787878
13260,557.62,1,69.7025
17955,557.3,4,29.331578947368417
17295,556.95,3,8.071739130434784
16385,555.89,3,9.42186440677966
14805,554.65,4,11.801063829787234
14891,554.38,2,16.79939393939394
14618,553.44,3,34.59
15068,553.36,2,5.320769230769231
12363,552.0,2,24.0
17674,551.04,2,20.40888888888889
17291,550.8,1,550.8
17235,550.06,2,18.96758620689655
12390,549.84,1,17.1825
16340,549.07,1,3.5886928104575166
16536,548.97,1,9.981272727272728
16031,548.94,2,5.489400000000001
14474,547.66,1,18.884827586206896
16811,547.0699999999999,2,19.538214285714282
17637,547.06,2,15.630285714285712
16211,547.02,1,23.783478260869565
17520,546.81,1,18.226999999999997
12743,546.43,2,4.077835820895522
14997,546.2,3,21.00769230769231
17806,546.04,1,12.698604651162789
12793,545.48,2,22.728333333333335
16475,544.3,4,19.439285714285713
13617,544.18,3,12.367727272727272
13390,544.08,1,41.8523076923077
16927,543.05,3,90.50833333333333
13278,542.73,1,11.798478260869565
16230,542.03,2,15.486571428571429
17447,541.53,2,15.042499999999999
17557,541.46,3,15.92529411764706
13874,540.45,1,30.025000000000002
13812,539.0,3,14.972222222222221
14496,538.8100000000001,2,28.35842105263158
15452,538.73,3,9.28844827586207
15469,538.55,2,22.43958333333333
15539,538.46,1,13.133170731707319
17062,538.37,4,7.691
17345,537.74,4,6.180919540229885
14539,537.48,2,16.79625
16206,537.06,4,8.524761904761904
15043,537.0,1,179.0
16804,536.99,3,8.949833333333334
16233,536.68,3,24.39454545454545
15535,536.4,4,7.152
16142,535.34,1,14.46864864864865
12988,535.32,1,5.818695652173914
13000,534.85,3,17.253225806451614
13385,534.57,1,15.273428571428573
13434,534.24,2,53.424
17443,534.24,1,534.24
13217,533.98,3,133.495
15433,533.3,2,13.00731707317073
15756,532.96,4,2.7758333333333334
15825,532.94,1,26.647000000000002
16706,531.35,3,4.319918699186992
14265,530.18,2,17.10258064516129
18159,530.15,1,23.05
14002,529.73,2,11.270851063829788
14463,529.62,3,88.27
16185,529.41,2,17.07774193548387
17631,528.33,3,13.546923076923077
16602,528.08,1,18.209655172413793
12479,527.2,1,17.006451612903227
17623,527.05,1,15.971212121212119
18252,526.67,2,5.374183673469387
16892,525.54,5,5.308484848484848
17290,525.24,2,5.149411764705882
17429,524.92,3,13.459487179487178
15467,524.88,3,10.093846153846155
15891,524.52,1,8.459999999999999
13721,524.14,1,18.719285714285714
17329,523.11,2,15.851818181818182
18017,523.0,3,174.33333333333334
17712,522.91,1,18.031379310344825
14871,522.38,4,5.330408163265306
12863,521.2,1,104.24000000000001
15149,520.8,1,22.643478260869564
14873,519.68,1,18.56
12571,519.61,2,15.28264705882353
13643,519.44,3,18.551428571428573
16955,518.67,4,20.746799999999997
16650,518.42,1,21.60083333333333
15030,518.28,2,74.03999999999999
16135,517.55,1,24.645238095238092
17454,517.53,4,8.484098360655738
18205,517.36,2,16.1675
13043,516.42,1,39.72461538461538
15882,516.36,4,22.450434782608696
15809,515.77,5,14.736285714285714
12811,514.85,3,16.608064516129033
15246,514.15,2,15.58030303030303
13005,513.7,2,19.75769230769231
17513,513.2,1,85.53333333333335
17805,512.31,1,51.230999999999995
17480,511.82,1,17.64896551724138
12582,511.36,2,23.243636363636366
14851,511.35,2,18.2625
16561,511.12,2,16.48774193548387
15406,510.71,2,9.636037735849056
12904,509.58,2,7.0775
12436,509.01,1,31.813125
16898,508.81,3,3.1408024691358025
15417,508.8,1,18.17142857142857
17391,508.8,2,169.6
14317,508.58,1,21.190833333333334
17958,508.46000000000004,1,72.63714285714286
17415,507.84,1,36.27428571428571
14158,507.65999999999997,1,12.381951219512194
14820,507.29,4,17.492758620689656
15721,507.08,1,5.572307692307692
16960,507.05,3,5.02029702970297
13885,506.8,2,18.1
16614,506.19,1,19.468846153846155
14014,505.18,1,12.953333333333333
15081,504.8,5,15.296969696969697
12991,503.76,2,16.25032258064516
17630,503.6,2,19.36923076923077
16863,502.8,2,19.338461538461537
15006,502.09,1,3.486736111111111
13865,501.56,4,16.718666666666667
15881,501.39,5,17.289310344827587
13116,501.14,1,16.704666666666665
13247,501.12,4,20.0448
16616,500.42,2,15.164242424242424
15389,500.0,1,500.0
14958,499.68,3,11.897142857142857
14077,499.42,5,11.890952380952381
15193,499.32,1,26.28
14681,498.95,3,71.27857142857142
16488,498.8,3,17.2
15142,498.74,1,19.182307692307692
17053,498.48,1,38.34461538461539
17298,498.42,2,16.614
16820,497.61,1,19.138846153846153
17495,497.56,2,18.42814814814815
16368,497.43,2,6.545131578947369
15300,496.44,1,17.73
15018,496.21,3,16.006774193548388
17374,495.77,2,17.706071428571427
15448,494.64,1,17.665714285714284
16352,494.44,2,17.658571428571427
17333,494.25,1,17.651785714285715
12763,494.08,2,27.448888888888888
15877,493.28000000000003,2,3.8238759689922484
13176,492.84,1,6.845
14270,492.65,1,16.98793103448276
15507,492.36,1,10.703478260869565
13732,491.86,1,14.904848484848486
14236,490.86,2,32.724000000000004
15000,490.52,1,6.37038961038961
14416,490.22,2,35.01571428571429
18074,489.6,1,37.66153846153846
12809,489.31,1,19.572400000000002
17361,488.2,3,16.834482758620688
14396,487.99,2,6.684794520547945
15165,487.75,1,18.064814814814813
16643,487.51,1,18.055925925925926
13338,487.02,1,25.632631578947368
13675,486.82,2,19.4728
17453,486.72,2,25.61684210526316
15287,486.69,2,24.3345
13153,486.22,1,32.41466666666667
12639,486.1,1,22.095454545454547
15109,484.95,1,17.319642857142856
16999,484.82,2,21.07913043478261
16504,484.38,1,5.632325581395349
16518,484.32,2,12.108
14130,483.86,1,7.221791044776119
13531,483.8,2,21.990909090909092
12808,483.65000000000003,3,17.273214285714285
14147,483.4,2,96.67999999999999
17555,483.26,2,4.559056603773585
14450,483.25,3,12.08125
16603,482.46999999999997,2,14.190294117647058
17950,482.2,3,6.791549295774648
12504,482.05,2,53.56111111111111
16693,482.01,2,8.0335
18216,481.75,1,18.528846153846153
15091,480.71,1,16.023666666666667
16812,479.35,1,31.956666666666667
16008,478.78,3,14.508484848484848
15589,478.53,3,16.50103448275862
16768,478.09000000000003,3,8.85351851851852
12644,477.90999999999997,1,15.416451612903225
13092,477.83,5,19.1132
14320,477.78999999999996,2,15.41258064516129
12447,476.49,1,18.326538461538462
18176,476.34999999999997,1,15.878333333333332
14853,475.8,2,52.86666666666667
14497,475.37,1,16.392068965517243
15780,475.28000000000003,3,16.38896551724138
15349,473.81,2,6.580694444444444
15557,473.65,1,23.682499999999997
16374,473.03,2,4.261531531531531
14013,473.02,3,13.91235294117647
16038,471.78,3,18.145384615384614
17964,471.7,2,4.535576923076923
16885,471.51,3,4.668415841584158
13066,470.8,2,9.808333333333334
15963,470.76,2,16.812857142857144
14431,470.36,1,27.668235294117647
15471,469.48,1,6.097142857142857
15026,469.0,3,7.688524590163935
14896,468.77,2,10.901627906976744
13171,468.41,3,10.182826086956522
14335,468.26,2,7.432698412698413
14029,467.66,2,31.177333333333333
15468,467.51,2,19.479583333333334
13579,467.04,2,20.30608695652174
14205,466.7,2,19.445833333333333
13248,465.68,2,17.91076923076923
15036,465.55,3,3.665748031496063
17140,465.32,1,23.266
16742,464.9,1,464.9
13928,464.57,4,17.206296296296298
16586,463.95,1,57.99375
14967,463.8,1,77.3
12787,463.65999999999997,3,23.183
17418,463.46,2,15.448666666666666
14489,463.38,1,15.446
12945,462.95,1,20.128260869565217
14331,462.65999999999997,2,16.523571428571426
14470,461.19,2,10.725348837209303
12391,460.89,1,4.6089
16824,460.64,2,17.716923076923077
16805,460.59,2,4.699897959183673
12491,460.4,1,17.707692307692305
12355,459.4,1,35.33846153846154
16589,459.24,3,13.916363636363636
17880,458.92,1,17.65076923076923
15754,458.57,3,16.3775
13506,458.52,2,17.635384615384616
17392,457.91,2,7.385645161290323
15092,457.81,2,17.608076923076922
15121,457.72,2,16.34714285714286
12375,457.5,2,26.91176470588235
13398,457.34000000000003,1,17.59
12564,456.9,1,21.757142857142856
12999,455.88,3,16.28142857142857
14513,455.59000000000003,3,37.965833333333336
15585,455.3,1,14.687096774193549
16529,455.25,1,15.175
13485,454.24,1,19.749565217391304
15475,454.11,1,15.65896551724138
17564,454.01,3,9.265510204081632
18158,453.4,2,13.335294117647058
12729,453.01,1,17.423461538461538
18071,453.0,2,18.12
14184,452.89,1,18.870416666666667
12591,452.84999999999997,1,17.41730769230769
12970,452.24,4,2.9949668874172186
16574,451.44,1,16.122857142857143
15802,451.42,1,451.42
14173,450.84,4,15.546206896551723
17040,449.72999999999996,1,29.981999999999996
13489,449.52,4,32.10857142857143
12448,449.45,1,20.429545454545455
15739,449.12,1,56.14
17579,448.9,3,8.978
14780,447.68,2,16.58074074074074
15646,447.64,3,12.789714285714286
15456,447.21999999999997,3,7.453666666666666
15368,446.94,1,111.735
15889,446.87,2,4.80505376344086
14149,446.62,1,15.950714285714286
17370,446.18,4,13.520606060606061
17190,444.74,2,23.40736842105263
18006,444.68,1,20.212727272727275
14638,443.6,1,27.725
16404,443.05,1,19.26304347826087
18222,443.0,1,23.31578947368421
14093,442.85,1,4.217619047619048
12579,440.42,1,15.18689655172414
14022,440.0,1,15.714285714285714
18233,440.0,1,440.0
15524,440.0,1,440.0
13954,439.92,2,17.5968
16025,439.65999999999997,1,15.702142857142857
13359,439.56,1,19.11130434782609
16968,439.43,2,14.175161290322581
13358,439.03,1,15.138965517241378
14272,437.96,2,13.271515151515151
12552,437.82,2,21.891
16034,437.70000000000005,3,19.895454545454548
12592,437.6,2,24.311111111111114
15553,437.23,1,7.807678571428572
16084,436.18,1,11.47842105263158
15551,436.06,1,15.036551724137931
16948,435.02,3,22.89578947368421
14910,434.35,4,14.478333333333333
14460,434.34,3,27.14625
12493,433.74,2,19.715454545454545
17035,433.53,2,15.483214285714284
14157,432.88,2,9.018333333333333
16236,432.2,1,21.61
16881,432.0,1,432.0
15976,430.94,2,4.39734693877551
18106,430.7,1,11.043589743589743
12452,430.57,2,19.571363636363635
13245,430.5,1,26.90625
12795,430.48,1,30.74857142857143
12827,430.15,3,17.206
14998,429.87,2,5.7316
16884,429.84,2,16.53230769230769
15450,429.84,1,14.328
15230,429.6,2,18.678260869565218
15957,428.89,1,10.211666666666666
13602,428.89,1,18.647391304347824
16324,428.68,3,3.6328813559322035
17869,428.18,5,10.7045
15360,427.93,1,32.917692307692306
12725,427.8,1,17.825
12403,427.7,1,85.53999999999999
12740,427.6,1,15.837037037037037
12802,427.58,1,17.1032
15994,427.07,1,12.202
17223,426.79,2,8.71
15930,426.63,1,20.315714285714286
14288,426.6,1,26.6625
15639,425.32,1,17.0128
16780,425.19,2,7.0865
17134,425.0,2,17.708333333333332
17371,423.89,3,4.872298850574713
13140,423.72,3,9.211304347826088
16119,423.36,2,26.46
15012,423.04,2,3.305
18034,422.88,2,3.775714285714286
17525,422.7,1,46.96666666666667
13473,422.64,2,20.125714285714285
16689,422.6,2,32.50769230769231
18240,422.58,1,70.42999999999999
17232,421.52,2,11.708888888888888
14757,420.5,1,22.13157894736842
15206,420.3,4,46.7
14124,419.58,1,83.916
15361,418.92,1,59.84571428571429
15967,418.83,2,4.986071428571428
12593,418.1,3,19.90952380952381
17701,417.95,1,17.414583333333333
16629,417.73,2,6.52703125
13615,417.69,1,18.160434782608696
16737,417.6,1,417.6
12833,417.38,1,17.390833333333333
18001,417.23,2,7.193620689655173
13166,417.2,1,10.175609756097561
16816,417.06,4,14.895
13889,416.9,1,27.793333333333333
15935,416.86,2,34.73833333333334
16957,416.64,2,26.04
13085,416.08,2,18.91272727272727
14139,415.82,1,15.993076923076924
15803,415.82,1,51.9775
12930,415.8,2,16.632
12580,415.7,1,17.320833333333333
15725,415.25,1,12.9765625
14333,415.2,1,27.68
16795,414.88,1,6.286060606060606
12993,414.76,4,15.361481481481482
16239,414.2,2,21.8
17483,414.04,3,19.716190476190476
17052,413.75,1,4.497282608695652
13974,413.59,1,14.771071428571428
16834,413.46,1,17.2275
14620,412.78000000000003,2,15.876153846153848
13827,412.05,3,4.430645161290323
15523,412.01,1,41.201
16272,411.7,1,16.468
17913,411.6,2,6.976271186440679
14670,411.53,2,3.1176515151515147
15186,411.40999999999997,2,21.65315789473684
15099,410.48,1,17.84695652173913
15695,409.98,2,18.635454545454547
14048,409.93,1,4.822705882352941
14348,409.57,1,22.753888888888888
12990,409.5,3,31.5
15225,409.4,1,17.8
16243,409.1,2,8.02156862745098
16018,408.9,2,14.603571428571428
15269,408.8,1,204.4
16399,408.57,2,5.596849315068493
17931,408.36,2,6.282461538461539
16010,407.5,3,4.738372093023256
15184,406.76,2,6.456507936507936
15127,406.53,1,25.408125
16947,406.48,1,19.356190476190477
15342,406.09,1,16.920416666666664
14616,406.08000000000004,3,135.36
16204,405.71,1,7.117719298245614
18036,405.62,3,4.225208333333334
12922,405.38,1,14.477857142857143
17379,404.65999999999997,1,4.8754216867469875
15938,404.58,5,22.476666666666667
16319,404.40000000000003,1,134.8
16484,404.3,2,16.172
12498,403.7,3,17.55217391304348
17431,403.3,1,9.37906976744186
15221,403.25,1,80.65
12386,401.9,2,40.19
15158,401.40000000000003,1,57.34285714285715
16500,400.86,6,36.441818181818185
16198,400.68,1,28.62
12792,400.53999999999996,1,16.0216
17375,400.1,3,5.798550724637681
18164,399.65,1,16.652083333333334
13255,399.51,2,30.73153846153846
18154,399.19,2,19.009047619047617
15522,398.84,2,6.99719298245614
17830,398.7,3,17.33478260869565
12508,398.27,2,5.772028985507246
13352,397.98,1,16.5825
15429,397.35,2,4.845731707317073
17926,397.29,2,18.91857142857143
12824,397.12,1,15.8848
13594,396.97,1,15.268076923076924
13673,396.92,2,6.106461538461539
17486,396.87,1,16.53625
15883,396.48,2,8.091428571428573
18067,396.33,1,10.711621621621621
16354,395.8,2,10.148717948717948
17603,394.72,1,35.88363636363636
14619,394.44,1,19.722
16207,394.38,1,20.756842105263157
15386,394.14,1,12.714193548387096
15264,393.74,1,17.11913043478261
15345,393.54,1,19.677
17226,393.49,1,18.73761904761905
14600,393.33,1,15.7332
15837,391.98,1,16.3325
16917,391.52,1,43.50222222222222
12982,390.54,1,13.947857142857144
17614,390.07,1,3.9007
17936,389.84,1,5.062857142857142
18024,389.78,2,18.56095238095238
14752,389.64,1,77.928
13873,389.6,3,16.93913043478261
13345,389.5,1,19.475
16250,389.44,2,16.226666666666667
15847,389.27,2,17.694090909090907
12690,389.01,1,24.313125
17595,388.79,2,4.68421686746988
15592,388.58,1,16.190833333333334
13899,388.52,2,20.448421052631577
13856,388.5,3,27.75
17438,388.45,1,22.849999999999998
16776,388.28,1,5.1089473684210525
14538,388.25,2,20.43421052631579
17357,388.14,2,8.625333333333334
17817,387.68,3,11.747878787878788
14420,387.52,1,13.362758620689654
17508,387.31,1,17.605
14114,386.53,2,25.768666666666665
15664,386.43,1,22.731176470588235
14779,386.15,3,9.418292682926829
13821,385.64,2,6.536271186440678
17711,385.1,2,16.743478260869566
13919,384.81,2,13.743214285714286
13833,384.8,1,13.26896551724138
17250,384.52,2,6.7459649122807015
17189,384.4,2,6.301639344262295
17205,384.08,1,29.544615384615383
16982,384.06,1,17.457272727272727
15048,384.05,4,3.959278350515464
12733,383.95,1,17.452272727272728
12515,383.7,1,23.98125
15440,383.68,3,6.188387096774194
14304,383.45,1,22.555882352941175
15424,383.34,2,22.54941176470588
12832,383.03000000000003,2,14.186296296296298
13817,382.98,2,15.957500000000001
18181,382.8,1,8.700000000000001
17239,382.5,1,25.5
13657,382.14,2,23.88375
17999,382.06,2,4.108172043010753
15090,381.32,1,16.57913043478261
16441,381.2,2,15.883333333333333
12871,380.64,2,34.60363636363636
17573,380.6,3,15.224
16930,380.55,3,7.0472222222222225
17138,380.5,1,15.854166666666666
12890,380.46999999999997,1,4.639878048780488
16769,380.39,1,9.50975
17031,380.35,2,17.288636363636364
14731,380.02,3,8.444888888888888
14594,379.83,2,7.166603773584906
16552,379.73,2,22.337058823529414
13589,379.65,2,18.07857142857143
13656,379.65,2,7.747959183673469
17878,379.45,1,14.59423076923077
15885,379.35,3,21.075000000000003
16909,379.14,1,21.063333333333333
13372,378.64,1,16.46260869565217
17078,378.2,2,13.507142857142856
17736,377.44,3,15.0976
15025,377.01,1,5.23625
17489,376.64,2,12.987586206896552
13936,376.58,1,14.483846153846153
16858,375.69,1,37.569
14448,375.35,2,18.767500000000002
14079,375.1,1,31.258333333333336
16147,375.0,1,17.045454545454547
14067,374.7,2,7.2057692307692305
17492,374.57,1,31.214166666666667
12873,374.0,1,93.5
13351,373.94,1,23.37125
13569,373.75,2,4.397058823529412
16321,373.65,5,31.1375
16903,373.24,1,6.220666666666667
12895,372.8,2,16.945454545454545
12544,372.7,1,19.61578947368421
12981,372.21999999999997,2,18.610999999999997
16065,372.09,1,5.028243243243243
13300,371.89,1,18.5945
17765,371.88,3,6.524210526315789
14690,371.7,2,7.434
18155,371.62,3,14.8648
15472,371.56,1,4.888947368421053
14950,371.2,1,19.53684210526316
15975,371.01,1,15.45875
15063,370.79999999999995,1,74.16
16343,370.48,2,7.882553191489362
15922,369.5,1,33.59090909090909
16758,369.34,1,16.788181818181815
14888,369.2,1,18.46
16372,367.93,2,3.7930927835051547
17911,366.23,1,9.390512820512821
17358,365.85,2,6.200847457627119
17432,365.76,2,7.62
16499,365.45,2,19.23421052631579
16202,365.27,1,20.292777777777776
14886,364.8,1,20.266666666666666
15949,364.71999999999997,2,19.195789473684208
12373,364.6,1,26.042857142857144
15343,364.5,1,17.357142857142858
14528,364.21999999999997,1,20.234444444444442
12538,363.95,1,17.33095238095238
17330,363.9,2,60.65
15901,363.88,3,3.136896551724138
14171,363.79,1,6.272241379310345
16509,363.7,1,27.976923076923075
12915,363.65,2,16.529545454545453
18056,363.65,1,19.139473684210525
16485,363.65,1,8.658333333333333
14932,363.53,1,21.384117647058822
14427,363.34000000000003,2,21.37294117647059
16378,362.95,3,15.780434782608696
16052,362.06,1,10.648823529411764
13844,361.62,1,18.081
16305,361.22,1,16.41909090909091
13291,361.11,1,8.597857142857142
15872,360.93,2,2.819765625
16595,360.16,1,4.237176470588236
13780,360.01,2,6.315964912280702
13298,360.0,1,180.0
15120,358.82,1,17.086666666666666
17948,358.56,1,358.56
16823,358.38,1,9.431052631578947
13228,358.0,1,179.0
13976,357.98,1,35.798
16274,357.95,1,5.342537313432835
17025,357.77,3,39.75222222222222
16971,357.21,1,8.712439024390243
18040,357.2,2,18.8
13453,356.98,2,20.998823529411766
14500,356.85,3,50.978571428571435
15713,356.7,2,18.773684210526316
15247,356.0,1,59.333333333333336
14537,355.56,1,35.556
15840,355.56,2,13.168888888888889
12617,355.53000000000003,1,8.465
17742,355.11,2,23.674
13642,354.8,1,5.375757575757576
17222,354.15,1,12.648214285714285
12888,354.12,2,70.824
12845,354.09000000000003,4,13.114444444444446
15870,354.09000000000003,1,4.659078947368421
12715,353.86,1,16.85047619047619
17252,353.86,2,4.067356321839081
13173,353.65000000000003,2,8.224418604651163
13210,353.48,1,16.067272727272726
13343,353.43,1,18.60157894736842
14804,353.27,1,29.439166666666665
17976,353.19,1,5.433692307692308
15678,352.7,1,29.391666666666666
18112,352.69,2,13.565
15334,351.67,3,3.5522222222222224
12566,351.65,1,18.507894736842104
15789,351.3,1,14.052
13923,351.13,1,17.5565
15900,351.11,1,6.884509803921569
13332,350.9,1,16.70952380952381
13740,350.75,1,15.25
17835,350.64,3,5.7481967213114755
17795,350.39,2,7.617173913043478
13108,350.06,1,35.006
12532,349.83,1,21.864375
13670,349.7,1,13.988
13887,349.55,1,18.397368421052633
18250,349.27,1,16.63190476190476
15405,349.1,1,43.6375
13927,348.99,1,16.61857142857143
13790,348.8,1,7.751111111111111
18127,348.73,3,7.419787234042554
12527,348.71,3,19.372777777777777
15579,348.6,2,6.835294117647059
16159,348.2,1,24.87142857142857
13052,348.15,1,19.341666666666665
14379,348.1,2,7.567391304347827
13497,348.05,2,18.318421052631578
17668,347.75,2,23.183333333333334
13062,346.98,1,31.543636363636367
13649,346.6,2,15.069565217391306
16423,346.12,1,19.22888888888889
13091,345.82,1,16.467619047619046
15781,345.46,3,17.273
17123,345.3,1,38.36666666666667
13774,345.0,1,15.681818181818182
14633,344.9,1,17.244999999999997
16978,344.33,1,8.828974358974358
17569,344.14,1,11.866896551724137
13068,344.0,2,172.0
15047,343.62,1,15.61909090909091
15520,343.5,1,19.083333333333332
18081,343.45,3,20.20294117647059
15880,343.28,1,3.269333333333333
12875,343.23,2,171.615
17201,342.63,1,8.56575
16851,342.45,3,17.1225
16826,341.7,1,15.531818181818181
13347,341.36,1,42.67
17917,341.28,3,3.63063829787234
14491,340.93,2,20.05470588235294
12519,340.84,1,18.935555555555553
15115,340.11,1,16.195714285714285
13737,339.6,1,11.32
17045,339.44,3,15.42909090909091
16545,339.3,1,113.10000000000001
17697,338.95,1,17.839473684210525
17839,338.8,1,6.05
16183,338.71000000000004,1,22.58066666666667
15652,337.74,1,16.082857142857144
15942,337.44,1,24.102857142857143
13930,337.34,2,19.843529411764706
17973,337.04,1,22.469333333333335
16105,336.96,1,25.919999999999998
17914,336.43,1,4.205375
17384,336.4,2,22.426666666666666
15619,336.4,1,112.13333333333333
14954,336.17,1,3.9549411764705886
18078,336.13,2,11.590689655172413
15921,336.03000000000003,1,13.441200000000002
18276,335.86,1,23.990000000000002
14196,335.52,1,55.919999999999995
16063,335.32,1,14.57913043478261
17221,335.13,2,5.319523809523809
12489,334.93,1,22.328666666666667
14988,334.54,1,8.3635
15466,334.53,1,5.868947368421052
12350,334.4,1,19.670588235294115
15918,334.23,2,8.35575
14264,333.97,2,19.64529411764706
13216,333.74,1,66.748
13727,333.48,2,16.674
16625,333.08,1,14.481739130434782
14902,332.66,1,16.633000000000003
13904,332.64,2,12.793846153846154
16850,332.40999999999997,1,17.495263157894737
16803,332.3,1,13.845833333333333
16177,331.95,1,22.13
16030,331.24,1,11.422068965517242
15210,331.18,1,16.559
16478,331.0,3,19.470588235294116
12891,331.0,3,110.33333333333333
17862,330.9,1,30.08181818181818
15714,330.88,2,9.453714285714286
13706,330.79,1,16.5395
14517,330.45,2,18.358333333333334
15130,330.11,1,15.005
16593,330.03,3,12.223333333333333
12953,329.85,1,19.40294117647059
14716,329.68,2,5.9941818181818185
17866,329.65,1,36.62777777777777
17615,329.6,3,23.542857142857144
13239,329.56,1,15.693333333333333
17154,329.34,1,14.319130434782608
15153,329.25,1,14.965909090909092
14012,328.8,1,29.89090909090909
16855,328.4,2,17.28421052631579
15213,328.34999999999997,2,13.681249999999999
14747,328.2,1,18.233333333333334
14206,328.15999999999997,1,16.407999999999998
16318,328.15,1,17.271052631578947
15314,327.96999999999997,1,13.665416666666665
14024,327.7,2,20.48125
16366,327.3,1,18.183333333333334
14870,327.25,1,25.173076923076923
16322,326.75,2,8.83108108108108
14987,326.4,2,81.6
17715,326.4,1,326.4
16071,326.24,1,15.535238095238096
15363,326.0,1,20.375
12844,325.96,2,6.268461538461538
16830,325.91,1,14.170000000000002
14850,325.75,1,15.511904761904763
15944,325.09999999999997,1,54.18333333333333
12790,324.91999999999996,1,15.47238095238095
13801,324.8,1,14.121739130434783
15597,324.57,1,14.753181818181817
16685,324.24,2,5.2296774193548385
18261,324.24,2,15.440000000000001
14555,324.14,2,15.435238095238095
15675,323.69,3,15.413809523809524
17793,323.04,1,5.5696551724137935
16739,323.0,1,24.846153846153847
13955,322.96,2,9.786666666666665
16627,322.8,1,16.14
16342,322.41,4,21.494000000000003
15224,322.08,2,23.005714285714284
14424,322.08,1,322.08
14484,321.92,1,22.994285714285716
14823,321.43,3,4.591857142857143
15236,321.05,1,21.403333333333332
18117,320.71999999999997,1,4.334054054054054
16096,320.62,1,26.718333333333334
14622,320.58,1,15.265714285714285
13986,320.46,1,24.650769230769228
16674,319.61,2,3.261326530612245
15107,319.5,6,19.96875
16967,319.02,1,15.19142857142857
17157,319.0,2,24.53846153846154
17229,318.76,2,6.782127659574468
17248,318.65,1,4.618115942028985
14703,318.17,1,14.462272727272728
12648,318.05,1,15.145238095238096
18066,318.0,1,31.8
17172,317.76,1,21.184
17267,317.62,2,8.358421052631579
15101,317.53000000000003,2,39.691250000000004
16386,317.2,2,3.6045454545454545
15257,317.15,1,45.30714285714286
15385,316.88,1,26.406666666666666
15243,316.68,1,14.394545454545455
16761,316.62,1,24.355384615384615
15204,316.58,1,35.175555555555555
17458,316.5,1,5.861111111111111
13494,316.26,1,17.57
14479,316.25,2,17.569444444444443
16473,316.11,3,17.561666666666667
12614,315.6,1,15.780000000000001
16091,315.06,2,17.503333333333334
15766,315.06,1,28.64181818181818
17237,314.69,2,16.562631578947368
16193,314.45,1,16.55
12650,314.44,1,15.722
16227,314.22,1,52.370000000000005
15970,314.09999999999997,1,28.55454545454545
13484,313.8,1,39.225
16582,313.62,1,52.27
14729,313.49,1,4.415352112676056
13845,312.98,1,34.775555555555556
15318,312.62,1,9.473333333333333
12834,312.38,1,17.354444444444443
17362,312.23,2,8.920857142857143
17070,312.14,1,4.8771875
12785,311.95,1,22.282142857142855
16450,311.92,1,28.35636363636364
14142,311.81,1,14.173181818181819
15326,311.71,1,10.748620689655171
14951,311.69,1,15.5845
14327,311.65,1,25.97083333333333
12852,311.55,1,18.326470588235296
13990,311.3,1,19.45625
17854,311.26,2,20.750666666666667
16781,311.25,1,18.308823529411764
13897,311.16,1,18.303529411764707
17912,311.01,5,8.184473684210525
17266,310.64,3,3.883
15185,310.62,1,14.791428571428572
15308,310.46999999999997,1,16.34052631578947
14311,310.26,1,15.513
14924,310.05,1,31.005000000000003
15661,309.8,2,61.96
15699,309.65,1,17.202777777777776
16810,309.54,1,20.636000000000003
14339,309.52,1,22.108571428571427
14847,309.4,1,23.799999999999997
17604,309.36,2,4.91047619047619
12884,309.05,1,44.15
13787,309.04,2,9.969032258064518
15010,308.94,1,15.447
16956,308.74,1,19.29625
13699,308.58,1,22.041428571428572
17510,308.48,1,15.424000000000001
13369,308.28,1,22.02
13466,307.9,1,18.11176470588235
15973,307.82,1,76.955
16123,307.78,1,19.23625
13529,307.76,2,20.517333333333333
13395,307.72,1,14.653333333333334
13060,307.53,1,20.502
14915,307.48,2,25.623333333333335
17120,307.46,1,17.08111111111111
13932,307.4,1,19.2125
13142,307.09000000000003,1,13.351739130434783
17334,307.02,2,27.91090909090909
15087,306.94,1,20.462666666666667
17551,306.84,1,7.1358139534883716
16668,306.72,6,15.336000000000002
13762,306.72,1,43.81714285714286
13718,306.55,2,25.545833333333334
18059,306.46,3,17.025555555555556
15659,306.45,1,27.85909090909091
17176,306.13,1,20.408666666666665
13863,305.78,1,15.288999999999998
15219,305.75,1,33.97222222222222
16796,305.62,1,16.97888888888889
16181,305.53999999999996,1,27.776363636363634
13045,305.28000000000003,1,16.96
18220,305.28,1,152.64
12623,305.1,1,16.950000000000003
13667,305.02,1,3.505977011494253
17941,304.56,1,152.28
15163,304.46999999999997,2,10.498965517241379
18185,304.25,1,17.897058823529413
16217,304.25,2,20.283333333333335
17732,303.97,1,16.887222222222224
16400,303.93,1,10.480344827586206
13083,303.75,2,16.875
17433,303.15999999999997,1,5.6140740740740736
15060,303.09000000000003,4,2.5048760330578514
16425,302.7,1,14.414285714285715
14248,302.58,1,37.8225
18165,302.46,1,30.246
16104,302.36,1,10.426206896551724
16292,302.25,1,17.779411764705884
17506,302.2,1,21.585714285714285
15054,302.1,2,2.6500000000000004
17094,302.0,1,21.571428571428573
16297,301.9,1,15.094999999999999
16715,301.71999999999997,1,15.879999999999999
15667,301.32,1,23.178461538461537
15148,301.29,1,15.0645
15623,301.03000000000003,1,15.843684210526318
13479,300.95,2,20.063333333333333
17978,300.92,1,25.076666666666668
16430,300.85,1,50.14166666666667
16479,300.83,2,8.595142857142857
14762,300.52,1,14.310476190476189
13304,300.42,1,14.305714285714286
15254,300.36,1,16.686666666666667
13745,300.04,1,12.001600000000002
18053,300.02,1,15.001
16402,299.6,2,4.993333333333334
18215,299.34000000000003,1,23.02615384615385
17124,298.89,1,9.3403125
15609,298.48,1,18.655
17255,298.41,2,3.825769230769231
17824,298.4,1,22.95384615384615
17678,298.11,1,18.631875
12881,298.0,1,42.57142857142857
15857,297.0,1,21.214285714285715
13708,296.88,1,5.821176470588235
14985,296.75,2,3.410919540229885
17531,296.7,1,21.192857142857143
13441,296.64,1,22.818461538461538
15154,296.42,1,3.487294117647059
13751,296.25,1,32.916666666666664
13504,295.93,1,13.451363636363636
16998,295.0,4,73.75
13573,294.4,2,11.323076923076922
15732,294.12,2,21.00857142857143
17163,293.1,2,58.620000000000005
12829,293.0,2,26.636363636363637
15545,292.72,2,3.6138271604938277
16721,292.47,1,7.904594594594595
13259,292.32,1,3.36
13502,292.0,3,16.22222222222222
13449,291.88,1,15.362105263157895
13544,291.41,2,3.349540229885058
14656,291.05,2,3.638125
14947,290.82,2,20.77285714285714
16648,290.66,1,15.297894736842107
15279,290.51,1,15.29
17691,290.4,2,15.284210526315789
16526,290.36,1,19.357333333333333
17081,290.16,2,4.53375
14784,289.99,2,19.332666666666668
17464,289.96000000000004,1,32.21777777777778
14953,289.82,1,5.269454545454545
16897,289.78,2,7.831891891891891
14162,289.36,2,11.5744
16125,289.35,1,22.25769230769231
14549,289.24,1,5.165
17501,288.6,2,16.033333333333335
16808,288.42,2,12.540000000000001
15396,288.18,1,20.584285714285716
17977,288.14,1,13.72095238095238
17080,287.62,2,35.9525
17760,287.59,2,11.503599999999999
16432,287.40000000000003,1,35.925000000000004
13760,286.79,2,5.03140350877193
16555,285.89,2,16.81705882352941
14660,285.74,2,9.524666666666667
17636,285.56,1,14.278
16429,284.55,1,142.275
18190,284.46,2,18.964
13121,283.73,1,5.674600000000001
13439,283.71,1,5.253888888888889
12703,283.55,1,13.502380952380953
17783,283.47,2,4.23089552238806
17251,283.28,1,7.263589743589743
18270,283.15000000000003,2,25.740909090909096
17694,283.12,1,18.874666666666666
14350,282.93,1,15.718333333333334
13754,282.6,2,23.55
13177,282.45,1,16.61470588235294
17247,282.19,1,5.130727272727273
16557,281.85,2,25.622727272727275
17403,281.62,1,8.533939393939393
16848,281.42,1,20.101428571428574
14242,280.55,2,17.534375
13606,280.54,3,6.524186046511629
16149,280.52,2,15.584444444444443
14975,279.94,1,25.44909090909091
15556,279.77,1,9.024838709677418
14480,279.05,1,21.465384615384615
17786,278.74,2,3.871388888888889
14764,278.3,1,46.38333333333333
14908,277.8,1,30.866666666666667
17968,277.35,1,3.2629411764705885
13803,277.07,1,16.298235294117646
15355,277.05,2,19.789285714285715
16883,276.73,2,7.282368421052632
13272,276.56,2,18.437333333333335
14508,276.42,2,4.849473684210526
12750,275.88,1,18.392
14512,275.28,2,11.968695652173912
16313,274.15,2,17.134375
16727,272.82,1,5.9308695652173915
17254,272.44,2,2.4325
17498,272.21999999999997,1,16.012941176470587
14819,272.07,2,20.928461538461537
13917,272.04,2,15.113333333333335
14816,271.85,1,67.9625
13058,271.40000000000003,3,33.925000000000004
13837,271.24,2,14.275789473684211
17767,271.2,1,12.914285714285715
17496,271.05,1,27.105
18108,271.0,1,15.941176470588236
17011,270.9,1,18.06
15774,270.8,1,10.832
13533,270.79,3,3.563026315789474
14520,270.6,2,67.65
13242,270.40000000000003,3,20.800000000000004
12558,269.96,1,24.54181818181818
14727,268.58,1,26.857999999999997
15408,267.18,1,7.858235294117647
17550,267.16,3,6.360952380952382
15320,267.13,1,7.420277777777778
17708,267.08,2,7.630857142857143
15517,267.03,1,9.889999999999999
16451,266.96999999999997,1,19.069285714285712
14863,266.76,1,24.25090909090909
15119,266.4,1,19.02857142857143
12962,266.39,2,16.649375
15019,266.0,1,3.8
14068,265.85,1,11.077083333333334
17430,265.76,2,18.982857142857142
14423,265.2,1,88.39999999999999
13973,264.7,1,24.063636363636363
15912,264.62,2,13.927368421052632
14452,264.44,2,4.26516129032258
15894,263.55,2,6.4280487804878055
12492,263.21,2,13.160499999999999
16936,262.68,1,4.608421052631579
17194,262.62,2,9.055862068965517
16413,262.2,1,8.458064516129031
17385,261.11,1,5.555531914893617
13189,260.68,2,8.988965517241379
14053,260.25,2,65.0625
15014,260.17,2,7.433428571428572
15143,259.45,1,18.532142857142855
17125,259.35,1,6.483750000000001
13127,259.17,1,17.278000000000002
16447,259.01,1,7.194722222222222
15577,258.88,3,6.637948717948718
13277,258.4,4,32.3
13227,257.7,1,28.633333333333333
14375,257.68,1,3.4357333333333333
18009,257.34,1,8.041875
13626,257.23,1,13.53842105263158
16048,256.44,2,32.055
12430,256.4,1,23.30909090909091
13806,256.38,1,25.637999999999998
17896,256.32,1,128.16
14761,255.9,2,23.263636363636365
15277,255.9,1,21.325
14881,255.4,1,15.023529411764706
16226,255.12,3,31.89
15261,254.82,1,13.41157894736842
12604,254.17999999999998,2,15.886249999999999
14765,254.11,3,6.515641025641026
15689,254.1,2,28.233333333333334
12797,254.03,1,19.540769230769232
15759,253.04,3,36.14857142857143
17860,252.8,1,4.358620689655172
15035,252.73,1,9.36037037037037
13404,252.49,2,22.953636363636363
15346,252.42,1,14.848235294117647
13645,252.1,1,50.42
13711,252.06,2,19.38923076923077
16330,251.91,3,6.4592307692307696
16836,251.87,2,22.89727272727273
17155,251.7,2,12.584999999999999
16976,251.51999999999998,1,125.75999999999999
16024,251.24,1,3.925625
13512,251.21,1,16.747333333333334
14501,251.20999999999998,2,25.121
13207,250.26000000000002,2,31.282500000000002
16596,250.15,2,20.845833333333335
17303,250.04,1,4.717735849056604
15510,250.0,1,250.0
17456,249.85999999999999,1,14.697647058823529
18005,249.72,2,4.162
16124,249.0,1,22.636363636363637
17111,248.61,1,8.287
13061,248.60999999999999,1,24.860999999999997
18212,248.42,1,5.7772093023255815
16510,248.1,1,19.084615384615383
15097,248.08,1,9.923200000000001
13592,247.96,4,15.4975
18072,247.44,1,13.746666666666666
13349,247.32,1,15.4575
14658,247.15,2,8.522413793103448
17051,247.14,1,5.747441860465116
15783,246.3,1,17.592857142857145
17278,246.04,1,16.402666666666665
16778,245.94,2,15.37125
17771,245.81,2,4.552037037037037
12660,245.1,1,18.853846153846153
16601,244.8,1,7.896774193548388
15118,244.8,1,244.8
16528,244.41,1,14.377058823529412
17892,244.1,3,8.717857142857143
17925,244.08,1,244.08
13103,243.94,1,30.4925
16793,243.84,1,15.24
18193,243.76,1,15.235
13886,243.56,1,15.2225
15634,243.55,1,16.236666666666668
17339,243.35999999999999,2,27.04
17908,243.28,1,4.19448275862069
14647,243.22,1,8.107333333333333
16215,242.35,1,17.310714285714287
15776,241.62,1,13.423333333333334
14523,241.09,1,20.090833333333332
16427,241.06,2,26.784444444444446
15598,240.68,1,17.19142857142857
15286,240.55,1,80.18333333333334
13565,240.22,2,6.321578947368421
17256,240.0,2,15.0
17181,239.92,2,10.431304347826087
15690,239.76,2,12.618947368421052
13570,239.49,1,8.870000000000001
17684,239.41,1,15.960666666666667
16756,239.4,1,18.415384615384617
12561,238.85,1,14.928125
15850,238.85,2,2.4623711340206187
12718,238.25,1,12.539473684210526
17877,237.60999999999999,1,19.800833333333333
14586,237.35999999999999,1,12.492631578947368
15457,237.07,1,4.087413793103448
18110,236.3,1,5.136956521739131
12732,236.26,1,19.688333333333333
16026,236.09,1,7.3778125
13187,236.02,1,6.378918918918919
15462,234.6,3,21.327272727272728
14473,234.34,2,33.47714285714286
17060,234.23999999999998,1,46.848
16961,234.17000000000002,1,16.726428571428574
12736,234.0,1,58.5
15483,233.81,4,2.656931818181818
13348,233.76,1,16.697142857142858
16583,233.45,1,16.675
14995,233.23,2,3.8234426229508194
16302,233.22,1,21.201818181818183
13678,232.6,1,14.5375
18213,232.48,1,15.498666666666667
16117,232.21,1,7.740333333333334
15393,231.86,2,19.32166666666667
16641,231.1,1,19.258333333333333
18030,230.64999999999998,2,25.627777777777776
15866,230.53,1,5.122888888888889
16445,230.51,1,3.658888888888889
13786,230.4,1,32.91428571428572
16926,230.25,1,16.446428571428573
13960,230.22,2,19.185
12812,229.64,1,15.309333333333333
13474,229.59,1,3.58734375
13008,229.47,1,16.390714285714285
15528,229.33,1,8.820384615384615
14793,228.99,1,16.356428571428573
17347,228.96,1,228.96
13146,228.91,1,13.465294117647058
13712,228.84,1,22.884
13070,228.8,1,25.422222222222224
17969,228.2,2,16.3
16527,228.06,1,16.29
14569,227.39,1,18.949166666666667
17212,226.85,1,56.7125
17572,226.75,4,18.895833333333332
16315,226.37,1,16.169285714285714
16777,226.35,2,4.527
16619,226.21,1,16.157857142857143
12672,225.9,1,22.59
17789,225.9,1,16.135714285714286
14624,225.85,2,17.373076923076923
14357,225.77,1,5.506585365853659
12402,225.6,1,20.509090909090908
16690,225.58,2,18.798333333333336
14052,225.36,1,4.024285714285715
16587,225.15,1,17.31923076923077
17171,224.91,1,14.056875
15175,224.14,1,9.745217391304347
16471,223.95,1,17.226923076923075
16753,223.92000000000002,1,6.5858823529411765
14929,223.88,1,20.35272727272727
13926,223.85,1,20.349999999999998
18101,223.65,2,5.454878048780488
15637,223.36,1,14.890666666666668
17534,223.36,1,24.817777777777778
13382,222.99,1,14.866000000000001
15897,222.05,2,9.252083333333333
14598,221.97,1,4.4394
14960,221.27,2,8.195185185185185
16392,221.19,1,4.915333333333333
13419,221.06,1,13.81625
15790,220.85,1,6.31
16482,220.62,1,12.256666666666668
13079,220.1,5,36.68333333333333
18114,220.1,1,7.860714285714286
13600,219.52,1,11.553684210526317
15096,219.39,1,19.94454545454545
16895,219.14,1,3.175942028985507
12702,219.0,1,18.25
13669,218.55,2,24.283333333333335
17619,218.52,1,2.837922077922078
13428,218.47,1,2.952297297297297
12574,218.45,1,19.85909090909091
15724,218.25,2,19.84090909090909
14570,218.06,2,7.519310344827586
16634,217.9,2,24.211111111111112
13271,217.38,1,2.264375
15554,217.2,1,15.514285714285714
16080,217.16,2,21.716
13739,216.9,1,72.3
13503,216.85,1,12.755882352941176
15460,216.76,1,3.7372413793103445
12897,216.5,2,54.125
15604,216.39,1,12.728823529411764
17436,216.3,2,24.033333333333335
14104,216.21,2,10.295714285714286
13858,216.17000000000002,1,19.651818181818182
16179,215.83,1,19.62090909090909
15052,215.78,1,7.192666666666667
17580,215.72,3,4.793777777777778
14476,215.7,1,11.352631578947367
16189,215.48,2,19.58909090909091
16190,215.07999999999998,1,35.846666666666664
16519,215.07999999999998,2,16.544615384615383
12831,215.05,1,23.894444444444446
12588,214.9,1,21.490000000000002
16338,214.8,1,19.527272727272727
16411,214.65,2,4.7700000000000005
16846,214.32,1,19.483636363636364
16647,214.06,2,15.290000000000001
14601,213.96,1,30.565714285714286
13621,213.85,1,11.255263157894737
17153,213.78,1,15.27
14241,213.70000000000002,1,21.37
13411,213.55,1,11.863888888888889
16591,213.5,1,21.35
15540,213.3,1,14.22
14984,213.27,2,5.201707317073171
17928,212.54,2,9.240869565217391
16017,211.88,1,6.62125
16356,211.77,3,6.831290322580646
15703,211.5,1,42.3
12995,211.32,1,70.44
16415,210.35,1,3.89537037037037
13532,210.31,1,3.1865151515151515
13828,209.49,1,13.966000000000001
17855,208.97,1,12.292352941176471
15327,208.75,1,20.875
17514,208.65,1,5.2162500000000005
16914,208.46,1,5.4857894736842105
16457,208.36,1,23.151111111111113
12547,207.8,2,25.975
18191,207.8,1,29.685714285714287
16866,207.74,3,18.885454545454547
17923,207.5,1,207.5
16752,207.5,1,23.055555555555557
16323,207.5,1,207.5
13099,207.36,1,207.36
15925,207.15,1,17.2625
15820,206.98,1,12.175294117647057
18126,206.83,1,3.6933928571428574
17166,206.34,2,17.195
14964,206.21,1,15.862307692307693
13065,205.85999999999999,1,14.704285714285714
17670,205.7,1,18.7
17843,205.48,1,5.553513513513513
15307,205.3,1,17.108333333333334
15758,205.25,1,22.805555555555557
13513,205.1,1,20.509999999999998
15319,204.5,1,12.78125
17206,204.24,1,29.177142857142858
18273,204.0,3,68.0
13017,204.0,1,204.0
17187,203.95,1,20.395
17394,203.87,1,50.9675
17889,203.87,2,9.708095238095238
17891,203.85999999999999,1,5.995882352941176
17376,203.2,2,8.466666666666667
15723,203.1,1,4.953658536585365
14381,202.68,1,3.619285714285714
18169,202.65,1,22.516666666666666
14385,202.10999999999999,3,14.43642857142857
15347,201.6,1,40.32
13295,201.2,1,20.119999999999997
16965,201.19,1,7.738076923076923
13284,201.19,1,15.476153846153846
13859,201.16,1,7.184285714285714
17988,201.12,7,5.292631578947368
17693,200.47,1,12.529375
13262,200.29,1,18.208181818181817
15437,200.16,1,4.4479999999999995
13980,200.14,1,18.19454545454545
14782,200.1,1,33.35
13723,199.85,1,33.30833333333333
15593,199.8,1,39.96
13322,199.48000000000002,1,7.9792000000000005
17383,199.29,1,3.9076470588235295
16832,199.15,3,16.595833333333335
17987,198.57,1,15.274615384615384
16178,197.89999999999998,1,24.737499999999997
12450,197.88,2,24.735
12581,197.71,1,13.180666666666667
14185,197.65,1,65.88333333333334
14789,197.64,1,32.94
17301,197.63,1,2.994393939393939
16829,197.22,1,17.92909090909091
14830,197.13,1,4.92825
15234,197.0,1,14.071428571428571
12586,196.94,1,17.903636363636362
13436,196.89,1,16.4075
15746,196.88,1,7.031428571428571
13978,196.79,2,13.119333333333334
17660,196.0,1,4.355555555555555
16112,195.74,4,12.23375
13792,195.55,2,15.042307692307693
17010,195.36,1,17.76
14666,195.25,1,13.946428571428571
15612,195.15,2,32.525
14100,194.9,1,7.496153846153846
16887,194.88,1,5.2670270270270265
14087,194.42,1,2.8176811594202897
17475,194.37,1,13.883571428571429
15683,193.75,1,19.375
15198,193.64,2,19.363999999999997
17343,193.64,1,11.390588235294118
16847,193.44,1,16.12
17608,193.42,2,3.2783050847457624
14806,193.39,1,17.58090909090909
14801,193.14,1,3.273559322033898
13568,192.85,1,4.382954545454545
12522,192.72,2,16.06
14768,192.6,2,38.519999999999996
12791,192.6,1,96.3
15909,191.94,1,27.419999999999998
17904,191.67000000000002,1,5.043947368421053
14966,191.32,1,5.034736842105263
15692,191.04,1,15.92
17233,190.88,1,7.6352
13033,190.55,1,17.322727272727274
15412,190.53,1,19.053
13972,190.25,2,12.683333333333334
17885,190.19,1,2.97171875
12361,189.9,1,18.990000000000002
13826,189.5,1,18.95
13663,189.47,1,14.574615384615385
18045,189.4,1,4.029787234042553
16448,188.89,1,9.4445
14697,188.61,2,8.57318181818182
12893,188.14,1,5.533529411764706
17781,188.02,2,15.668333333333335
14722,187.92,1,6.4799999999999995
17279,187.82999999999998,1,20.869999999999997
18013,187.29,2,6.041612903225806
17440,186.42000000000002,3,37.284000000000006
13672,186.39,2,31.064999999999998
14551,186.23,2,18.622999999999998
15567,186.01,1,26.572857142857142
12641,185.9,1,18.59
17574,185.65,1,23.20625
14199,185.39999999999998,1,92.69999999999999
16097,185.04999999999998,1,18.505
13482,184.64,1,16.785454545454545
17680,184.4,1,16.763636363636365
16433,184.26,1,10.838823529411764
15124,184.19,2,12.279333333333334
14326,183.85,1,22.98125
16680,183.7,1,18.369999999999997
14059,183.6,1,22.95
13460,183.44,2,10.790588235294118
13059,183.4,1,22.925
17772,182.77,2,3.448490566037736
14082,182.25,1,6.2844827586206895
18119,181.12,1,6.037333333333334
16594,181.09,1,3.416792452830189
15886,181.09,1,15.090833333333334
15945,181.0,1,90.5
15292,180.94,1,7.2376
16835,180.85,2,18.085
18280,180.6,1,18.06
13710,180.48,1,22.56
15041,180.35,1,2.6917910447761195
13598,180.17000000000002,1,4.504250000000001
12622,180.1,1,16.37272727272727
18147,179.34,2,25.62
15895,179.17,1,16.288181818181815
15454,179.1,1,7.164
16990,179.0,1,179.0
14705,179.0,1,179.0
16620,178.96,2,19.884444444444444
15139,178.95999999999998,2,13.766153846153845
15262,178.95,1,17.895
13778,178.7,1,19.855555555555554
17879,178.52,1,29.753333333333334
17253,178.26,1,9.903333333333332
17356,178.22,1,9.38
18282,178.05,2,14.8375
16403,177.5,1,17.75
13618,177.34,1,13.641538461538461
12618,177.31,1,16.11909090909091
13072,177.15,1,25.307142857142857
12923,176.97,1,6.102413793103448
17947,176.68,1,19.63111111111111
14287,176.63,3,19.625555555555554
12509,176.5,1,25.214285714285715
18274,175.92,1,15.992727272727272
17582,175.27,1,6.043793103448277
17331,175.2,1,175.2
16144,175.2,1,175.2
18010,174.8,1,12.485714285714286
14355,174.4,1,15.854545454545455
13560,174.37,1,5.283939393939394
14518,174.37,1,10.898125
15335,173.97,1,4.8325
18278,173.9,1,19.322222222222223
16861,173.76,2,28.959999999999997
14798,173.74,3,14.478333333333333
16565,173.7,1,57.9
12441,173.55,1,15.77727272727273
15565,173.16,2,21.645
15670,173.05,1,14.420833333333334
14693,172.9,1,21.6125
18048,172.29,2,24.61285714285714
13690,172.25,1,19.13888888888889
13922,172.25,1,24.607142857142858
12442,172.06,1,14.338333333333333
14536,171.8,1,9.042105263157895
16773,171.59,1,6.599615384615385
17245,171.45000000000002,1,19.05
15432,171.19,1,17.119
17542,170.75,1,6.83
14860,170.32,1,15.483636363636363
18058,170.16,1,56.72
15016,170.04,1,8.501999999999999
16921,169.79,1,2.829833333333333
13962,169.54999999999998,2,15.413636363636362
14218,169.48,1,14.123333333333333
18004,169.47,1,4.23675
12367,168.9,1,15.354545454545455
14578,168.63,1,7.02625
18269,168.6,1,24.085714285714285
17367,168.4,1,4.952941176470588
15888,168.31,1,14.025833333333333
18099,168.31,1,8.858421052631579
16282,168.3,1,15.3
17737,168.24,2,16.824
15986,168.12,1,12.008571428571429
15374,168.0,1,56.0
12551,168.0,1,16.8
18088,167.67,1,4.2992307692307685
17561,167.62,1,3.643913043478261
16952,167.61,2,10.475625
15920,167.5,4,2.7916666666666665
16405,167.25,2,33.45
18014,166.42,1,5.200625
14295,166.2,1,33.239999999999995
17650,166.07999999999998,1,20.759999999999998
12817,166.04,1,41.51
14485,165.75,1,3.526595744680851
14552,165.07,1,2.8460344827586206
18042,165.05,1,23.57857142857143
15316,165.0,1,165.0
13470,165.0,2,16.5
15904,164.68,1,5.489333333333334
17535,164.4,1,12.646153846153847
13603,164.34,1,6.086666666666667
12920,164.23,1,5.8653571428571425
18200,163.8,1,5.11875
14354,163.62,2,18.18
17110,163.29999999999998,1,13.608333333333333
13223,163.2,2,32.64
16406,163.07,1,2.6301612903225804
15167,163.0,1,3.975609756097561
16517,162.70000000000002,1,9.57058823529412
15733,162.3,1,16.23
15325,162.29,1,3.3120408163265305
16932,161.94,1,3.0554716981132075
17600,161.67,1,12.436153846153845
15458,161.64,1,23.09142857142857
16113,161.38,1,5.379333333333333
14362,161.2,1,3.9317073170731707
14204,161.03,1,3.659772727272727
14089,161.0,1,11.5
14237,161.0,1,17.88888888888889
13229,160.95,1,16.095
15852,160.71,2,7.305000000000001
17344,160.57,1,5.0178125
12573,160.54,1,5.7335714285714285
18203,160.42000000000002,1,8.443157894736842
18146,160.35,2,16.035
14714,160.19,1,16.019
12966,160.18,1,16.018
13420,159.85,2,19.98125
16213,159.0,1,26.5
18224,158.95,1,15.895
13937,158.85,1,17.65
17165,158.68,1,15.868
15160,158.16,1,39.54
15348,158.04,1,17.56
15988,158.03,1,5.852962962962963
17556,157.9,1,26.316666666666666
14799,157.7,1,12.13076923076923
14148,157.2,1,52.4
17128,157.09,1,11.220714285714285
14585,157.05,1,5.415517241379311
17118,157.02,1,15.702000000000002
15007,156.91,1,13.075833333333334
14406,156.75,1,19.59375
15438,156.57999999999998,1,6.263199999999999
15263,156.51,1,13.042499999999999
13898,155.93,1,12.994166666666667
17871,155.9,1,15.59
17899,155.8,1,4.86875
14813,155.43,2,5.181
17832,155.37,1,2.547049180327869
12738,155.35,1,14.122727272727273
16720,155.24,1,5.74962962962963
15447,155.17,1,17.24111111111111
13809,155.05,1,12.920833333333334
14368,155.0,1,19.375
14046,154.99,1,11.070714285714287
17698,154.95,1,19.36875
15740,154.88,1,17.20888888888889
17026,154.83,2,38.7075
15226,154.41,1,19.30125
17517,153.94,1,13.994545454545454
17286,153.92,1,3.420444444444444
16351,153.9,1,19.2375
12602,153.12,1,12.76
17714,153.0,1,15.3
16248,152.94,1,21.84857142857143
17984,152.68,1,3.1808333333333336
18138,152.65,1,19.08125
14066,152.55,1,21.792857142857144
17707,152.4,2,30.48
14039,152.2,1,25.366666666666664
13514,152.2,1,38.05
17898,152.06,2,5.430714285714286
16617,151.85,1,30.369999999999997
16412,151.83,1,4.338
14208,151.74,1,15.174000000000001
13462,151.5,1,16.833333333333332
16461,151.42,1,4.588484848484848
13697,151.3,1,12.608333333333334
16337,151.05,1,15.105
14073,151.04,1,11.618461538461538
15717,150.3,1,21.47142857142857
17234,149.89,1,10.706428571428571
15869,149.64,2,9.975999999999999
17946,149.57999999999998,2,7.478999999999999
18262,149.48,1,11.498461538461537
15748,149.31,1,7.11
15435,149.29,1,5.147931034482759
13003,149.05,3,24.84166666666667
17549,148.86,2,24.810000000000002
15526,148.44,2,37.11
17859,148.21,1,5.9284
14968,147.59,1,3.988918918918919
14098,147.35,1,7.016666666666667
14037,147.2,2,5.257142857142857
12864,147.12,1,49.04
15503,147.09,1,2.1012857142857144
17030,146.87,1,13.351818181818182
14238,146.85,1,18.35625
16893,145.93,1,3.242888888888889
12565,145.92,1,16.21333333333333
17935,145.79,2,5.027241379310345
13866,145.67,1,20.81
15937,145.35,1,20.764285714285712
16598,145.05,1,14.505
17524,145.0,1,24.166666666666668
16852,144.91,2,16.10111111111111
12974,144.8,1,18.1
14109,144.2,1,16.022222222222222
12587,144.0,1,36.0
17186,144.0,2,72.0
17578,143.45999999999998,1,28.691999999999997
15705,143.1,1,23.849999999999998
16287,142.5,1,17.8125
13299,142.5,1,28.5
14386,142.4,1,20.342857142857145
13584,142.4,1,5.933333333333334
13561,141.85999999999999,1,10.132857142857143
14041,141.41,1,6.733809523809524
15388,140.54,1,14.053999999999998
13483,140.34,1,14.034
14494,139.56,1,19.937142857142856
17718,139.35,1,23.224999999999998
16483,139.35,1,7.334210526315789
14772,139.26,1,15.473333333333333
18209,139.1,1,17.3875
15135,139.05,1,15.450000000000001
13273,138.98,1,8.68625
12902,138.68,1,13.868
14581,138.6,1,8.152941176470588
17122,138.32,1,19.759999999999998
13716,138.28,1,6.584761904761905
15663,138.14,1,15.348888888888887
12512,138.03,2,4.059705882352941
16050,137.9,1,13.790000000000001
13279,137.75,1,15.305555555555555
17709,137.45,1,19.635714285714283
15836,137.37,1,13.737
14483,137.1,1,15.233333333333333
17468,137.0,2,27.4
15691,136.8,1,68.4
14247,136.77,1,6.838500000000001
17972,136.04,1,4.388387096774193
16462,136.0,3,45.333333333333336
12968,135.95,1,27.189999999999998
15042,135.93,1,27.186
14889,135.9,1,13.59
15419,135.86,1,16.9825
16114,135.75,1,16.96875
15174,135.75,1,12.340909090909092
16665,135.4,1,15.044444444444444
15276,135.31,1,2.602115384615385
12851,135.18,1,2.7036000000000002
13364,134.96,1,13.496
16055,134.8,1,16.85
14340,134.7,1,22.45
15562,134.55,1,134.55
14174,134.46,1,5.171538461538462
12837,134.1,1,11.174999999999999
14280,134.04,1,16.755
16424,133.56,1,26.712
14349,133.5,1,4.306451612903226
12445,133.4,1,33.35
17881,133.35,1,16.66875
15709,133.25,1,22.208333333333332
17647,133.06,1,19.00857142857143
17785,131.94,1,10.149230769230769
14438,131.9,1,14.655555555555557
17297,131.78,1,2.583921568627451
17455,131.7,1,16.4625
14795,131.45000000000002,1,21.908333333333335
15844,130.74,1,11.885454545454547
16679,129.75,1,43.25
16611,129.49,1,12.949000000000002
16623,129.45,1,25.889999999999997
16828,128.5,2,16.0625
15543,127.86,1,4.566428571428571
17359,127.86,1,8.524
13781,127.84,1,7.5200000000000005
15578,127.1,1,9.776923076923076
15923,127.08,1,6.051428571428572
14962,126.7,1,25.34
16414,126.25,2,18.035714285714285
15463,126.14,1,18.02
16988,126.12,1,18.017142857142858
12814,125.92,1,62.96
13522,125.8,1,25.16
14861,125.78999999999999,1,20.965
14890,125.65,1,17.95
15017,125.58,1,6.279
12531,125.22,1,7.365882352941177
17148,124.88,1,13.875555555555556
16849,124.57,1,15.57125
16569,124.2,1,24.84
14495,123.80000000000001,2,20.633333333333336
16658,123.24,1,15.405
15917,123.1,1,10.258333333333333
17967,123.07,1,2.5639583333333333
13519,122.75,1,15.34375
13876,122.7,1,17.52857142857143
14413,122.7,1,5.334782608695653
13638,122.64,1,15.33
14165,122.53999999999999,1,4.901599999999999
14076,122.47,1,2.662391304347826
16073,122.4,1,122.4
18018,122.14,2,4.211724137931035
13244,121.74000000000001,1,4.508888888888889
13182,121.18,1,11.016363636363637
15049,121.17000000000002,1,40.39000000000001
15512,121.0,2,17.285714285714285
13002,120.95,1,17.27857142857143
17446,120.89999999999999,2,13.433333333333332
18015,120.03,1,2.6093478260869567
14314,120.0,1,15.0
14259,120.0,1,24.0
14453,119.93,1,5.451363636363637
16542,119.62,1,23.924
15266,119.3,1,19.883333333333333
16666,118.98,1,3.718125
15843,118.95,1,14.86875
17079,118.8,1,59.4
14155,118.75,1,19.791666666666668
13581,118.0,1,11.8
13193,117.88,1,4.0648275862068965
12929,117.85,1,14.73125
17654,117.55,1,5.343181818181818
16959,117.35,1,16.764285714285712
13877,117.24,1,39.08
17117,116.2,1,12.911111111111111
13170,116.00999999999999,1,3.6253124999999997
17601,116.00999999999999,1,12.889999999999999
14143,115.8,1,16.54285714285714
15350,115.64999999999999,1,23.13
13067,115.46000000000001,1,7.697333333333334
18027,115.31,1,5.490952380952381
14972,114.77,1,6.376111111111111
13188,114.6,1,57.3
14632,114.56,1,14.32
16247,114.56,1,7.16
14974,114.39,1,5.4471428571428575
17852,114.34,2,4.764166666666667
17219,114.23,1,4.5692
14652,114.18,1,3.937241379310345
12938,114.14,1,12.682222222222222
14582,114.10999999999999,1,19.01833333333333
12651,114.0,1,12.666666666666666
14457,113.64,1,28.41
15445,113.5,1,22.7
17217,113.5,1,12.61111111111111
18105,113.47999999999999,1,6.304444444444444
16913,113.44,1,14.18
15280,113.12,1,7.07
14689,112.8,1,8.676923076923076
13161,112.75,1,14.09375
16697,112.75,1,5.369047619047619
13807,112.6,1,16.085714285714285
18129,112.55,1,8.039285714285715
15610,112.46000000000001,1,18.743333333333336
17038,112.4,1,5.109090909090909
14271,112.32,1,11.232
17893,112.25,1,7.015625
17900,112.19999999999999,2,18.7
12756,112.08,1,28.02
17274,111.98,1,4.147407407407408
17957,111.68,1,3.6025806451612907
17887,111.35,1,11.135
18120,111.15,1,6.538235294117648
13508,110.97,1,9.2475
13144,110.95,1,36.983333333333334
15537,110.92,1,4.621666666666667
15853,110.8,1,3.6933333333333334
17349,110.75,1,12.305555555555555
16963,110.55,1,15.792857142857143
14641,110.46000000000001,1,15.780000000000001
12734,110.39999999999999,1,27.599999999999998
18277,110.38000000000001,1,13.797500000000001
17901,110.38,1,5.809473684210526
16792,110.38,2,9.198333333333332
17746,110.25,1,18.375
17836,110.21000000000001,1,4.592083333333334
16339,109.95,1,5.4975000000000005
13133,109.8,2,15.685714285714285
16363,109.36,1,21.872
14699,109.13,1,13.64125
14345,108.98,1,18.163333333333334
17639,108.5,1,15.5
16106,108.38,1,18.063333333333333
13226,108.21000000000001,1,6.7631250000000005
12956,108.07,1,5.687894736842105
14661,107.95,1,26.9875
16784,107.6,1,35.86666666666667
15395,107.45,1,15.35
16757,106.83,1,15.26142857142857
15168,106.56,1,21.312
15070,106.2,1,106.2
17791,106.1,1,10.61
16581,105.84,1,11.76
15775,104.9,1,14.985714285714286
14027,104.82,1,17.47
15607,104.75999999999999,1,8.058461538461538
15958,104.35,1,14.907142857142857
18174,104.0,1,104.0
18255,103.3,1,17.216666666666665
17548,103.3,1,20.66
14542,103.25,1,20.65
17962,102.83,1,2.938
18011,102.78999999999999,1,3.671071428571428
14836,102.45,3,17.075
14981,102.12,1,12.765
13948,102.0,1,34.0
15212,101.8,1,20.36
18068,101.7,1,101.7
16516,101.69999999999999,1,16.95
17643,101.55,1,12.69375
16006,101.4,1,12.675
18086,101.34,1,14.477142857142857
13101,101.19,1,12.64875
16344,101.10000000000001,1,50.550000000000004
16498,100.97,2,6.731333333333334
14946,100.9,1,33.63333333333333
17427,100.8,1,50.4
14371,100.5,1,25.125
13703,99.5,1,99.5
17939,99.14,1,8.261666666666667
15256,98.45,1,16.408333333333335
17538,98.42,1,10.935555555555556
17895,98.0,1,6.125
18033,97.97,1,2.881470588235294
15422,97.7,2,16.283333333333335
12984,97.5,1,24.375
17325,96.8,1,16.133333333333333
15216,96.6,1,48.3
14642,96.11999999999999,1,48.059999999999995
17024,95.85,3,31.95
18249,95.34,1,11.9175
12548,95.19999999999999,1,19.04
16387,94.36,1,23.59
13651,94.2,2,15.700000000000001
15397,94.0,1,15.666666666666666
15428,93.78,1,15.63
18227,93.75,1,18.75
13283,93.66,2,13.379999999999999
17991,93.35,2,18.669999999999998
12821,92.72,1,15.453333333333333
14054,92.46000000000001,1,15.410000000000002
12789,91.85,1,22.9625
13551,91.80000000000001,1,22.950000000000003
13160,91.8,1,22.95
12659,91.68,1,18.336000000000002
15488,91.32,1,45.66
13947,90.6,1,18.119999999999997
14353,90.6,1,15.1
18084,90.48,1,90.48
16506,90.3,2,30.099999999999998
15552,90.12,1,5.301176470588236
16597,90.03999999999999,1,12.862857142857141
14117,90.0,1,30.0
14219,89.94,1,12.848571428571429
14760,89.2,1,17.84
12686,89.14,1,12.734285714285715
14436,89.06,1,9.895555555555555
12353,89.0,1,22.25
15083,88.2,1,17.64
15180,87.5,1,14.583333333333334
13296,87.4,1,17.48
15541,85.13,1,2.9355172413793102
13841,85.0,1,85.0
15729,85.0,1,17.0
13666,84.65,3,7.054166666666667
12401,84.3,1,16.86
17309,82.75,1,6.895833333333333
13006,81.57,1,20.3925
17620,81.44,1,20.36
18281,80.82,1,11.545714285714284
16789,80.8,1,16.16
13967,80.7,1,40.35
17752,80.64,1,80.64
13747,79.6,1,79.6
16078,79.2,1,79.2
15753,79.2,1,79.2
17942,77.5,1,38.75
14785,77.4,2,25.8
13132,77.3,1,25.766666666666666
13992,76.8,1,15.36
14373,76.55,1,19.1375
17536,76.5,1,25.5
13106,76.5,1,76.5
15668,76.32,1,76.32
18113,76.32,1,76.32
14090,76.32,1,76.32
16148,76.32,1,76.32
17995,76.1,1,38.05
17628,75.75,1,15.15
16610,75.66,1,12.61
13403,75.0,1,25.0
16468,74.9,1,37.45
13095,74.4,1,12.4
18050,74.4,1,14.88
17960,73.78,1,2.8376923076923077
12506,73.5,1,3.1956521739130435
18032,73.5,1,14.7
16171,73.19999999999999,1,24.399999999999995
17906,72.9,1,6.075
13686,72.0,1,9.0
13938,71.66,1,10.237142857142857
17747,71.4,1,71.4
13185,71.4,1,71.4
17022,71.0,1,10.142857142857142
18037,70.02,6,3.685263157894737
15863,68.84,2,3.8244444444444445
14393,67.95,1,13.59
13684,67.23,1,2.241
17382,65.4,1,32.7
13130,64.0,1,32.0
13302,63.75,1,63.75
17263,63.440000000000005,1,2.7582608695652175
14437,63.0,1,12.6
12665,63.0,1,21.0
14840,62.85,1,15.7125
13218,62.64,1,12.528
15516,62.43,3,4.162
13194,60.7,1,20.233333333333334
17174,59.9,1,14.975
13391,59.8,1,59.8
13682,59.5,1,19.833333333333332
14957,58.49,1,4.8741666666666665
13080,58.08,1,9.68
17775,56.4,1,18.8
15899,56.25,1,14.0625
13366,56.16,1,56.16
16349,53.5,1,5.944444444444445
15504,52.83,1,4.063846153846153
13832,52.2,1,17.400000000000002
14865,52.2,2,13.05
15313,52.0,1,52.0
14682,52.0,2,26.0
17844,51.559999999999995,1,10.312
14351,51.0,1,51.0
13011,50.55,1,16.849999999999998
18184,49.8,1,49.8
14821,48.8,1,24.4
15603,48.480000000000004,1,24.240000000000002
16257,46.95,1,23.475
14080,45.599999999999994,1,11.399999999999999
15423,43.5,1,21.75
14300,43.2,1,14.4
15992,41.989999999999995,1,13.996666666666664
15178,40.5,1,13.5
14589,39.75,1,13.25
12977,39.239999999999995,1,4.359999999999999
16659,39.12,1,19.56
18019,38.45,1,7.69
12855,38.099999999999994,1,12.699999999999998
16162,37.4,1,18.7
17816,36.56,4,2.150588235294118
15940,35.8,1,35.8
14576,35.4,1,35.4
16856,35.4,1,17.7
17831,35.4,1,17.7
15744,34.8,1,11.6
16765,34.0,1,34.0
17408,32.65,1,16.325
13120,30.6,1,30.6
15657,30.0,1,30.0
17102,25.5,1,25.5
18268,25.5,1,25.5
16953,20.8,1,20.8
17986,20.8,1,20.8
16093,17.0,1,17.0
13307,15.0,1,15.0
17763,15.0,1,15.0
15823,15.0,1,15.0
16878,13.3,1,4.433333333333334
17956,12.75,1,12.75
16454,6.9,2,3.45
14792,6.2,1,3.1
16738,3.75,1,3.75
