CustomerID,Recency,Frequency,Monetary,R_Score,F_Score,M_Score,RFM_Score
,1,1428,1755276.64,4,4,4,444
14646.0,2,73,280206.02,4,4,4,444
18102.0,1,60,259657.3,4,4,4,444
17450.0,9,46,194550.79,4,4,4,444
16446.0,1,2,168472.5,4,2,4,424
14911.0,2,201,143825.06,4,4,4,444
12415.0,25,21,124914.53,3,4,4,344
14156.0,10,55,117379.63,4,4,4,444
17511.0,3,31,91062.38,4,4,4,444
16029.0,39,63,81024.84,3,4,4,344
12346.0,326,1,77183.6,1,1,4,114
16684.0,5,28,66653.56,4,4,4,444
14096.0,5,17,65164.79,4,4,4,444
13694.0,4,50,65039.62,4,4,4,444
15311.0,1,91,60767.9,4,4,4,444
13089.0,3,97,58825.83,4,4,4,444
17949.0,2,45,58510.48,4,4,4,444
15769.0,8,26,56252.72,4,4,4,444
15061.0,4,48,54534.14,4,4,4,444
14298.0,9,44,51527.3,4,4,4,444
14088.0,11,13,50491.81,4,4,4,444
15749.0,236,3,44534.3,1,3,4,134
12931.0,22,15,42055.96,3,4,4,344
17841.0,2,124,40991.57,4,4,4,444
15098.0,183,3,39916.5,1,3,4,134
13798.0,2,57,37153.85,4,4,4,444
16013.0,4,47,37130.6,4,4,4,444
16422.0,18,51,34684.4,4,4,4,444
12748.0,1,209,33719.73,4,4,4,444
15838.0,12,19,33643.08,4,4,4,444
17404.0,5,15,31906.82,4,4,4,444
17389.0,1,34,31833.68,4,4,4,444
13098.0,2,28,28882.44,4,4,4,444
14680.0,26,16,28754.11,3,4,4,344
13081.0,12,11,28337.38,4,4,4,444
13408.0,2,62,28117.04,4,4,4,444
17857.0,5,23,26879.04,4,4,4,444
16333.0,8,22,26626.8,4,4,4,444
13777.0,1,33,25977.16,4,4,4,444
12753.0,23,6,21429.39,3,4,4,344
12744.0,52,7,21279.29,2,4,4,244
16210.0,2,18,21086.3,4,4,4,444
17675.0,2,31,20374.28,4,4,4,444
17381.0,9,29,20275.61,4,4,4,444
15039.0,10,47,19914.44,4,4,4,444
12471.0,3,30,19824.05,4,4,4,444
12731.0,24,12,18895.91,3,4,4,344
15159.0,2,30,18641.01,4,4,4,444
12901.0,9,28,17654.54,4,4,4,444
12678.0,43,12,17628.46,3,4,4,344
14031.0,8,19,17286.86,4,4,4,444
17428.0,1,28,17256.85,4,4,4,444
13767.0,3,37,17220.36,4,4,4,444
13881.0,4,20,17159.52,4,4,4,444
16839.0,9,34,16594.35,4,4,4,444
12921.0,10,37,16587.09,4,4,4,444
14607.0,16,14,16569.5,4,4,4,444
15856.0,5,27,16387.57,4,4,4,444
17677.0,2,30,16363.23,4,4,4,444
15189.0,2,41,16225.39,4,4,4,444
14051.0,1,23,15610.39,4,4,4,444
15513.0,34,19,14758.22,3,4,4,344
16133.0,4,33,14589.04,4,4,4,444
14866.0,11,12,14389.9,4,4,4,444
16705.0,1,20,14034.99,4,4,4,444
12681.0,15,22,13787.54,4,4,4,444
12621.0,2,20,13689.67,4,4,4,444
12540.0,20,17,13400.24,3,4,4,344
12433.0,1,7,13375.87,4,4,4,444
15498.0,3,27,13316.4,4,4,4,444
12477.0,23,6,13219.74,3,4,4,344
17735.0,3,19,13110.02,4,4,4,444
16525.0,3,26,13027.45,4,4,4,444
14258.0,10,9,12669.98,4,4,4,444
13078.0,4,26,12627.94,4,4,4,444
12536.0,44,3,12601.830000000002,3,3,4,334
15640.0,5,15,12515.66,4,4,4,444
16000.0,3,3,12393.7,4,3,4,434
17340.0,30,11,12353.29,3,4,4,344
12682.0,4,31,12288.22,4,4,4,444
13113.0,1,24,12245.96,4,4,4,444
14606.0,2,93,12156.65,4,4,4,444
12557.0,17,5,11990.96,4,3,4,434
12939.0,65,8,11581.8,2,4,4,244
15125.0,26,15,11528.48,3,4,4,344
14194.0,5,21,11349.52,4,4,4,444
12971.0,4,86,11189.91,4,4,4,444
14895.0,8,20,11138.71,4,4,4,444
12409.0,79,3,11072.67,2,3,4,234
15482.0,16,12,11054.96,4,4,4,444
17581.0,1,25,11045.04,4,4,4,444
13319.0,6,26,10845.55,4,4,4,444
17107.0,34,6,10815.43,3,4,4,344
13340.0,46,7,10736.48,3,4,4,344
14769.0,3,8,10674.75,4,4,4,444
17139.0,16,12,10668.47,4,4,4,444
16779.0,3,22,10629.72,4,4,4,444
17865.0,31,20,10526.32,3,4,4,344
17706.0,5,17,10504.49,4,4,4,444
15251.0,10,11,10484.99,4,4,4,444
14062.0,10,12,10464.85,4,4,4,444
15615.0,11,23,10399.74,4,4,4,444
15502.0,16,12,10384.93,4,4,4,444
16180.0,101,8,10254.18,2,4,4,244
16843.0,43,16,10196.57,3,4,4,344
12590.0,212,2,9864.26,1,2,4,124
13001.0,5,13,9818.82,4,4,4,444
13199.0,4,38,9817.12,4,4,4,444
15078.0,8,32,9743.11,4,4,4,444
12709.0,16,15,9736.52,4,4,4,444
13458.0,8,14,9646.57,4,4,4,444
14733.0,17,12,9585.91,4,4,4,444
16523.0,2,21,9418.47,4,4,4,444
12567.0,23,10,9401.28,3,4,4,344
14367.0,9,16,9261.52,4,4,4,444
14667.0,11,25,9241.2,4,4,4,444
18092.0,3,11,9068.26,4,4,4,444
13969.0,8,18,9053.94,4,4,4,444
12451.0,11,5,9035.52,4,3,4,434
13488.0,18,13,8968.31,4,4,4,444
13090.0,9,14,8910.82,4,4,4,444
16033.0,6,20,8816.4,4,4,4,444
17017.0,3,20,8694.26,4,4,4,444
17243.0,2,26,8676.85,4,4,4,444
17306.0,11,19,8631.31,4,4,4,444
16656.0,23,15,8625.8,3,4,4,344
14527.0,3,55,8508.82,4,4,4,444
12683.0,5,15,8476.57,4,4,4,444
18139.0,18,6,8438.34,4,4,4,444
15358.0,5,22,8347.2,4,4,4,444
16558.0,1,20,8338.49,4,4,4,444
14056.0,2,23,8214.65,4,4,4,444
14936.0,34,8,8137.02,3,4,4,344
16672.0,3,20,8134.94,4,4,4,444
13854.0,9,25,8109.519999999999,4,4,4,444
14952.0,60,11,8099.49,2,4,4,244
18109.0,2,26,8052.97,4,4,4,444
14796.0,2,17,8022.49,4,4,4,444
12428.0,26,9,7956.46,3,4,4,344
15290.0,5,18,7943.22,4,4,4,444
14849.0,22,25,7930.54,3,4,4,344
12757.0,16,13,7857.1,4,4,4,444
17811.0,5,39,7837.73,4,4,4,444
13093.0,276,8,7832.47,1,4,4,144
12435.0,80,2,7829.889999999999,2,2,4,224
13629.0,24,11,7792.36,3,4,4,344
15044.0,20,17,7700.23,3,4,4,344
15194.0,4,15,7616.53,4,4,4,444
18172.0,15,20,7561.68,4,4,4,444
13263.0,2,35,7454.07,4,4,4,444
12474.0,18,18,7375.79,4,4,4,444
12980.0,158,9,7374.9,1,4,4,144
15465.0,20,18,7354.62,3,4,4,344
17396.0,40,8,7330.8,3,4,4,344
12583.0,3,15,7281.38,4,4,4,444
13018.0,17,28,7277.7,4,4,4,444
18229.0,12,20,7276.9,4,4,4,444
16923.0,13,19,7247.61,4,4,4,444
16729.0,39,21,7239.92,3,4,4,344
16745.0,87,17,7194.3,2,4,4,244
16873.0,5,6,7123.62,4,4,4,444
13324.0,37,10,7121.95,3,4,4,344
13985.0,5,15,7060.13,4,4,4,444
14961.0,11,9,7044.68,4,4,4,444
12766.0,4,7,6989.63,4,4,4,444
12798.0,11,3,6977.04,4,3,4,434
12989.0,4,15,6924.11,4,4,4,444
16713.0,19,15,6923.13,3,4,4,344
13027.0,114,6,6912.0,2,4,4,244
16187.0,32,15,6911.44,3,4,4,344
17416.0,30,7,6893.42,3,4,4,344
12705.0,16,9,6868.29,4,4,4,444
12476.0,16,11,6816.42,4,4,4,444
12830.0,38,6,6814.64,3,4,4,344
15023.0,4,11,6802.76,4,4,4,444
18055.0,8,10,6784.19,4,4,4,444
15601.0,12,14,6776.56,4,4,4,444
16652.0,59,7,6773.97,2,4,4,244
16532.0,18,3,6748.8,4,3,4,434
13576.0,11,18,6717.34,4,4,4,444
16746.0,5,18,6697.66,4,4,4,444
15249.0,32,13,6688.46,3,4,4,344
16353.0,4,23,6675.71,4,4,4,444
17338.0,18,8,6643.93,4,4,4,444
12626.0,24,9,6620.48,3,4,4,344
16182.0,73,4,6617.65,2,3,4,234
15144.0,9,17,6580.44,4,4,4,444
12472.0,33,7,6572.11,3,4,4,344
16814.0,15,21,6509.1,4,4,4,444
12431.0,36,15,6487.45,3,4,4,344
18223.0,5,14,6484.54,4,4,4,444
15694.0,1,14,6479.4,4,4,4,444
13225.0,4,7,6463.84,4,4,4,444
13102.0,2,24,6424.09,4,4,4,444
13871.0,23,13,6403.25,3,4,4,344
12359.0,58,4,6372.58,2,3,4,234
13668.0,3,21,6363.59,4,4,4,444
13709.0,4,13,6328.05,4,4,4,444
15005.0,16,28,6316.57,4,4,4,444
17315.0,2,38,6292.26,4,4,4,444
16126.0,30,4,6287.77,3,3,4,334
14057.0,24,17,6217.96,3,4,4,344
12357.0,34,1,6207.67,3,1,4,314
14060.0,5,19,6140.42,4,4,4,444
13418.0,12,18,6127.43,4,4,4,444
17509.0,58,8,6115.14,2,4,4,244
15939.0,90,15,6115.01,2,4,4,244
14735.0,4,32,6065.69,4,4,4,444
12637.0,68,8,6021.9,2,4,4,244
13097.0,33,10,6010.42,3,4,4,344
13316.0,38,4,5977.73,3,3,4,334
14101.0,74,6,5976.79,2,4,4,244
15382.0,15,6,5955.71,4,4,4,444
14505.0,18,8,5905.64,4,4,4,444
14415.0,2,13,5900.28,4,4,4,444
14944.0,30,12,5900.25,3,4,4,344
13209.0,31,8,5891.61,3,4,4,344
13534.0,3,25,5870.08,4,4,4,444
13050.0,15,17,5836.86,4,4,4,444
12720.0,3,25,5781.73,4,4,4,444
15218.0,11,11,5756.89,4,4,4,444
17686.0,8,7,5739.46,4,4,4,444
13178.0,27,11,5725.47,3,4,4,344
16553.0,164,12,5719.82,1,4,4,144
13468.0,2,37,5704.97,4,4,4,444
14110.0,4,12,5683.15,4,4,4,444
14049.0,17,4,5681.72,4,3,4,434
17049.0,3,9,5659.9800000000005,4,4,4,444
17716.0,23,11,5655.99,3,4,4,344
13004.0,12,18,5655.91,4,4,4,444
18118.0,11,26,5653.82,4,4,4,444
14688.0,8,21,5630.87,4,4,4,444
17757.0,2,30,5605.29,4,4,4,444
12481.0,23,10,5596.32,3,4,4,344
12839.0,3,14,5591.42,4,4,4,444
16767.0,31,11,5580.6,3,4,4,344
16161.0,2,19,5575.56,4,4,4,444
12539.0,23,4,5568.35,3,3,4,334
15805.0,24,17,5528.48,3,4,4,344
18225.0,4,12,5509.12,4,4,4,444
16609.0,16,7,5493.46,4,4,4,444
16985.0,18,10,5464.12,4,4,4,444
16265.0,10,9,5447.0,4,4,4,444
18198.0,5,17,5425.56,4,4,4,444
12490.0,6,10,5417.93,4,4,4,444
17809.0,17,12,5411.91,4,4,4,444
16701.0,9,13,5398.3,4,4,4,444
17719.0,38,15,5396.04,3,4,4,344
17850.0,373,34,5391.21,1,4,4,144
16303.0,26,3,5360.63,3,3,4,334
13269.0,2,15,5346.23,4,4,4,444
15150.0,18,10,5314.47,4,4,4,444
17730.0,4,13,5298.48,4,4,4,444
17061.0,74,11,5232.23,2,4,4,244
18226.0,45,11,5228.05,3,4,4,344
12362.0,4,10,5226.23,4,4,4,444
15046.0,10,15,5213.77,4,4,4,444
16258.0,46,5,5203.51,3,3,4,334
13756.0,3,14,5189.52,4,4,4,444
16191.0,3,13,5180.52,4,4,4,444
15727.0,17,7,5178.96,4,4,4,444
17858.0,6,12,5155.66,4,4,4,444
13599.0,2,21,5153.67,4,4,4,444
15903.0,10,7,5126.76,4,4,4,444
13941.0,22,5,5112.96,3,3,4,334
17602.0,3,6,5102.97,4,4,4,444
16700.0,9,13,5076.55,4,4,4,444
14562.0,4,18,5074.77,4,4,4,444
15301.0,51,12,5070.35,3,4,4,344
13139.0,17,7,5064.9400000000005,4,4,4,444
12432.0,43,5,5059.32,3,3,4,334
15719.0,33,13,5045.61,3,4,4,344
17426.0,9,6,5037.26,4,4,4,444
14329.0,18,7,5014.84,4,4,4,444
14755.0,10,11,5010.28,4,4,4,444
12444.0,22,5,5005.46,3,3,4,334
15032.0,257,3,4959.1,1,3,4,134
15547.0,8,14,4954.84,4,4,4,444
12437.0,2,18,4951.41,4,4,4,444
12700.0,8,4,4939.99,4,3,4,434
15786.0,47,3,4932.2,3,3,4,334
14709.0,16,13,4921.04,4,4,4,444
17133.0,16,7,4892.24,4,4,4,444
12664.0,9,9,4881.88,4,4,4,444
12688.0,114,1,4873.81,2,1,4,214
14292.0,8,9,4871.93,4,4,4,444
17652.0,26,12,4867.72,3,4,4,344
15738.0,19,16,4812.42,3,4,4,344
13013.0,2,13,4810.94,4,4,4,444
15555.0,13,16,4805.17,4,4,4,444
17365.0,13,8,4801.56,4,4,4,444
15298.0,3,12,4799.9,4,4,4,444
15187.0,2,16,4777.18,4,4,4,444
17690.0,31,15,4757.95,3,4,4,344
12955.0,2,11,4757.16,4,4,4,444
14180.0,11,25,4748.52,4,4,4,444
15152.0,10,13,4745.69,4,4,4,444
16722.0,18,13,4730.81,4,4,4,444
12714.0,10,5,4708.86,4,3,4,434
14159.0,20,11,4693.01,3,4,4,344
14135.0,2,15,4690.31,4,4,4,444
14191.0,2,13,4684.76,4,4,4,444
15291.0,26,15,4668.3,3,4,4,344
14189.0,3,15,4654.08,4,4,4,444
14390.0,11,9,4652.82,4,4,4,444
14286.0,24,3,4628.75,3,3,4,334
16931.0,6,21,4604.22,4,4,4,444
13802.0,139,3,4599.42,2,3,4,234
15093.0,19,6,4597.02,3,4,4,344
14004.0,44,7,4582.64,3,4,4,344
17613.0,23,14,4559.15,3,4,4,344
17068.0,13,21,4552.14,4,4,4,444
12484.0,33,6,4541.72,3,4,4,344
13267.0,3,19,4521.49,4,4,4,444
15299.0,68,7,4507.01,2,4,4,244
17975.0,16,13,4488.81,4,4,4,444
12524.0,10,8,4485.72,4,4,4,444
14426.0,24,10,4481.67,3,4,4,344
16984.0,89,2,4481.35,2,2,4,224
17364.0,1,11,4481.18,4,4,4,444
12627.0,11,7,4478.53,4,4,4,444
14085.0,3,18,4448.54,4,4,4,444
14534.0,3,18,4447.05,4,4,4,444
13069.0,1,24,4436.12,4,4,4,444
15955.0,25,14,4416.26,3,4,4,344
16626.0,1,17,4413.1,4,4,4,444
15874.0,64,7,4405.88,2,4,4,244
12712.0,29,13,4396.13,3,4,4,344
13505.0,73,4,4393.63,2,3,4,234
12752.0,82,1,4366.78,2,1,4,214
16945.0,22,19,4345.5,3,4,4,344
14016.0,162,4,4341.21,1,3,4,134
14800.0,48,12,4339.74,3,4,4,344
14525.0,20,9,4332.2,3,4,4,344
17567.0,8,8,4331.48,4,4,4,444
18251.0,88,1,4314.72,2,1,4,214
12347.0,3,7,4310.0,4,4,4,444
15034.0,16,8,4308.61,4,4,4,444
17937.0,9,7,4301.22,4,4,4,444
14422.0,1,6,4263.64,4,4,4,444
12500.0,24,11,4257.82,3,4,4,344
17419.0,12,12,4226.57,4,4,4,444
14277.0,16,3,4216.2,4,3,4,434
15804.0,1,13,4206.39,4,4,4,444
17920.0,5,17,4204.1,4,4,4,444
15971.0,18,12,4199.85,4,4,4,444
12747.0,3,11,4196.01,4,4,4,444
14146.0,9,5,4191.0,4,3,4,434
18041.0,12,21,4183.39,4,4,4,444
12949.0,31,8,4167.22,3,4,4,344
15570.0,8,12,4165.52,4,4,4,444
16549.0,11,10,4154.64,4,4,4,444
13384.0,31,7,4151.93,3,4,4,344
13555.0,74,4,4149.28,2,3,4,234
13988.0,20,6,4147.96,3,4,4,344
15514.0,13,11,4139.46,4,4,4,444
12569.0,3,32,4124.69,4,4,4,444
16592.0,5,16,4113.68,4,4,4,444
17940.0,50,10,4106.4400000000005,3,4,4,344
17377.0,24,20,4100.92,3,4,4,344
16401.0,2,12,4098.32,4,4,4,444
16670.0,17,11,4095.9,4,4,4,444
12749.0,4,5,4090.88,4,3,4,434
14092.0,8,14,4076.91,4,4,4,444
12449.0,23,4,4067.29,3,3,4,334
18087.0,99,2,4055.72,2,2,4,224
14401.0,5,13,4051.48,4,4,4,444
12656.0,18,5,4051.17,4,3,4,434
12867.0,27,7,4036.82,3,4,4,344
13815.0,23,4,4027.36,3,3,4,334
12841.0,5,25,4022.35,4,4,4,444
12957.0,10,8,4017.54,4,4,4,444
12378.0,130,1,4008.62,2,1,4,214
14547.0,4,8,4007.54,4,4,4,444
16186.0,23,12,4006.94,3,4,4,344
17769.0,13,10,3997.98,4,4,4,444
15529.0,23,11,3995.23,3,4,4,344
17001.0,1,11,3989.57,4,4,4,444
15416.0,65,4,3984.32,2,3,4,234
17611.0,8,15,3984.22,4,4,4,444
12779.0,38,8,3981.36,3,4,4,344
12727.0,11,7,3980.7,4,4,4,444
14299.0,9,9,3965.62,4,4,4,444
13523.0,34,5,3964.88,3,3,4,334
13183.0,8,9,3957.78,4,4,4,444
17651.0,12,10,3945.0,4,4,4,444
12473.0,30,5,3938.55,3,3,4,334
17593.0,4,5,3927.34,4,3,4,434
14739.0,5,7,3902.28,4,4,4,444
13999.0,11,12,3901.81,4,4,4,444
14291.0,2,11,3883.25,4,4,4,444
18073.0,115,12,3877.52,2,4,4,244
13124.0,90,3,3866.33,2,3,4,234
15195.0,3,1,3861.0,4,1,4,414
16717.0,24,6,3858.38,3,4,4,344
12662.0,1,11,3849.78,4,4,4,444
16327.0,15,6,3844.22,4,4,4,444
13266.0,12,12,3834.26,4,4,4,444
17091.0,3,9,3827.76,4,4,4,444
15867.0,6,15,3812.64,4,4,4,444
12755.0,281,2,3811.95,1,2,4,124
12597.0,20,4,3811.22,3,3,4,334
13435.0,6,7,3809.89,4,4,4,444
12668.0,12,4,3807.15,4,3,4,434
16145.0,9,11,3799.49,4,4,4,444
16655.0,18,6,3794.52,4,4,4,444
16168.0,11,27,3787.6,4,4,4,444
16019.0,47,9,3786.24,3,4,4,344
12562.0,9,7,3781.74,4,4,4,444
17173.0,6,8,3766.6,4,4,4,444
16904.0,5,16,3754.27,4,4,4,444
12429.0,10,4,3750.4,4,3,4,434
17238.0,3,17,3744.65,4,4,4,444
14145.0,47,4,3742.2,3,3,4,334
13552.0,67,12,3740.07,2,4,4,244
16570.0,16,10,3738.4,4,4,4,444
15808.0,307,4,3734.97,1,3,4,134
14282.0,4,15,3729.34,4,4,4,444
12502.0,96,5,3723.87,2,3,4,234
12647.0,23,12,3722.82,3,4,4,344
13680.0,2,4,3722.42,4,3,4,434
16240.0,25,2,3718.8,3,2,4,324
14364.0,109,8,3717.35,2,4,4,244
15845.0,18,8,3711.77,4,4,4,444
15622.0,44,9,3709.56,3,4,4,344
13148.0,30,12,3707.12,3,4,4,344
17819.0,72,7,3704.87,2,4,4,244
15379.0,170,7,3703.29,1,4,4,144
12553.0,9,10,3692.28,4,4,4,444
16253.0,67,2,3683.86,2,2,4,224
15581.0,121,13,3679.97,2,4,4,244
15296.0,51,6,3672.86,3,4,4,344
18079.0,46,4,3651.97,3,3,4,334
13137.0,11,8,3650.41,4,4,4,444
12417.0,4,9,3649.1,4,4,4,444
16712.0,10,11,3645.43,4,4,4,444
13426.0,1,10,3641.32,4,4,4,444
12619.0,17,9,3641.24,4,4,4,444
16440.0,8,5,3640.67,4,3,4,434
13381.0,32,6,3639.31,3,4,4,344
17230.0,265,8,3638.41,1,4,4,144
14543.0,29,16,3630.33,3,4,4,344
17528.0,2,8,3628.5,4,4,4,444
13327.0,39,8,3627.77,3,4,4,344
13520.0,59,6,3624.35,2,4,4,244
17576.0,9,19,3622.68,4,4,4,444
14040.0,41,12,3614.92,3,4,4,344
13082.0,127,9,3613.63,2,4,4,244
15505.0,53,5,3610.96,2,3,4,234
15113.0,10,3,3609.33,4,3,4,434
16242.0,9,7,3603.21,4,4,4,444
15484.0,2,4,3594.31,4,3,4,434
14132.0,3,11,3586.03,4,4,4,444
17203.0,36,6,3563.85,3,4,4,344
17491.0,2,10,3558.87,4,4,4,444
15544.0,10,9,3546.71,4,4,4,444
12370.0,52,4,3545.69,2,3,4,234
14503.0,4,6,3543.26,4,4,4,444
13448.0,17,6,3539.37,4,4,4,444
13334.0,83,3,3536.82,2,3,4,234
12454.0,57,1,3528.34,2,1,4,214
17160.0,32,6,3518.03,3,4,4,344
13953.0,8,7,3515.68,4,4,4,444
16360.0,5,6,3512.53,4,4,4,444
14395.0,3,9,3507.71,4,4,4,444
16131.0,52,6,3506.54,2,4,4,244
14907.0,4,7,3501.1,4,4,4,444
16458.0,3,18,3482.74,4,4,4,444
13993.0,43,9,3466.36,3,4,4,344
13014.0,11,10,3466.28,4,4,4,444
17758.0,20,8,3456.7,3,4,4,344
15410.0,85,8,3450.84,2,4,4,244
13536.0,2,7,3448.29,4,4,4,444
15129.0,51,11,3447.4,3,4,4,344
15974.0,40,7,3442.15,3,4,4,344
17725.0,17,11,3439.08,4,4,4,444
15676.0,19,3,3435.76,3,3,4,334
14221.0,43,9,3432.8,3,4,4,344
12406.0,23,2,3415.3,3,2,4,324
15981.0,25,8,3408.48,3,4,4,344
13437.0,15,7,3408.06,4,4,4,444
17669.0,43,7,3406.72,3,4,4,344
13198.0,11,6,3401.24,4,4,4,444
15228.0,67,4,3386.71,2,3,4,234
13842.0,59,9,3385.62,2,4,4,244
15708.0,41,7,3364.24,3,4,4,344
16011.0,9,16,3362.71,4,4,4,444
14227.0,27,10,3350.96,3,4,4,344
16818.0,11,11,3349.57,4,4,4,444
16607.0,18,14,3347.71,4,4,4,444
17183.0,8,6,3347.31,4,4,4,444
13015.0,54,5,3346.28,2,3,4,234
12643.0,129,6,3344.64,2,4,4,244
12613.0,58,5,3344.38,2,3,4,234
12594.0,38,10,3338.22,3,4,4,344
16556.0,67,7,3313.79,2,4,4,244
13373.0,61,3,3312.25,2,3,4,234
14841.0,54,6,3295.76,2,4,4,244
14702.0,2,17,3292.14,4,4,4,444
15632.0,16,8,3285.31,4,4,4,444
12480.0,29,4,3281.63,3,3,4,334
15764.0,89,6,3279.97,2,4,4,244
17723.0,128,6,3276.4,2,4,4,244
13952.0,218,2,3251.07,1,2,4,124
13047.0,32,10,3237.54,3,4,4,344
15443.0,2,7,3236.91,4,4,4,444
17050.0,97,6,3228.84,2,4,4,244
14175.0,60,3,3222.3,2,3,4,234
13880.0,22,13,3219.77,3,4,4,344
13268.0,18,11,3214.69,4,4,4,444
14388.0,11,8,3212.84,4,4,4,444
16107.0,18,7,3204.16,4,4,4,444
17220.0,25,14,3198.25,3,4,4,344
13868.0,8,2,3192.54,4,2,4,424
17685.0,17,7,3191.53,4,4,4,444
13758.0,12,7,3190.55,4,4,4,444
14844.0,64,4,3189.81,2,3,4,234
12456.0,45,3,3181.04,3,3,4,334
17672.0,51,2,3178.17,3,2,4,324
17231.0,13,10,3174.32,4,4,4,444
16837.0,32,11,3170.98,3,4,4,344
16041.0,31,3,3166.4,3,3,4,334
15861.0,13,8,3165.36,4,4,4,444
17863.0,60,6,3160.0,2,4,4,244
15065.0,38,4,3158.13,3,3,4,334
14235.0,76,5,3144.86,2,3,4,234
13742.0,17,12,3131.02,4,4,4,444
16156.0,9,9,3122.04,4,4,4,444
13685.0,3,7,3119.44,4,4,4,444
16326.0,6,14,3110.96,4,4,4,444
16678.0,3,12,3109.99,4,4,4,444
13869.0,124,4,3104.95,2,3,4,234
14099.0,17,11,3104.17,4,4,4,444
16905.0,6,7,3102.43,4,4,4,444
15491.0,96,6,3100.09,2,4,4,244
14257.0,65,5,3099.72,2,3,4,234
14565.0,96,4,3099.12,2,3,4,234
13135.0,197,1,3096.0,1,1,4,114
17059.0,30,5,3095.04,3,3,4,334
13362.0,10,4,3090.74,4,3,4,434
15998.0,37,5,3089.97,3,3,4,334
16218.0,30,7,3084.68,3,4,4,344
18272.0,3,6,3078.58,4,4,4,444
12910.0,24,8,3075.04,3,4,4,344
13631.0,100,11,3070.42,2,4,4,244
16686.0,48,7,3062.83,3,4,4,344
14456.0,6,9,3062.4,4,4,4,444
17799.0,23,10,3055.93,3,4,4,344
16940.0,53,3,3049.88,2,3,4,234
16393.0,3,13,3046.21,4,4,4,444
16709.0,85,5,3029.87,2,3,4,234
12598.0,10,8,3023.08,4,4,4,444
12395.0,20,12,3018.63,3,4,4,344
18094.0,82,7,3017.3,2,4,4,244
12754.0,236,3,3010.74,1,3,4,134
12916.0,139,4,3006.15,2,3,4,234
15521.0,41,8,3000.2,3,4,4,344
17659.0,18,12,2999.46,4,4,4,444
17504.0,207,9,2997.03,1,4,4,144
12670.0,11,5,2996.05,4,3,4,434
14307.0,89,6,2995.72,2,4,4,244
15687.0,9,9,2993.1,4,4,4,444
14639.0,53,6,2984.49,2,4,4,244
13451.0,27,5,2976.15,3,3,4,334
14032.0,3,11,2975.59,4,4,4,444
15854.0,5,12,2974.65,4,4,4,444
16497.0,50,6,2965.69,3,4,4,344
17924.0,12,7,2962.5,4,4,4,444
14868.0,4,8,2953.59,4,4,4,444
17084.0,36,2,2949.75,3,2,4,324
17444.0,148,3,2940.04,1,3,4,134
16316.0,65,8,2938.91,2,4,4,244
14530.0,26,6,2925.91,3,4,4,344
17512.0,29,10,2924.99,3,4,4,344
15606.0,62,9,2920.16,2,4,4,244
12906.0,12,5,2919.81,4,3,4,434
14112.0,23,7,2915.15,3,4,4,344
12438.0,15,2,2906.85,4,2,4,424
17644.0,2,11,2895.64,4,4,4,444
18144.0,8,12,2888.75,4,4,4,444
12408.0,33,5,2888.55,3,3,4,334
13735.0,25,4,2885.24,3,3,4,334
16633.0,18,6,2883.1,4,4,4,444
15673.0,89,4,2881.02,2,3,4,234
14251.0,2,5,2879.7,4,3,4,434
17728.0,4,3,2876.01,4,3,4,434
14005.0,10,5,2874.72,4,3,4,434
15628.0,5,9,2870.24,4,4,4,444
14711.0,11,11,2868.8,4,4,4,444
13901.0,73,5,2867.2,2,3,4,234
14535.0,61,3,2864.19,2,3,4,234
12685.0,29,6,2863.08,3,4,4,344
18145.0,13,4,2861.55,4,3,4,434
16928.0,81,17,2847.6,2,4,4,244
15984.0,3,10,2837.67,4,4,4,444
14852.0,59,6,2836.69,2,4,4,244
14572.0,4,7,2832.84,4,4,4,444
17596.0,24,7,2827.93,3,4,4,344
14842.0,44,4,2824.69,3,3,4,334
13174.0,17,3,2817.03,4,3,4,434
16871.0,23,6,2812.34,3,4,4,344
12356.0,23,3,2811.43,3,3,4,334
14903.0,22,5,2810.63,3,4,4,344
18230.0,10,7,2810.2,4,4,4,444
13230.0,5,14,2806.97,4,4,4,444
16081.0,57,5,2806.9,2,4,4,244
16764.0,4,13,2799.25,4,4,4,444
15993.0,9,7,2797.57,4,4,4,444
13769.0,3,10,2796.51,4,4,4,444
12578.0,22,2,2794.51,3,2,4,324
12758.0,117,2,2791.59,2,2,4,224
17739.0,12,7,2791.35,4,4,4,444
14626.0,24,4,2791.27,3,3,4,334
17213.0,41,7,2781.23,3,4,4,344
12388.0,16,6,2780.66,4,4,4,444
14121.0,4,4,2780.15,4,3,4,434
17838.0,27,5,2779.3,3,4,4,344
13870.0,3,8,2770.94,4,4,4,444
15356.0,32,10,2766.5,3,4,4,344
15114.0,31,10,2760.56,3,4,4,344
14854.0,79,7,2759.83,2,4,4,244
13971.0,19,8,2758.26,3,4,4,344
15321.0,71,3,2748.31,2,3,4,234
12669.0,151,3,2744.03,1,3,4,134
14808.0,40,8,2741.17,3,4,4,344
14125.0,11,3,2740.43,4,3,4,434
15696.0,34,8,2736.46,3,4,4,344
16938.0,9,4,2736.38,4,3,4,434
16003.0,30,5,2735.37,3,4,4,344
12840.0,144,4,2726.77,1,3,4,134
12380.0,22,4,2724.81,3,3,4,334
12708.0,30,10,2712.91,3,4,4,344
15796.0,2,8,2711.56,4,4,4,444
17069.0,29,9,2709.7,3,4,4,344
13285.0,24,4,2709.12,3,3,4,334
13654.0,44,6,2707.33,3,4,4,344
14107.0,52,7,2703.23,2,4,4,244
14732.0,9,8,2702.49,4,4,4,444
18097.0,8,6,2697.8,4,4,4,444
17386.0,8,6,2686.42,4,4,4,444
12625.0,212,2,2683.82,1,2,4,124
17346.0,4,15,2676.56,4,4,4,444
13883.0,11,5,2674.48,4,4,4,444
14713.0,10,11,2666.36,4,4,4,444
12360.0,53,3,2662.06,2,3,4,234
14439.0,320,1,2661.24,1,1,4,114
15671.0,19,7,2657.13,3,4,4,344
12721.0,32,6,2656.13,3,4,4,344
13851.0,96,3,2651.46,2,3,4,234
16618.0,32,5,2647.59,3,4,4,344
18260.0,173,6,2643.2,1,4,4,144
13658.0,10,5,2639.17,4,4,4,444
17655.0,11,7,2638.94,4,4,4,444
15752.0,40,7,2637.38,3,4,4,344
13804.0,31,7,2635.79,3,4,4,344
13771.0,65,4,2634.45,2,3,4,234
12520.0,80,5,2634.26,2,4,4,244
17402.0,5,13,2633.85,4,4,4,444
18077.0,9,11,2633.01,4,4,4,444
13422.0,65,1,2626.3,2,1,4,214
13644.0,17,4,2624.26,4,3,4,434
17965.0,38,14,2622.57,3,4,4,344
18210.0,2,6,2621.38,4,4,4,444
16255.0,17,8,2619.91,4,4,4,444
14262.0,9,8,2618.23,4,4,4,444
13021.0,5,9,2616.38,4,4,4,444
15782.0,10,3,2614.74,4,3,4,434
14397.0,3,19,2612.96,4,4,4,444
12836.0,60,4,2612.86,2,3,4,234
18075.0,24,10,2611.75,3,4,4,344
12726.0,29,7,2609.1,3,4,4,344
16241.0,10,13,2607.87,4,4,4,444
13136.0,57,5,2607.61,2,4,4,244
14408.0,11,7,2606.53,4,4,4,444
13983.0,30,12,2603.43,3,4,4,344
17317.0,47,3,2600.34,3,3,4,334
12600.0,29,10,2599.04,3,4,4,344
16919.0,157,11,2596.45,1,4,4,144
13895.0,29,4,2593.07,3,3,4,334
14243.0,9,10,2588.77,4,4,4,444
15033.0,5,10,2586.67,4,4,4,444
13911.0,58,9,2580.91,2,4,4,244
14546.0,6,5,2578.09,4,4,4,444
16912.0,29,11,2575.38,3,4,4,344
15485.0,31,3,2575.0,3,3,4,334
18245.0,8,7,2567.06,4,4,4,444
16308.0,38,4,2560.0,3,3,4,334
15572.0,5,7,2552.86,4,4,4,444
14334.0,17,8,2552.21,4,4,4,444
14701.0,11,9,2549.37,4,4,4,444
14676.0,32,6,2548.24,3,4,4,344
13344.0,68,3,2543.72,2,3,4,234
14776.0,52,11,2538.3,2,4,4,244
17700.0,17,4,2534.64,4,3,4,434
13471.0,2,4,2531.58,4,3,4,434
14659.0,9,9,2529.93,4,4,4,444
17314.0,25,8,2527.92,3,4,4,344
13975.0,32,6,2526.28,3,4,4,344
17449.0,3,7,2520.86,4,4,4,444
13394.0,2,8,2520.02,4,4,4,444
15245.0,135,3,2515.84,2,3,4,234
15271.0,8,15,2507.07,4,4,4,444
12352.0,37,8,2506.04,3,4,4,344
13695.0,32,15,2504.13,3,4,4,344
12517.0,29,5,2502.84,3,4,4,344
15932.0,5,8,2495.87,4,4,4,444
16477.0,64,7,2494.46,2,4,4,244
12483.0,18,8,2484.98,4,4,4,444
12913.0,5,5,2483.63,4,4,4,444
16710.0,20,10,2483.04,3,4,4,344
14315.0,45,6,2481.13,3,4,4,344
13507.0,4,4,2479.16,4,3,4,434
13588.0,16,9,2478.95,4,4,4,444
17682.0,11,6,2474.33,4,4,4,444
17188.0,12,7,2474.23,4,4,4,444
14766.0,9,6,2473.37,4,4,4,444
14502.0,20,11,2470.67,3,4,4,344
17164.0,33,7,2467.35,3,4,4,344
12455.0,74,6,2466.86,2,4,4,244
15750.0,3,8,2465.48,4,4,4,444
17131.0,6,5,2463.17,4,4,4,444
13784.0,10,11,2462.79,4,4,4,444
15674.0,74,5,2446.6,2,4,4,244
14163.0,88,4,2445.91,2,3,4,234
15527.0,19,8,2429.78,3,4,4,344
17071.0,29,9,2429.03,3,4,4,344
13949.0,3,6,2427.32,4,4,4,444
16143.0,4,6,2424.94,4,4,4,444
17722.0,97,4,2424.04,2,3,4,234
15089.0,11,6,2420.84,4,4,4,444
15373.0,9,12,2415.91,4,4,4,444
12397.0,36,2,2409.9,3,2,4,324
17589.0,61,4,2404.17,2,3,4,234
15980.0,89,3,2398.86,2,3,4,234
18065.0,6,14,2392.83,4,4,4,444
13141.0,85,5,2388.75,2,4,4,244
15370.0,41,7,2386.05,3,4,4,344
17530.0,2,10,2385.0,4,4,4,444
14493.0,8,5,2383.24,4,4,4,444
14554.0,11,4,2381.04,4,3,4,434
14239.0,44,11,2380.85,3,4,4,344
15270.0,16,7,2379.49,4,4,4,444
13722.0,132,3,2375.41,2,3,4,234
17434.0,3,7,2373.82,4,4,4,444
14930.0,109,3,2372.86,2,3,4,234
13908.0,80,4,2369.55,2,3,4,234
15755.0,11,6,2364.25,4,4,4,444
12457.0,67,7,2363.23,2,4,4,244
17634.0,37,9,2361.97,3,4,4,344
14030.0,19,8,2360.09,3,4,4,344
14440.0,9,5,2357.68,4,4,4,444
15140.0,53,7,2354.25,2,4,4,244
14309.0,9,9,2352.53,4,4,4,444
12704.0,8,8,2340.84,4,4,4,444
18259.0,25,3,2338.6,3,3,4,334
12584.0,4,9,2338.15,4,4,4,444
18257.0,40,8,2337.63,3,4,4,344
17954.0,6,12,2332.72,4,4,4,444
15281.0,59,9,2332.15,2,4,4,244
12782.0,5,5,2330.92,4,4,4,444
15785.0,33,5,2328.9700000000003,3,4,4,344
17313.0,32,1,2328.84,3,1,4,314
17744.0,4,6,2322.4,4,4,4,444
17211.0,27,8,2317.22,3,4,4,344
14290.0,12,5,2314.65,4,4,4,444
15365.0,26,7,2314.32,3,4,4,344
13994.0,4,6,2313.14,4,4,4,444
13704.0,6,9,2308.06,4,4,4,444
15288.0,44,5,2306.52,3,4,4,344
16735.0,79,5,2300.56,2,4,4,244
16550.0,109,5,2298.97,2,4,4,244
15105.0,19,7,2298.93,3,4,4,344
13115.0,12,4,2294.78,4,3,4,434
15704.0,141,4,2293.62,2,3,4,234
12615.0,3,4,2291.19,4,3,4,434
13527.0,34,7,2287.51,3,4,4,344
17696.0,39,8,2285.71,3,4,4,344
12684.0,8,7,2283.63,4,4,4,444
16782.0,11,13,2279.9,4,4,4,444
13317.0,67,6,2273.68,2,4,4,244
17768.0,9,3,2273.18,4,3,4,434
14466.0,30,7,2272.4,3,4,4,344
13700.0,27,10,2265.12,3,4,4,344
16057.0,17,7,2263.12,4,4,4,444
16209.0,89,5,2262.62,2,4,4,244
14432.0,10,6,2255.51,4,4,4,444
16293.0,22,10,2248.99,3,4,4,344
17442.0,37,6,2248.56,3,4,4,344
15235.0,218,12,2247.51,1,4,4,144
16771.0,34,5,2246.81,3,4,4,344
15665.0,169,2,2242.01,1,2,4,124
14211.0,54,9,2241.1,2,4,4,244
16743.0,30,7,2238.09,3,4,4,344
14560.0,8,22,2237.77,4,4,4,444
14700.0,33,3,2235.3,3,3,4,334
16076.0,4,10,2234.73,4,4,4,444
15834.0,71,4,2233.75,2,3,4,234
18242.0,73,4,2232.49,2,3,4,234
14226.0,29,5,2232.19,3,4,4,344
14825.0,4,12,2226.91,4,4,4,444
17591.0,74,7,2225.97,2,4,4,244
12783.0,3,6,2225.91,4,4,4,444
13365.0,34,2,2225.37,3,2,4,324
15722.0,36,5,2222.56,3,4,4,344
15811.0,23,6,2218.62,3,4,4,344
12876.0,58,2,2218.02,2,2,4,224
12653.0,149,2,2209.85,1,2,4,124
13862.0,19,8,2209.36,3,4,4,344
15797.0,114,4,2207.4,2,3,4,234
15179.0,19,5,2206.95,3,4,4,344
13831.0,17,6,2202.99,4,4,4,444
17406.0,334,3,2200.42,1,3,4,134
15123.0,8,2,2199.31,4,2,4,424
16628.0,30,5,2188.05,3,4,4,344
15394.0,10,4,2183.54,4,3,4,434
14341.0,46,8,2182.28,3,4,4,344
12856.0,8,6,2179.93,4,4,4,444
12909.0,40,5,2178.67,3,4,4,344
12501.0,337,1,2169.39,1,1,4,114
12633.0,59,4,2163.98,2,3,4,234
13755.0,4,9,2161.35,4,4,4,444
12935.0,3,7,2160.7,4,4,4,444
16456.0,100,5,2158.37,2,4,4,244
14407.0,108,6,2157.73,2,4,4,244
16379.0,5,4,2157.4,4,3,4,434
13224.0,61,2,2155.95,2,2,4,224
16966.0,9,7,2154.9700000000003,4,4,4,444
17272.0,43,4,2148.63,3,3,4,334
14828.0,197,3,2139.76,1,3,4,134
12560.0,6,3,2134.01,4,3,4,434
17400.0,127,5,2129.96,2,4,4,244
13517.0,60,3,2128.42,2,3,4,234
14360.0,32,4,2128.23,3,3,4,334
16407.0,13,10,2126.93,4,4,4,444
14640.0,25,6,2125.08,3,4,4,344
15058.0,26,11,2124.99,3,4,4,344
13632.0,25,5,2121.27,3,4,4,344
18061.0,22,10,2119.41,3,4,4,344
18008.0,71,9,2116.19,2,4,4,244
14691.0,31,5,2114.33,3,4,4,344
13265.0,54,5,2107.66,2,4,4,244
18173.0,87,4,2106.84,2,3,4,234
18093.0,94,4,2106.52,2,3,4,234
14461.0,149,3,2103.06,1,3,4,134
14515.0,18,6,2102.09,4,4,4,444
17861.0,4,8,2100.8,4,4,4,444
15815.0,64,5,2100.6,2,4,4,244
13126.0,5,8,2099.64,4,4,4,444
12610.0,23,5,2099.54,3,4,4,344
16875.0,68,5,2095.53,2,4,4,244
17191.0,29,7,2095.13,3,4,4,344
18283.0,4,16,2094.88,4,4,4,444
14306.0,52,2,2093.32,2,2,4,224
17490.0,1,7,2092.32,4,4,4,444
13571.0,13,12,2092.32,4,4,4,444
13297.0,8,4,2089.85,4,3,4,434
18044.0,5,10,2088.6,4,4,4,444
14810.0,41,11,2087.88,3,4,4,344
16954.0,1,9,2085.08,4,4,4,444
18231.0,193,5,2083.27,1,4,4,144
14696.0,5,7,2078.95,4,4,4,444
14209.0,11,6,2073.43,4,4,4,444
18241.0,10,17,2073.09,4,4,4,444
18219.0,3,10,2069.77,4,4,4,444
14482.0,19,6,2068.15,3,4,4,344
12948.0,17,7,2064.95,4,4,4,444
12928.0,36,5,2062.7,3,4,4,344
16281.0,73,1,2062.06,2,1,4,214
14409.0,72,6,2059.45,2,4,4,244
12518.0,1,5,2056.89,4,4,4,444
17667.0,67,5,2055.51,2,4,4,244
14188.0,31,6,2054.36,3,4,4,344
16150.0,43,5,2053.02,3,4,4,344
17086.0,8,6,2050.08,4,4,4,444
17612.0,54,6,2048.45,2,4,4,244
14232.0,43,5,2048.07,3,4,4,344
17625.0,19,4,2047.0,3,3,4,334
13495.0,8,5,2044.87,4,4,4,444
17597.0,214,1,2044.37,1,1,4,114
17090.0,5,7,2043.95,4,4,4,444
13450.0,27,6,2043.72,3,4,4,344
14001.0,46,3,2043.08,3,3,4,334
12585.0,235,2,2040.1,1,2,4,124
13593.0,109,5,2037.08,2,4,4,244
18069.0,27,5,2036.67,3,4,4,344
17846.0,86,1,2033.1,2,1,4,214
13630.0,6,7,2031.78,4,4,4,444
16409.0,37,5,2028.88,3,4,4,344
17337.0,152,4,2027.87,1,3,4,134
16358.0,2,4,2027.5,4,3,4,434
14544.0,25,2,2024.45,3,2,4,324
15341.0,81,1,2020.52,2,1,4,214
14506.0,18,5,2012.17,4,4,4,444
15531.0,9,2,2007.44,4,2,4,424
15372.0,138,1,2007.4,2,1,4,214
16098.0,88,7,2005.63,2,4,4,244
14730.0,2,8,2005.06,4,4,4,444
14217.0,2,17,2004.98,4,4,4,444
14462.0,67,11,2004.02,2,4,4,244
17082.0,34,2,2003.85,3,2,4,324
16754.0,373,1,2002.4,1,1,4,114
15493.0,33,5,2001.8,3,4,4,344
18188.0,16,3,2001.04,4,3,4,434
13305.0,5,10,2000.86,4,4,4,444
16698.0,227,2,1998.0,1,2,4,124
17827.0,6,5,1995.46,4,4,4,444
18204.0,72,3,1993.7,2,3,4,234
17679.0,53,2,1992.11,2,2,4,224
17088.0,29,4,1991.01,3,3,4,334
13246.0,19,6,1987.3,3,4,4,344
13590.0,12,6,1981.92,4,4,4,444
13725.0,50,8,1980.56,3,4,4,344
17422.0,17,6,1979.37,4,4,4,444
16341.0,25,4,1971.87,3,3,4,334
17997.0,75,8,1970.67,2,4,4,244
12674.0,39,4,1970.6,3,3,4,334
17790.0,27,14,1965.55,3,4,4,344
17218.0,5,10,1960.72,4,4,4,444
15351.0,13,7,1960.11,4,4,4,444
14498.0,43,5,1957.32,3,4,4,344
12853.0,135,6,1957.1,2,4,4,244
17554.0,2,5,1952.45,4,4,4,444
14533.0,25,7,1949.72,3,4,4,344
14653.0,2,7,1947.55,4,4,4,444
15814.0,17,4,1945.33,4,3,4,434
15518.0,65,8,1942.45,2,4,4,244
14418.0,4,3,1937.25,4,3,4,434
14472.0,104,8,1936.84,2,4,4,244
15864.0,23,6,1936.32,3,4,4,344
15157.0,4,3,1936.07,4,3,4,434
12528.0,10,6,1933.48,4,4,4,444
14655.0,9,4,1932.23,4,3,4,434
14978.0,73,5,1931.42,2,4,4,244
16983.0,13,7,1931.25,4,4,4,444
13094.0,22,12,1927.32,3,4,4,344
16942.0,13,9,1920.59,4,4,4,444
15021.0,9,9,1914.82,4,4,4,444
17368.0,24,8,1912.67,3,4,4,344
14285.0,22,4,1910.01,3,3,4,334
16426.0,3,10,1908.25,4,4,4,444
17228.0,16,8,1906.09,4,4,4,444
14210.0,106,6,1905.84,2,4,4,244
15819.0,50,4,1905.45,3,3,4,334
14250.0,8,3,1904.05,4,3,4,434
12762.0,8,2,1898.52,4,2,4,424
17463.0,17,5,1896.41,4,4,4,444
17870.0,3,12,1894.35,4,4,4,444
14934.0,82,2,1890.94,2,2,4,224
12371.0,45,2,1887.96,3,2,4,324
15641.0,106,4,1887.2,2,3,4,234
16170.0,51,6,1885.05,3,4,4,344
13890.0,2,10,1883.81,4,4,4,444
16128.0,18,5,1880.22,4,4,4,444
17738.0,20,4,1879.05,3,3,4,334
15367.0,58,4,1877.59,2,3,4,234
17293.0,9,9,1875.11,4,4,4,444
16986.0,30,2,1873.2,3,2,4,324
13982.0,40,4,1871.81,3,3,4,334
16474.0,8,7,1871.5,4,4,4,444
17469.0,17,5,1870.97,4,4,4,444
16841.0,37,6,1869.82,3,4,4,344
14524.0,32,9,1867.68,3,4,4,344
17787.0,153,4,1865.19,1,3,4,134
16201.0,4,4,1863.47,4,3,4,434
14887.0,80,1,1862.0,2,1,4,214
12423.0,1,8,1859.31,4,4,4,444
17873.0,81,5,1859.16,2,4,4,244
14305.0,72,3,1858.96,2,3,4,234
12963.0,9,8,1856.63,4,4,4,444
16979.0,4,6,1852.0,4,4,4,444
13421.0,41,2,1851.08,3,2,4,324
12383.0,185,5,1850.56,1,4,4,144
12381.0,5,5,1845.31,4,4,4,444
17519.0,18,6,1844.02,4,4,4,444
18180.0,5,6,1843.75,4,4,4,444
12950.0,3,3,1843.0,4,3,4,434
17015.0,29,3,1842.56,3,3,4,334
16102.0,43,3,1842.14,3,3,4,334
16455.0,64,7,1841.18,2,4,4,244
14113.0,4,4,1840.42,4,3,4,434
14216.0,4,4,1839.3,4,3,4,434
13924.0,2,6,1838.85,4,4,4,444
14459.0,156,1,1837.92,1,1,4,114
18287.0,43,3,1837.28,3,3,4,334
13650.0,17,6,1836.34,4,4,4,444
15827.0,74,14,1836.09,2,4,4,244
13048.0,15,4,1835.91,4,3,4,434
14665.0,61,5,1835.7,2,4,4,244
16152.0,269,1,1829.04,1,1,4,114
15203.0,26,6,1827.8,3,4,4,344
18122.0,9,6,1826.21,4,4,4,444
17702.0,31,4,1824.37,3,3,4,334
16153.0,50,5,1824.23,3,4,4,344
17705.0,4,9,1823.52,4,4,4,444
16169.0,9,4,1822.97,4,3,4,434
17828.0,23,4,1820.09,3,3,4,334
17629.0,6,8,1814.12,4,4,4,444
15260.0,101,7,1810.77,2,4,4,244
13481.0,46,5,1804.56,3,4,4,344
17663.0,26,7,1802.91,3,4,4,344
15812.0,108,5,1801.14,2,4,4,244
16249.0,53,5,1800.07,2,4,4,244
13562.0,82,3,1799.3300000000002,2,3,4,234
13196.0,12,4,1797.78,4,3,4,434
17750.0,6,9,1797.57,4,4,4,444
17648.0,61,4,1797.5,2,3,4,234
12348.0,76,4,1797.24,2,3,4,234
18235.0,72,3,1796.48,2,3,4,234
13134.0,86,4,1793.58,2,3,4,234
18179.0,10,6,1793.17,4,4,4,444
13510.0,2,4,1791.56,4,3,4,434
16719.0,15,7,1790.42,4,4,4,444
12523.0,20,11,1789.77,3,4,4,344
14215.0,12,6,1789.72,4,4,4,444
14621.0,2,5,1788.36,4,4,4,444
13875.0,54,5,1786.79,2,4,4,244
14608.0,5,4,1785.15,4,3,4,434
14935.0,298,1,1784.71,1,1,4,114
15050.0,26,3,1782.09,3,3,4,334
16380.0,62,1,1780.59,2,1,4,214
15220.0,52,6,1778.96,2,4,4,244
17092.0,51,4,1777.78,3,3,4,334
12645.0,34,4,1775.18,3,3,4,334
17754.0,1,5,1772.26,4,4,4,444
15594.0,16,5,1771.78,4,4,4,444
15473.0,15,7,1771.2,4,4,4,444
17813.0,15,5,1770.88,4,4,4,444
14387.0,33,3,1770.56,3,3,4,334
16681.0,73,6,1770.34,2,4,4,244
13456.0,18,6,1766.72,4,4,4,444
15950.0,32,4,1765.51,3,3,4,334
16751.0,31,1,1764.72,3,1,4,314
12424.0,163,2,1760.96,1,2,4,124
12823.0,75,5,1759.5,2,4,4,244
12349.0,19,1,1757.55,3,1,4,314
15241.0,67,8,1756.44,2,4,4,244
16359.0,8,9,1750.92,4,4,4,444
13564.0,145,3,1749.02,1,3,4,134
13808.0,6,5,1747.66,4,4,4,444
15067.0,79,3,1744.76,2,3,4,234
13157.0,50,4,1741.22,3,3,4,334
14595.0,20,6,1740.6,3,4,4,344
17930.0,36,5,1740.48,3,4,4,344
17353.0,130,2,1740.0,2,2,4,224
17457.0,127,5,1737.7,2,4,4,244
14673.0,4,5,1736.4,4,4,4,444
17043.0,33,4,1735.18,3,3,4,334
16791.0,30,7,1721.78,3,4,4,344
17451.0,2,7,1721.4,4,4,4,444
14834.0,18,6,1720.3,4,4,4,444
15267.0,23,5,1717.36,3,4,4,344
17162.0,29,10,1715.46,3,4,4,344
13763.0,64,1,1714.96,2,1,4,214
17147.0,23,4,1714.59,3,3,4,334
14441.0,1,4,1712.89,4,3,4,434
12405.0,149,1,1710.39,1,1,4,114
15947.0,83,1,1708.24,2,1,4,214
12407.0,50,5,1708.12,3,4,4,344
16902.0,117,1,1706.88,2,1,4,214
15240.0,45,5,1706.57,3,4,4,344
16398.0,155,2,1705.8,1,2,4,124
17282.0,131,3,1703.41,2,3,4,234
12843.0,66,8,1702.26,2,4,4,244
16007.0,48,4,1701.94,3,3,4,334
13184.0,15,10,1701.29,4,4,4,444
17193.0,36,7,1699.3,3,4,4,344
13824.0,33,5,1698.94,3,4,4,344
16775.0,11,11,1695.66,4,4,4,444
12764.0,317,1,1693.88,1,1,4,114
14245.0,220,2,1693.45,1,2,4,124
15549.0,78,3,1693.26,2,3,4,234
16813.0,9,10,1692.98,4,4,4,444
16671.0,29,3,1692.27,3,3,4,334
15380.0,9,5,1690.26,4,4,4,444
17152.0,195,3,1689.5,1,3,4,134
12635.0,90,2,1689.18,2,2,4,224
13162.0,123,4,1688.29,2,3,4,234
13577.0,26,4,1687.6,3,3,4,334
16638.0,23,10,1680.72,3,4,4,344
13647.0,10,4,1678.12,4,3,4,434
13149.0,15,4,1676.06,4,3,4,434
17656.0,74,5,1674.69,2,4,4,244
16115.0,10,8,1667.97,4,4,4,444
12912.0,3,5,1662.3,4,4,4,444
12530.0,60,4,1662.28,2,3,4,234
13012.0,10,8,1661.84,4,4,3,443
15214.0,2,8,1661.44,4,4,3,443
15024.0,10,10,1661.33,4,4,3,443
15332.0,367,4,1661.06,1,3,3,133
12967.0,359,2,1660.9,1,2,3,123
14045.0,110,4,1659.75,2,3,3,233
15953.0,16,8,1659.38,4,4,3,443
15826.0,57,3,1654.31,2,3,3,233
14573.0,180,9,1653.42,1,4,3,143
17284.0,61,6,1652.58,2,4,3,243
16711.0,4,5,1651.03,4,4,3,443
14837.0,90,4,1649.5,2,3,3,233
13750.0,54,5,1647.26,2,4,3,243
12657.0,12,4,1643.18,4,3,3,433
15002.0,116,4,1641.76,2,3,3,233
13627.0,60,5,1638.47,2,4,3,243
12398.0,46,1,1635.66,3,1,3,313
15122.0,115,3,1633.78,2,3,3,233
14164.0,71,2,1631.77,2,2,3,223
17673.0,2,6,1629.12,4,4,3,443
12377.0,316,2,1628.12,1,2,3,123
16515.0,53,5,1627.13,2,4,3,243
14759.0,5,3,1625.97,4,3,3,433
16987.0,4,7,1625.05,4,4,3,443
13425.0,109,3,1624.21,2,3,3,233
15172.0,9,5,1624.05,4,4,3,443
14937.0,57,3,1621.88,2,3,3,233
17101.0,11,4,1621.73,4,3,3,433
14178.0,9,7,1620.93,4,4,3,443
16801.0,164,4,1619.73,1,3,3,133
18161.0,16,5,1618.69,4,4,3,443
14336.0,17,4,1614.91,4,3,3,433
16992.0,11,5,1614.31,4,4,3,443
15791.0,44,2,1612.69,3,2,3,323
14312.0,47,6,1611.59,3,4,3,343
13614.0,25,4,1610.46,3,3,3,333
14918.0,116,2,1610.15,2,2,3,223
12868.0,186,6,1607.06,1,4,3,143
16817.0,3,9,1604.75,4,4,3,443
12947.0,144,6,1603.99,1,4,3,143
16466.0,34,7,1603.46,3,4,3,343
14719.0,2,5,1602.13,4,4,3,443
14587.0,19,9,1601.14,3,4,3,343
15660.0,26,9,1600.86,3,4,3,343
16496.0,9,3,1599.52,4,3,3,433
13850.0,130,1,1595.48,2,1,3,213
17837.0,43,8,1593.38,3,4,3,343
16332.0,29,7,1593.2,3,4,3,343
16676.0,34,4,1592.12,3,3,3,333
14970.0,69,4,1592.06,2,3,3,233
15611.0,10,13,1591.45,4,4,3,443
18178.0,129,4,1590.81,2,3,3,233
14442.0,205,2,1589.82,1,2,3,123
12393.0,73,4,1582.6,2,3,3,233
15532.0,26,4,1580.93,3,3,3,333
12607.0,61,1,1579.51,2,1,3,213
13814.0,93,2,1579.12,2,2,3,223
16889.0,195,3,1578.67,1,3,3,133
13186.0,40,3,1575.89,3,3,3,333
13634.0,34,5,1575.16,3,4,3,343
13659.0,206,2,1573.2,1,2,3,123
17671.0,16,4,1572.71,4,3,3,433
16283.0,6,5,1570.81,4,4,3,443
12865.0,27,2,1568.23,3,2,3,323
15906.0,20,7,1567.69,3,4,3,343
15111.0,30,3,1567.48,3,3,3,333
17085.0,124,5,1566.65,2,4,3,243
17204.0,176,4,1564.56,1,3,3,133
18239.0,219,5,1561.61,1,4,3,143
14038.0,79,3,1560.38,2,3,3,233
16394.0,57,5,1555.34,2,4,3,243
13313.0,23,5,1555.32,3,4,3,343
16369.0,19,3,1553.66,3,3,3,333
15620.0,57,3,1553.18,2,3,3,233
15117.0,15,5,1551.78,4,4,3,443
13320.0,79,4,1548.7,2,3,3,233
14229.0,52,3,1547.2,2,3,3,233
14704.0,12,9,1546.91,4,4,3,443
16790.0,4,6,1545.62,4,4,3,443
13397.0,73,5,1544.13,2,4,3,243
15701.0,3,4,1542.14,4,3,3,433
12818.0,262,1,1542.08,1,1,3,113
16365.0,18,9,1540.42,4,4,3,443
17159.0,22,3,1538.88,3,3,3,333
13849.0,52,2,1537.95,2,2,3,223
12877.0,4,12,1535.77,4,4,3,443
15392.0,5,4,1535.53,4,3,3,433
15625.0,104,4,1534.26,2,3,3,233
13107.0,45,4,1531.62,3,3,3,333
12759.0,53,3,1531.44,2,3,3,233
14321.0,11,5,1530.75,4,4,3,443
14567.0,57,2,1530.36,2,2,3,223
15916.0,17,8,1528.09,4,4,3,443
16244.0,212,2,1522.75,1,2,3,123
16434.0,30,7,1522.25,3,4,3,343
16066.0,17,5,1521.87,4,4,3,443
13764.0,71,3,1521.76,2,3,3,233
13213.0,57,5,1520.58,2,4,3,243
16880.0,31,7,1519.08,3,4,3,343
14267.0,163,3,1516.24,1,3,3,133
13791.0,128,2,1516.0,2,2,3,223
16748.0,18,5,1515.9,4,4,3,443
16053.0,33,2,1511.95,3,2,3,323
16910.0,5,8,1510.06,4,4,3,443
16279.0,22,3,1509.58,3,3,3,333
16016.0,4,8,1508.76,4,4,3,443
15265.0,152,2,1506.12,1,2,3,123
12937.0,16,4,1504.27,4,3,3,433
15530.0,22,4,1502.35,3,3,3,333
16762.0,20,3,1501.38,3,3,3,333
13810.0,29,3,1499.01,3,3,3,333
17571.0,51,4,1498.51,3,3,3,333
14414.0,92,7,1496.98,2,4,3,243
16755.0,115,3,1496.83,2,3,3,233
17002.0,86,3,1493.73,2,3,3,233
15057.0,276,2,1489.5,1,2,3,123
13110.0,32,7,1488.67,3,4,3,343
13692.0,25,3,1488.32,3,3,3,333
14963.0,10,5,1487.8,4,4,3,443
17553.0,130,1,1487.6,2,1,3,213
16395.0,61,5,1486.9,2,4,3,243
14878.0,13,9,1485.54,4,4,3,443
14758.0,145,4,1484.06,1,3,3,133
18016.0,33,5,1483.56,3,4,3,343
15427.0,34,3,1483.14,3,3,3,333
17590.0,3,3,1479.22,4,3,3,433
14403.0,131,4,1475.81,2,3,3,233
15983.0,23,4,1475.02,3,3,3,333
12826.0,3,7,1474.72,4,4,3,443
14404.0,34,6,1474.32,3,4,3,343
14246.0,111,3,1474.06,2,3,3,233
15128.0,61,4,1471.0,2,3,3,233
16348.0,33,7,1469.45,3,4,3,343
14875.0,108,2,1465.32,2,2,3,223
12882.0,10,2,1463.04,4,2,3,423
14233.0,50,4,1462.72,3,3,3,333
14541.0,59,8,1461.65,2,4,3,243
17063.0,22,7,1461.14,3,4,3,343
16059.0,66,6,1459.86,2,4,3,243
16996.0,31,6,1456.96,3,4,3,343
13309.0,8,5,1456.79,4,4,3,443
13477.0,38,6,1454.58,3,4,3,343
15987.0,13,7,1451.28,4,4,3,443
14740.0,198,3,1448.21,1,3,3,133
15426.0,20,5,1447.39,3,4,3,343
14591.0,16,4,1447.14,4,3,3,433
17073.0,18,4,1446.09,4,3,3,433
13717.0,33,6,1445.01,3,4,3,343
13461.0,39,3,1445.0,3,3,3,333
17175.0,45,4,1443.69,3,3,3,333
15478.0,41,2,1441.42,3,2,3,323
15858.0,16,5,1438.85,4,4,3,443
14071.0,4,8,1438.82,4,4,3,443
13159.0,9,4,1437.85,4,3,3,433
14566.0,111,1,1432.0,2,1,3,213
16503.0,107,4,1431.93,2,3,3,233
13475.0,192,4,1431.78,1,3,3,133
16103.0,8,6,1429.64,4,4,3,443
16271.0,3,5,1429.24,4,4,3,443
14035.0,29,5,1428.02,3,4,3,343
15681.0,26,5,1426.16,3,4,3,343
15106.0,18,5,1422.52,4,4,3,443
16463.0,22,4,1422.4,3,3,3,333
16571.0,27,3,1421.69,3,3,3,333
14019.0,47,3,1421.61,3,3,3,333
14901.0,12,9,1421.29,4,4,3,443
14443.0,54,4,1420.2,2,3,3,233
17288.0,10,7,1419.73,4,4,3,443
16173.0,16,6,1418.32,4,4,3,443
15444.0,10,2,1418.26,4,2,3,423
17856.0,2,4,1418.03,4,3,3,433
18116.0,68,8,1418.03,2,4,3,243
14649.0,5,4,1417.29,4,3,3,433
14748.0,30,5,1415.75,3,4,3,343
16012.0,36,3,1415.29,3,3,3,333
16245.0,24,3,1413.66,3,3,3,333
17004.0,47,2,1412.94,3,2,3,323
15237.0,2,4,1412.32,4,3,3,433
15596.0,101,5,1406.59,2,4,3,243
17083.0,110,3,1405.78,2,3,3,233
15563.0,23,4,1400.44,3,3,3,333
14741.0,12,6,1400.34,4,4,3,443
18202.0,200,3,1396.99,1,3,3,133
13995.0,16,5,1393.69,4,4,3,443
17354.0,51,1,1393.06,3,1,3,313
15810.0,79,4,1391.98,2,3,3,233
15051.0,24,3,1391.61,3,3,3,333
13414.0,134,3,1390.5,2,3,3,233
13516.0,22,3,1389.41,3,3,3,333
15898.0,2,5,1388.88,4,4,3,443
16539.0,3,4,1388.81,4,3,3,433
15453.0,2,7,1388.37,4,4,3,443
15134.0,15,8,1387.99,4,4,3,443
12952.0,6,4,1387.79,4,3,3,433
17676.0,5,6,1387.68,4,4,3,443
12775.0,18,5,1386.04,4,4,3,443
13308.0,23,3,1385.51,3,3,3,333
18167.0,24,3,1384.86,3,3,3,333
17311.0,79,2,1384.85,2,2,3,223
13572.0,206,1,1384.25,1,1,3,113
14507.0,24,6,1383.18,3,4,3,343
14116.0,20,5,1382.74,3,4,3,343
16389.0,54,4,1382.07,2,3,3,233
16726.0,27,5,1382.02,3,4,3,343
17621.0,22,3,1379.9,3,3,3,333
12886.0,68,2,1378.4,2,2,3,223
15569.0,104,5,1375.71,2,4,3,243
16669.0,24,3,1374.87,3,3,3,333
14434.0,22,6,1372.8,3,4,3,343
15095.0,104,4,1370.6,2,3,3,233
13813.0,40,4,1366.86,3,3,3,333
14897.0,8,4,1366.38,4,3,3,433
13396.0,30,2,1360.99,3,2,3,323
14102.0,6,5,1360.28,4,4,3,443
15411.0,27,4,1358.88,3,3,3,333
13232.0,13,7,1357.6,4,4,3,443
17054.0,29,5,1356.33,3,4,3,343
14064.0,30,5,1353.74,3,4,3,343
14859.0,13,4,1353.74,4,3,3,433
15116.0,18,4,1352.75,4,3,3,433
16079.0,17,3,1352.0,4,3,3,433
16493.0,80,4,1351.63,2,3,3,233
12770.0,211,1,1351.45,1,1,3,113
12646.0,5,2,1346.97,4,2,3,423
14154.0,240,2,1345.62,1,2,3,123
15398.0,17,2,1345.53,4,2,3,423
12463.0,54,4,1344.78,2,3,3,233
17372.0,41,8,1342.68,3,4,3,343
16317.0,120,3,1341.65,2,3,3,233
13743.0,3,7,1341.6,4,4,3,443
18177.0,32,6,1341.42,3,4,3,343
16045.0,120,4,1340.7,2,3,3,233
13501.0,289,1,1340.32,1,1,3,113
15734.0,115,2,1339.45,2,2,3,223
12620.0,15,3,1339.41,4,3,3,433
15059.0,41,9,1337.72,3,4,3,343
16110.0,46,3,1337.48,3,3,3,333
12919.0,9,6,1335.19,4,4,3,443
15680.0,10,3,1333.68,4,3,3,433
17932.0,30,3,1331.57,3,3,3,333
12676.0,25,6,1331.39,3,4,3,343
16295.0,10,4,1328.55,4,3,3,433
15146.0,165,2,1327.16,1,2,3,123
17633.0,32,4,1324.84,3,3,3,333
12854.0,79,3,1324.5,2,3,3,233
17095.0,23,3,1324.16,3,3,3,333
16370.0,83,4,1320.56,2,3,3,233
14794.0,3,7,1319.91,4,4,3,443
13168.0,37,4,1319.19,3,3,3,333
16083.0,101,2,1317.62,2,2,3,223
12526.0,1,3,1316.66,4,3,3,433
14921.0,31,2,1316.07,3,2,3,323
12576.0,36,5,1315.83,3,4,3,343
14511.0,12,5,1314.81,4,4,3,443
16464.0,20,3,1314.68,3,3,3,333
14973.0,108,3,1314.45,2,3,3,233
14738.0,43,7,1314.45,3,4,3,343
16040.0,66,3,1313.55,2,3,3,233
12364.0,8,4,1313.1,4,3,3,433
12516.0,78,2,1312.06,2,2,3,223
14856.0,37,3,1311.38,3,3,3,333
14477.0,20,4,1309.6,3,3,3,333
16120.0,60,4,1309.14,2,3,3,233
14047.0,9,5,1308.61,4,4,3,443
13328.0,317,1,1308.48,1,1,3,113
14297.0,18,4,1305.33,4,3,3,433
12507.0,135,3,1304.81,2,3,3,233
16744.0,12,7,1304.76,4,4,3,443
17919.0,89,1,1304.04,2,1,3,213
15813.0,208,2,1303.91,1,2,3,123
14898.0,24,6,1303.52,3,4,3,343
15108.0,142,4,1300.25,2,3,3,233
15494.0,22,2,1299.23,3,2,3,323
12488.0,10,3,1298.66,4,3,3,433
12372.0,72,3,1298.04,2,3,3,233
15602.0,9,9,1297.87,4,4,3,443
17961.0,22,39,1296.44,3,4,3,343
16929.0,4,7,1295.39,4,4,3,443
16224.0,58,4,1295.3,2,3,3,233
15621.0,5,4,1293.03,4,3,3,433
16101.0,71,1,1290.7,2,1,3,213
15171.0,332,1,1289.5,1,1,3,113
15136.0,3,4,1286.7,4,3,3,433
16949.0,4,6,1286.27,4,4,3,443
17350.0,9,4,1286.07,4,3,3,433
17802.0,83,3,1285.04,2,3,3,233
16899.0,8,6,1281.56,4,4,3,443
13878.0,55,1,1281.53,2,1,3,213
13538.0,44,7,1280.85,3,4,3,343
16951.0,135,3,1277.75,2,3,3,233
16692.0,257,2,1276.0,1,2,3,123
17019.0,12,4,1272.61,4,3,3,433
12394.0,64,2,1272.48,2,2,3,223
12630.0,10,2,1270.88,4,2,3,423
14669.0,242,3,1269.99,1,3,3,133
13492.0,137,3,1269.84,2,3,3,233
13431.0,68,2,1269.1,2,2,3,223
14916.0,71,4,1268.98,2,3,3,233
15199.0,60,4,1268.7,2,3,3,233
16660.0,17,4,1267.65,4,3,3,433
17037.0,88,1,1267.32,2,1,3,213
17158.0,33,3,1266.97,3,3,3,333
14105.0,240,1,1266.23,1,1,3,113
13989.0,66,2,1266.08,2,2,3,223
16842.0,101,3,1264.19,2,3,3,233
15497.0,18,2,1262.2,4,2,3,423
15009.0,13,3,1261.78,4,3,3,433
16688.0,2,4,1260.86,4,3,3,433
17388.0,78,4,1259.56,2,3,3,233
17412.0,3,7,1258.06,4,4,3,443
13151.0,296,1,1257.87,1,1,3,113
14931.0,5,5,1257.68,4,4,3,443
16639.0,32,3,1257.51,3,3,3,333
17481.0,4,4,1255.59,4,3,3,433
13848.0,93,3,1255.0,2,3,3,233
17262.0,53,5,1253.36,2,4,3,243
14698.0,2,5,1250.76,4,4,3,443
14383.0,39,3,1247.69,3,3,3,333
12689.0,26,2,1247.61,3,2,3,323
13029.0,31,3,1247.5,3,3,3,333
15004.0,148,1,1246.32,1,1,3,113
12494.0,16,7,1246.1,4,4,3,443
13860.0,2,5,1245.9,4,4,3,443
14428.0,8,5,1244.83,4,4,3,443
16531.0,23,7,1244.59,3,4,3,343
17584.0,8,2,1242.3,4,2,3,423
17588.0,101,3,1240.2,2,3,3,233
17731.0,80,4,1240.11,2,3,3,233
12985.0,1,2,1239.38,4,2,3,423
13476.0,179,2,1238.47,1,2,3,123
14893.0,10,2,1237.85,4,2,3,423
13931.0,96,2,1237.53,2,2,3,223
15201.0,88,5,1236.54,2,4,3,243
14684.0,26,5,1236.28,3,4,3,343
15376.0,41,3,1233.36,3,3,3,333
15910.0,1,8,1232.18,4,4,3,443
18080.0,19,2,1231.5,3,2,3,323
18171.0,59,5,1231.31,2,4,3,243
14913.0,36,4,1227.43,3,3,3,333
12997.0,23,4,1226.89,3,3,3,333
12412.0,75,3,1226.88,2,3,3,233
17774.0,97,4,1225.41,2,3,3,233
15841.0,73,4,1224.06,2,3,3,233
13208.0,59,6,1223.9,2,4,3,243
16794.0,2,10,1222.71,4,4,3,443
14745.0,113,5,1220.26,2,4,3,243
15227.0,37,5,1219.4,3,4,3,343
13491.0,52,10,1215.82,2,4,3,243
17410.0,17,5,1214.72,4,4,3,443
13055.0,79,3,1214.41,2,3,3,233
18263.0,26,3,1213.16,3,3,3,333
13918.0,50,2,1212.84,3,2,3,323
16653.0,17,2,1212.66,4,2,3,423
12464.0,11,8,1212.05,4,4,3,443
17653.0,37,4,1207.56,3,3,3,333
15737.0,15,8,1205.12,4,4,3,443
16800.0,12,1,1201.49,4,1,3,413
13158.0,95,4,1201.06,2,3,3,233
17320.0,101,3,1200.62,2,3,3,233
17800.0,38,9,1199.01,3,4,3,343
15605.0,37,5,1198.23,3,4,3,343
13118.0,20,5,1197.81,3,4,3,343
13211.0,11,3,1197.42,4,3,3,433
16042.0,23,5,1197.27,3,4,3,343
17867.0,31,6,1197.1,3,4,3,343
14487.0,27,6,1196.33,3,4,3,343
17720.0,27,4,1195.94,3,3,3,333
17526.0,5,4,1195.9,4,3,3,433
15145.0,5,4,1194.73,4,3,3,433
12611.0,53,1,1193.32,2,1,3,213
13882.0,3,5,1191.13,4,4,3,443
12462.0,19,2,1189.59,3,2,3,323
16612.0,33,4,1187.66,3,3,3,333
15630.0,46,2,1186.35,3,2,3,323
13752.0,125,6,1186.28,2,4,3,243
17058.0,82,3,1179.89,2,3,3,233
16950.0,57,3,1178.56,2,3,3,233
12885.0,64,3,1175.22,2,3,3,233
12640.0,24,3,1174.58,3,3,3,333
15306.0,65,3,1174.35,2,3,3,233
14857.0,60,2,1173.12,2,2,3,223
13611.0,90,3,1171.8,2,3,3,233
18168.0,177,6,1169.94,1,4,3,143
12358.0,2,2,1168.06,4,2,3,423
13500.0,24,3,1166.77,3,3,3,333
14737.0,4,3,1164.55,4,3,3,433
14261.0,51,2,1163.45,3,2,3,323
14447.0,19,5,1163.23,3,4,3,343
16714.0,219,3,1161.53,1,3,3,133
12546.0,47,2,1161.5,3,2,3,323
15088.0,22,2,1160.07,3,2,3,323
17348.0,15,5,1159.52,4,4,3,443
13499.0,18,5,1159.11,4,4,3,443
16184.0,65,6,1158.79,2,4,3,243
14723.0,11,6,1158.3,4,4,3,443
13744.0,96,2,1156.36,2,2,3,223
16637.0,33,4,1154.47,3,3,3,333
16062.0,10,4,1153.62,4,3,3,433
12710.0,97,3,1149.02,2,3,3,233
17505.0,162,2,1145.84,1,2,3,123
16766.0,274,2,1145.6,1,2,3,123
12769.0,239,1,1143.6,1,1,3,113
17770.0,199,5,1143.27,1,4,3,143
18125.0,30,4,1142.99,3,3,3,333
15985.0,124,2,1142.42,2,2,3,223
16270.0,354,1,1141.24,1,1,3,113
13330.0,93,3,1140.93,2,3,3,233
13819.0,302,3,1140.35,1,3,3,133
16172.0,96,5,1140.21,2,4,3,243
17135.0,17,7,1139.73,4,4,3,443
17500.0,18,3,1138.0,4,3,3,433
17302.0,15,5,1135.63,4,4,3,443
17242.0,109,2,1135.04,2,2,3,223
15489.0,23,3,1134.28,3,3,3,333
16989.0,8,6,1133.25,4,4,3,443
17585.0,110,4,1133.07,2,3,3,233
13282.0,19,3,1132.14,3,3,3,333
13772.0,34,3,1132.13,3,3,3,333
13310.0,29,3,1132.03,3,3,3,333
13610.0,13,7,1131.88,4,4,3,443
15500.0,9,4,1131.56,4,3,3,433
13447.0,24,3,1129.14,3,3,3,333
14824.0,11,4,1127.71,4,3,3,433
12609.0,79,3,1126.85,2,3,3,233
14708.0,3,3,1126.37,4,3,3,433
17470.0,45,5,1125.07,3,4,3,343
14129.0,2,5,1123.86,4,4,3,443
15436.0,13,3,1122.53,4,3,3,433
13486.0,79,3,1122.41,2,3,3,233
17562.0,15,7,1122.38,4,4,3,443
16807.0,143,3,1121.59,1,3,3,133
16086.0,60,5,1121.39,2,4,3,243
15730.0,66,3,1120.88,2,3,3,233
17894.0,72,8,1119.81,2,4,3,243
14276.0,99,3,1119.74,2,3,3,233
13064.0,13,4,1119.49,4,3,3,433
12842.0,71,2,1118.99,2,2,3,223
15716.0,146,4,1118.81,1,3,3,133
17788.0,74,2,1117.9,2,2,3,223
13591.0,65,3,1117.13,2,3,3,233
14971.0,36,3,1116.57,3,3,3,333
16350.0,22,4,1116.47,3,3,3,333
12679.0,59,4,1113.02,2,3,3,233
17609.0,41,5,1112.22,3,4,3,343
16049.0,41,3,1111.79,3,3,3,333
14161.0,216,3,1110.52,1,3,3,133
14817.0,201,2,1110.34,1,2,3,123
15069.0,180,1,1109.53,1,1,3,113
12399.0,120,4,1108.65,2,3,3,233
15933.0,22,3,1107.46,3,3,3,333
16833.0,2,4,1106.53,4,3,3,433
12857.0,211,2,1106.4,1,2,3,123
14410.0,93,9,1105.07,2,4,3,243
14948.0,24,6,1101.97,3,4,3,343
17047.0,86,3,1100.9,2,3,3,233
14744.0,17,7,1099.98,4,4,3,443
15978.0,78,1,1098.78,2,1,3,213
13104.0,4,6,1098.48,4,4,3,443
17966.0,38,5,1098.43,3,4,3,343
16225.0,45,5,1096.32,3,4,3,343
16533.0,20,3,1095.56,3,3,3,333
13652.0,46,3,1095.08,3,3,3,333
15745.0,20,4,1094.59,3,3,3,333
15608.0,29,4,1093.68,3,3,3,333
13521.0,2,3,1093.65,4,3,3,433
18189.0,78,2,1090.24,2,2,3,223
13853.0,58,1,1090.14,2,1,3,213
12534.0,131,1,1089.18,2,1,3,213
15763.0,32,2,1086.92,3,2,3,323
13467.0,11,2,1083.71,4,2,3,423
17041.0,27,3,1081.57,3,3,3,333
14561.0,76,3,1080.76,2,3,3,233
16200.0,5,2,1080.62,4,2,3,423
13726.0,39,2,1079.66,3,2,3,323
15197.0,11,3,1079.61,4,3,3,433
12354.0,233,1,1079.4,1,1,3,113
13715.0,282,5,1079.34,1,4,3,143
16980.0,256,2,1078.96,1,2,3,123
14352.0,158,4,1078.96,1,3,3,133
16094.0,12,4,1078.23,4,3,3,433
16563.0,54,1,1077.74,2,1,3,213
13131.0,24,3,1073.3,3,3,3,333
15712.0,10,5,1072.36,4,4,3,443
15238.0,30,3,1071.99,3,3,3,333
13635.0,68,1,1071.03,2,1,3,213
17522.0,2,5,1070.71,4,4,3,443
13761.0,51,2,1070.65,3,2,3,323
14212.0,90,1,1070.48,2,1,3,213
17214.0,61,6,1069.12,2,4,3,243
16918.0,50,6,1068.82,3,4,3,343
15027.0,31,4,1066.15,3,3,3,333
17277.0,228,2,1065.35,1,2,3,123
14488.0,68,1,1064.28,2,1,3,213
17287.0,27,7,1064.11,3,4,3,343
12951.0,9,6,1064.07,4,4,3,443
15801.0,47,3,1063.95,3,3,3,333
12936.0,18,4,1063.9,4,3,3,433
12815.0,148,2,1063.46,1,2,3,123
14411.0,311,1,1063.0,1,1,3,113
16214.0,171,3,1062.75,1,3,3,133
15996.0,89,6,1060.68,2,4,3,243
15706.0,64,4,1060.56,2,3,3,233
17727.0,16,1,1060.25,4,1,3,413
18130.0,16,3,1059.39,4,3,3,433
14465.0,247,3,1058.62,1,3,3,133
13455.0,25,2,1058.34,3,2,3,323
14419.0,11,6,1058.06,4,4,3,443
15407.0,34,4,1056.44,3,3,3,333
14514.0,62,3,1055.35,2,3,3,233
15977.0,18,2,1054.73,4,2,3,423
16728.0,47,4,1054.67,3,3,3,333
12716.0,4,2,1053.49,4,2,3,423
14583.0,6,5,1052.55,4,4,3,443
16416.0,27,3,1051.4,3,3,3,333
12849.0,32,2,1050.89,3,2,3,323
14224.0,111,4,1050.12,2,3,3,233
15329.0,40,3,1049.7,3,3,3,333
14078.0,102,6,1049.37,2,4,3,243
15464.0,339,1,1048.85,1,1,3,113
15839.0,34,3,1048.49,3,3,3,333
15777.0,242,4,1047.11,1,3,3,133
16520.0,187,3,1046.57,1,3,3,133
14293.0,4,4,1046.56,4,3,3,433
17042.0,3,5,1044.38,4,4,3,443
15192.0,120,3,1044.32,2,3,3,233
14389.0,66,2,1043.46,2,2,3,223
15073.0,10,3,1043.41,4,3,3,433
12497.0,82,1,1043.1,2,1,3,213
14584.0,170,4,1042.26,1,3,3,133
13719.0,16,5,1041.68,4,4,3,443
18221.0,23,5,1041.61,3,4,3,343
15434.0,9,5,1041.48,4,4,3,443
14446.0,1,4,1039.58,4,3,3,433
16320.0,173,2,1038.46,1,2,3,123
16175.0,95,4,1037.59,2,3,3,233
12691.0,29,6,1035.8,3,4,3,343
16260.0,51,1,1035.45,3,1,3,313
13639.0,75,1,1033.34,2,1,3,213
17724.0,72,3,1033.0,2,3,3,233
12599.0,30,7,1032.58,3,4,3,343
12724.0,6,4,1031.41,4,3,3,433
17405.0,2,3,1031.41,4,3,3,433
13235.0,213,1,1031.07,1,1,3,113
12717.0,152,2,1030.98,1,2,3,123
13253.0,157,2,1030.4,1,2,3,123
17033.0,87,3,1030.14,2,3,3,233
15333.0,209,1,1028.56,1,1,3,113
16682.0,5,5,1028.0,4,4,3,443
15104.0,197,2,1027.44,1,2,3,123
13956.0,6,5,1026.42,4,4,3,443
14904.0,3,2,1025.44,4,2,3,423
16160.0,66,2,1025.44,2,2,3,223
15658.0,191,5,1024.1,1,4,3,143
17096.0,16,4,1022.13,4,3,3,433
14346.0,121,2,1021.58,2,2,3,223
13165.0,47,2,1021.48,3,2,3,323
12572.0,9,2,1020.42,4,2,3,423
13376.0,100,3,1019.76,2,3,3,233
18142.0,158,2,1019.52,1,2,3,123
12828.0,3,6,1018.71,4,4,3,443
14083.0,5,9,1018.43,4,4,3,443
12514.0,268,1,1017.68,1,1,3,113
13728.0,37,6,1016.14,3,4,3,343
13867.0,32,3,1015.29,3,3,3,333
12642.0,26,3,1013.26,3,3,3,333
12739.0,79,2,1013.04,2,2,3,223
17197.0,30,1,1013.01,3,1,3,313
14195.0,202,2,1012.0,1,2,3,123
14775.0,59,3,1011.9,2,3,3,233
16229.0,88,2,1010.6,2,2,3,223
13032.0,53,2,1010.18,2,2,3,223
16572.0,128,3,1009.6,2,3,3,233
16174.0,127,3,1009.55,2,3,3,233
17951.0,40,3,1008.54,3,3,3,333
17646.0,220,3,1008.39,1,3,3,133
14631.0,51,3,1006.98,3,3,3,333
13429.0,11,4,1006.8,4,3,3,433
17126.0,153,5,1004.75,1,4,3,143
14214.0,31,5,1004.38,3,4,3,343
13410.0,25,5,1003.06,3,4,3,343
12446.0,58,1,1002.31,2,1,3,213
12545.0,76,2,1000.39,2,2,3,223
15508.0,190,6,1000.27,1,4,3,143
18143.0,117,2,1000.16,2,2,3,223
12722.0,86,4,997.63,2,3,3,233
14540.0,10,3,996.26,4,3,3,433
15110.0,24,4,996.1,3,3,3,333
17594.0,86,2,993.18,2,2,3,223
16009.0,23,4,992.71,3,3,3,333
13363.0,18,2,992.5,4,2,3,423
14223.0,93,3,991.13,2,3,3,233
16232.0,44,4,990.88,3,3,3,333
17324.0,18,4,990.23,4,3,3,433
15062.0,72,4,987.86,2,3,3,233
18237.0,3,5,987.1,4,4,3,443
16376.0,9,2,987.01,4,2,3,423
13117.0,22,8,984.91,3,4,3,343
17144.0,2,2,984.57,4,2,3,423
12510.0,143,2,982.57,1,2,3,123
15133.0,128,3,982.42,2,3,3,233
14138.0,2,2,982.38,4,2,3,423
15071.0,94,2,982.07,2,2,3,223
16188.0,45,4,981.86,3,3,3,333
16907.0,30,5,981.65,3,4,3,343
16085.0,24,5,981.51,3,4,3,343
12541.0,30,3,981.18,3,3,3,333
18170.0,34,3,980.31,3,3,3,333
13509.0,9,7,979.72,4,4,3,443
15506.0,23,3,979.26,3,3,3,333
13350.0,17,2,979.12,4,2,3,423
15132.0,19,5,977.93,3,4,3,343
14920.0,213,2,977.77,1,2,3,123
15860.0,41,8,977.21,3,4,3,343
13026.0,2,5,975.36,4,4,3,443
14522.0,25,4,974.54,3,3,3,333
15449.0,27,3,974.52,3,3,3,333
12994.0,5,3,974.42,4,3,3,433
15747.0,13,3,974.04,4,3,3,433
18194.0,83,1,973.84,2,1,3,213
16419.0,113,6,972.23,2,4,3,243
13155.0,34,4,971.76,3,3,3,333
17100.0,19,2,971.74,3,2,3,323
17618.0,6,3,971.58,4,3,3,433
14256.0,261,2,969.06,1,2,3,123
15907.0,4,3,967.45,4,3,3,433
15793.0,15,3,965.61,4,3,3,433
12550.0,80,1,964.83,2,1,3,213
13138.0,23,6,962.39,3,4,3,343
14006.0,116,3,962.19,2,3,3,233
15156.0,2,3,961.49,4,3,3,433
14629.0,5,2,959.01,4,2,3,423
18192.0,72,1,957.97,2,1,3,213
13823.0,19,2,957.66,3,2,3,323
12697.0,29,3,957.59,3,3,3,333
15948.0,9,2,955.24,4,2,3,423
17244.0,54,1,954.9,2,1,3,213
17097.0,3,8,954.42,4,4,3,443
15835.0,45,4,954.09,3,3,3,333
16934.0,55,2,950.93,2,2,3,223
15421.0,59,4,950.36,2,3,3,233
16511.0,22,3,950.26,3,3,3,333
13636.0,37,5,949.12,3,4,3,343
12822.0,71,2,948.88,2,2,3,223
17044.0,26,1,948.48,3,1,3,313
13748.0,96,5,948.25,2,4,3,243
15787.0,27,3,948.05,3,3,3,333
12458.0,72,2,947.4,2,2,3,223
15707.0,36,4,945.58,3,3,3,333
17289.0,32,3,944.41,3,3,3,333
13261.0,269,2,944.1,1,2,3,123
12820.0,4,4,942.34,4,3,3,433
14075.0,5,3,942.26,4,3,3,433
15576.0,38,1,940.67,3,1,3,313
15289.0,30,3,939.78,3,3,3,333
17527.0,54,4,939.37,2,3,3,233
17227.0,19,6,939.32,3,4,3,343
16584.0,81,2,936.08,2,2,3,223
14140.0,4,2,935.05,4,2,3,423
16027.0,92,6,934.62,2,4,3,243
14081.0,303,2,934.52,1,2,3,123
12924.0,89,4,933.7,2,3,3,233
16657.0,10,4,933.62,4,3,3,433
13655.0,115,2,932.97,2,2,3,223
14532.0,237,4,932.85,1,3,3,133
18133.0,213,1,931.5,1,1,3,113
17552.0,61,4,930.41,2,3,3,233
14475.0,72,3,925.85,2,3,3,233
14231.0,184,3,925.71,1,3,3,133
17048.0,118,3,925.35,2,3,3,233
15312.0,76,4,924.85,2,3,3,233
13805.0,53,2,924.6,2,2,3,223
15654.0,10,2,922.53,4,2,3,423
13122.0,95,2,922.39,2,2,3,223
16551.0,96,3,922.12,2,3,3,233
13934.0,264,1,922.1,1,1,3,113
13035.0,74,2,921.88,2,2,3,223
17323.0,16,7,921.07,4,4,3,443
13984.0,27,5,920.51,3,4,3,343
17018.0,41,2,920.1,3,2,3,323
12652.0,332,1,919.98,1,1,3,113
13075.0,130,1,919.61,2,1,3,213
13549.0,26,7,918.2,3,4,3,343
15253.0,17,5,918.2,4,4,3,443
14015.0,53,1,917.34,2,1,3,213
14712.0,30,3,917.07,3,3,3,333
17236.0,13,6,916.13,4,4,3,443
14141.0,3,4,915.13,4,3,3,433
16216.0,268,1,914.93,1,1,3,113
16809.0,24,5,914.69,3,4,3,343
15587.0,51,4,913.68,3,3,3,333
12940.0,55,2,913.54,2,2,3,223
15364.0,96,2,913.19,2,2,3,223
14359.0,20,3,912.18,3,3,3,333
13782.0,13,6,912.0,4,4,3,443
13192.0,96,2,911.94,2,2,3,223
14289.0,9,6,911.26,4,4,3,443
18096.0,12,3,911.15,4,3,3,433
13689.0,64,1,910.0,2,1,3,213
15511.0,12,5,909.23,4,4,3,443
13038.0,81,3,908.46,2,3,3,233
14449.0,19,4,907.1,3,3,3,333
15480.0,117,1,905.5,2,1,3,213
15022.0,12,4,905.04,4,3,3,433
15807.0,51,3,903.9,3,3,3,333
17566.0,9,2,901.21,4,2,3,423
16716.0,267,2,901.2,1,2,3,123
17848.0,82,9,901.2,2,4,3,243
14625.0,197,2,899.63,1,2,3,123
17886.0,32,3,899.61,3,3,3,333
13662.0,86,3,897.76,2,3,3,233
17537.0,30,2,897.62,3,2,3,323
16361.0,10,4,896.66,4,3,3,433
15079.0,213,4,895.61,1,3,3,133
15865.0,41,3,895.13,3,3,3,333
15211.0,61,2,894.41,2,2,3,223
15066.0,54,1,893.59,2,1,3,213
12772.0,60,1,892.47,2,1,3,213
13515.0,73,4,891.12,2,3,3,233
15255.0,67,1,890.85,2,1,3,213
14240.0,31,2,890.34,3,2,3,323
17027.0,79,6,890.29,2,4,3,243
14344.0,128,8,889.9300000000001,2,4,3,243
17007.0,51,6,889.93,3,4,3,343
14623.0,33,5,889.25,3,4,3,343
17829.0,299,1,889.24,1,1,3,113
16347.0,12,2,887.65,4,2,3,423
16900.0,17,3,887.11,4,3,3,433
15822.0,4,2,885.47,4,2,3,423
17704.0,169,2,885.1899999999999,1,2,3,123
17109.0,30,6,885.04,3,4,3,343
15799.0,76,3,884.14,2,3,3,233
14597.0,12,2,883.15,4,2,3,423
18236.0,30,6,882.24,3,4,3,343
13037.0,139,3,881.0699999999999,2,3,3,233
15076.0,173,1,880.85,1,1,3,113
15653.0,93,2,877.44,2,2,3,223
14770.0,233,2,876.42,1,2,3,123
15100.0,334,3,876.0,1,3,3,133
13566.0,41,2,874.71,3,2,3,323
16513.0,5,4,874.59,4,3,3,433
13294.0,190,2,873.74,1,2,3,123
12847.0,23,1,871.54,3,1,3,313
15208.0,2,5,870.12,4,4,3,443
13200.0,20,4,870.09,3,3,3,333
13979.0,74,1,869.87,2,1,3,213
12694.0,71,2,869.67,2,2,3,223
13203.0,10,4,869.46,4,3,3,433
17649.0,139,1,868.49,2,1,3,213
14912.0,17,2,867.85,4,2,3,423
14715.0,25,4,867.38,3,3,3,333
16235.0,41,5,867.31,3,4,3,343
16121.0,58,2,867.11,2,2,3,223
14332.0,23,3,866.3100000000001,3,3,3,333
16567.0,195,2,865.6,1,2,3,123
13846.0,25,3,865.06,3,3,3,333
16221.0,37,3,864.86,3,3,3,333
12680.0,1,4,862.81,4,3,3,433
16266.0,74,7,861.89,2,4,3,243
12794.0,54,2,860.41,2,2,3,223
13339.0,201,1,860.12,1,1,3,113
14577.0,13,4,859.71,4,3,3,433
17064.0,59,3,859.35,2,3,3,233
14553.0,20,5,859.27,3,4,3,343
16163.0,233,2,856.6,1,2,3,123
13991.0,13,6,855.97,4,4,3,443
12693.0,128,4,855.91,2,3,3,233
16037.0,270,3,855.02,1,3,3,133
12878.0,237,2,854.99,1,2,3,123
17560.0,95,4,854.95,2,3,3,233
16877.0,13,6,853.72,4,4,3,443
14193.0,68,2,853.39,2,2,3,223
12379.0,82,2,852.24,2,2,3,223
16070.0,23,2,852.15,3,2,3,323
16020.0,17,3,851.01,4,3,3,433
12713.0,1,1,848.55,4,1,3,413
14657.0,18,4,848.22,4,3,3,433
13221.0,241,2,847.41,1,2,3,123
16924.0,22,3,846.75,3,3,3,333
16222.0,319,1,846.72,1,1,3,113
15965.0,18,4,845.64,4,3,3,433
14803.0,163,3,845.5500000000001,1,3,3,133
17624.0,15,2,843.48,4,2,3,423
15164.0,69,3,843.05,2,3,3,233
17929.0,12,4,843.0,4,3,3,433
13929.0,170,2,842.65,1,2,3,123
16108.0,85,1,842.5,2,1,3,213
16560.0,27,2,841.41,3,2,3,323
14862.0,26,2,841.2,3,2,3,323
17076.0,37,3,841.08,3,3,3,333
13940.0,18,4,839.14,4,3,3,433
17115.0,9,3,837.5,4,3,3,433
16554.0,43,3,837.1,3,3,3,333
15832.0,255,1,836.79,1,1,3,113
12728.0,72,4,836.33,2,3,3,233
16747.0,38,2,836.06,3,2,3,323
17169.0,58,2,835.78,2,2,3,223
17759.0,18,3,834.99,4,3,3,433
13835.0,26,4,834.57,3,3,3,333
17075.0,18,4,834.12,4,3,3,433
16644.0,178,2,833.78,1,2,3,123
15862.0,9,4,832.88,4,3,3,433
14644.0,68,2,830.76,2,2,3,223
13681.0,18,4,827.83,4,3,3,433
12461.0,95,2,826.88,2,2,3,223
12781.0,64,2,826.74,2,2,3,223
16494.0,297,1,826.53,1,1,3,113
17921.0,65,4,826.52,2,3,3,233
15525.0,3,3,825.92,4,3,3,433
12427.0,22,3,825.8000000000001,3,3,3,333
16869.0,23,4,825.42,3,3,3,333
16284.0,32,2,823.97,3,2,3,323
16164.0,18,3,822.48,4,3,3,433
12778.0,20,6,822.23,3,4,3,343
13893.0,298,1,821.1,1,1,3,113
13220.0,79,4,819.2900000000001,2,3,3,233
17764.0,51,2,818.82,3,2,3,323
16092.0,115,3,817.86,2,3,3,233
16943.0,212,3,816.73,1,3,3,133
15649.0,337,2,816.0,1,2,3,123
15399.0,2,3,815.77,4,3,3,433
14499.0,27,3,815.32,3,3,3,333
13280.0,123,3,814.86,2,3,3,233
16460.0,29,3,814.72,3,3,3,333
13811.0,184,3,814.5,1,3,3,133
18064.0,134,2,814.0,2,2,3,223
16600.0,5,6,813.52,4,4,3,443
16621.0,52,4,813.48,2,3,3,233
14421.0,58,2,813.11,2,2,3,223
15644.0,167,4,813.0,1,3,3,133
17980.0,166,3,811.45,1,3,3,133
16276.0,177,1,810.5999999999999,1,1,3,113
16624.0,81,2,810.57,2,2,3,223
13637.0,53,3,810.5,2,3,3,233
16891.0,2,5,809.7,4,4,3,443
17114.0,6,8,808.62,4,4,3,443
15533.0,20,3,807.57,3,3,3,333
12421.0,16,4,807.04,4,3,3,433
15952.0,34,4,806.57,3,3,3,333
13707.0,268,2,806.41,1,2,3,123
12434.0,85,2,806.14,2,2,3,223
16367.0,38,2,804.49,3,2,3,323
18248.0,123,2,804.02,2,2,3,223
12422.0,96,3,803.56,2,3,3,233
15831.0,59,3,801.76,2,3,3,233
18265.0,73,2,801.51,2,2,3,223
16806.0,104,4,801.49,2,3,3,233
15561.0,12,4,800.59,4,3,3,433
17905.0,72,4,800.24,2,3,3,233
13720.0,117,4,799.9,2,3,3,233
13030.0,12,2,799.48,4,2,3,423
17703.0,36,3,798.74,3,3,3,333
16438.0,6,5,798.35,4,4,3,443
13389.0,12,3,797.96,4,3,3,433
12701.0,80,2,797.71,2,2,3,223
17180.0,57,4,796.03,2,3,3,233
13336.0,78,1,795.12,2,1,3,213
15990.0,45,2,792.11,3,2,3,323
13167.0,19,4,791.33,3,3,3,333
14976.0,58,7,790.86,2,4,3,243
13016.0,74,3,789.89,2,3,3,233
16759.0,8,3,789.79,4,3,3,433
13329.0,32,2,789.0,3,2,3,323
14557.0,86,1,788.38,2,1,3,213
13212.0,20,3,788.08,3,3,3,333
13323.0,4,5,787.85,4,4,3,443
13884.0,8,5,787.6,4,4,3,443
16546.0,291,2,787.15,1,2,3,123
13109.0,60,2,786.54,2,2,3,223
12628.0,5,3,786.46,4,3,3,433
15806.0,47,3,784.58,3,3,3,333
15743.0,17,4,784.46,4,3,3,433
18136.0,64,3,784.3299999999999,2,3,3,233
17387.0,20,2,784.11,3,2,3,323
16054.0,146,1,783.9,1,1,3,113
17006.0,5,4,781.78,4,3,3,433
17341.0,157,3,781.36,1,3,3,133
15679.0,25,4,781.28,3,3,3,333
13583.0,156,1,781.03,1,1,3,113
16725.0,303,7,781.02,1,4,3,143
15239.0,11,2,780.59,4,2,3,423
17797.0,23,3,780.43,3,3,3,333
18228.0,57,2,779.9,2,2,3,223
12735.0,316,2,779.5699999999999,1,2,3,123
17411.0,13,3,778.9399999999999,4,3,3,433
13375.0,89,1,778.65,2,1,3,213
14815.0,37,2,778.5,3,2,3,323
17414.0,44,2,778.0,3,2,3,323
16505.0,32,1,777.5999999999999,3,1,3,313
13563.0,85,2,777.53,2,2,3,223
12425.0,79,1,777.2,2,1,3,213
15353.0,255,2,777.02,1,2,3,123
15618.0,33,4,776.85,3,3,3,333
13314.0,2,3,775.9399999999999,4,3,3,433
13341.0,261,1,775.85,1,1,3,113
14234.0,23,4,775.46,3,3,3,333
16825.0,39,2,775.18,3,2,3,323
15414.0,10,3,774.9,4,3,3,433
16043.0,38,4,773.99,3,3,3,333
15075.0,78,1,773.03,2,1,3,213
12965.0,90,1,771.91,2,1,3,213
17409.0,185,2,771.85,1,2,3,123
14662.0,29,4,771.17,3,3,3,333
16770.0,58,5,770.1,2,4,3,243
14412.0,43,2,770.03,3,2,3,323
16480.0,76,1,769.29,2,1,3,213
13356.0,81,1,768.24,2,1,3,213
17516.0,16,5,768.08,4,4,3,443
14550.0,11,2,765.62,4,2,3,423
14672.0,235,2,765.55,1,2,3,123
17695.0,132,2,765.34,2,2,3,223
14885.0,132,1,765.3199999999999,2,1,3,213
17268.0,108,4,763.64,2,3,3,233
17466.0,11,2,763.28,4,2,3,423
16470.0,52,4,762.39,2,3,3,233
15599.0,27,2,761.74,3,2,3,323
14883.0,19,6,761.59,3,4,3,343
16205.0,31,4,761.38,3,3,3,333
17425.0,20,2,759.1700000000001,3,2,3,323
16036.0,88,2,758.9200000000001,2,2,3,223
15568.0,3,3,758.29,4,3,3,433
12413.0,67,3,758.1,2,3,3,233
17979.0,36,4,757.71,3,3,3,333
17461.0,23,3,757.46,3,3,3,333
15223.0,226,2,755.75,1,2,3,123
13370.0,372,1,754.87,1,1,3,113
18104.0,38,1,754.64,3,1,3,313
13730.0,136,2,752.6,2,2,3,223
16256.0,267,1,752.4300000000001,1,1,3,113
12908.0,177,2,750.0,1,2,3,123
17146.0,106,3,749.78,2,3,3,233
14923.0,51,1,749.1,3,1,3,313
15074.0,106,1,748.87,2,1,3,213
15656.0,46,4,748.5,3,3,3,333
16859.0,145,2,747.81,1,2,3,123
13623.0,31,5,747.78,3,4,3,343
14201.0,61,7,747.4399999999999,2,4,3,243
16261.0,18,4,746.83,4,3,3,433
14050.0,32,2,746.36,3,2,3,323
17034.0,17,3,745.52,4,3,3,433
14790.0,17,4,745.06,4,3,3,433
13950.0,12,4,745.06,4,3,3,433
13236.0,25,2,744.85,3,2,3,323
13354.0,72,1,743.53,2,1,3,213
16730.0,53,3,743.11,2,3,3,233
12374.0,26,1,742.93,3,1,3,313
12465.0,18,2,742.1899999999999,4,2,3,423
13753.0,288,1,741.26,1,1,3,113
13900.0,184,3,740.95,1,3,3,133
17692.0,128,4,740.9399999999999,2,3,3,233
17974.0,25,3,740.79,3,3,3,333
15252.0,37,2,740.78,3,2,3,323
12603.0,22,1,739.2,3,1,3,313
14756.0,16,1,738.96,4,1,3,413
12976.0,212,1,738.6,1,1,3,113
15045.0,152,2,735.66,1,2,3,123
18156.0,13,2,734.94,4,2,3,423
15215.0,47,3,734.9399999999999,3,3,3,333
16362.0,33,5,734.77,3,4,3,343
16146.0,158,3,734.13,1,3,3,133
17812.0,13,4,732.16,4,3,3,433
13575.0,24,5,732.07,3,4,3,343
13736.0,6,2,731.9,4,2,3,423
16099.0,51,3,731.9,3,3,3,333
16491.0,47,1,731.5,3,1,3,313
14778.0,128,2,730.86,2,2,3,223
18035.0,36,3,730.4,3,3,3,333
12468.0,188,2,729.54,1,2,3,123
13077.0,2,4,729.27,4,3,3,433
17666.0,4,2,728.1600000000001,4,2,3,423
17888.0,22,8,726.05,3,4,3,343
14869.0,9,2,725.7,4,2,3,423
14055.0,107,1,725.64,2,1,3,213
16140.0,66,2,725.18,2,2,3,223
15584.0,24,4,725.11,3,3,3,333
12723.0,4,5,725.07,4,4,3,443
15636.0,90,2,724.76,2,2,3,223
12475.0,54,1,723.38,2,1,3,213
17521.0,30,3,723.21,3,3,3,333
15272.0,58,2,721.94,2,2,3,223
18062.0,174,3,720.52,1,3,3,133
16023.0,47,3,719.81,3,3,3,333
14179.0,41,2,719.78,3,2,3,323
14725.0,25,1,718.08,3,1,3,313
17884.0,4,4,717.45,4,3,3,433
15274.0,5,2,716.5699999999999,4,2,3,423
12535.0,92,2,716.35,2,2,3,223
15400.0,93,5,716.2,2,4,3,243
17029.0,111,2,716.0,2,2,3,223
15330.0,33,2,714.9599999999999,3,2,3,323
15757.0,66,2,714.42,2,2,3,223
12616.0,96,2,713.3,2,2,3,223
13169.0,64,2,712.88,2,2,3,223
13147.0,11,4,712.8,4,3,3,433
17761.0,33,1,712.78,3,1,3,313
13416.0,44,2,712.5,3,2,3,323
13587.0,64,1,712.4,2,1,3,213
17642.0,120,2,712.29,2,2,3,223
15855.0,137,5,712.24,2,4,3,243
13705.0,8,3,711.86,4,3,3,433
17179.0,179,3,711.79,1,3,3,133
13249.0,93,3,711.41,2,3,3,233
17472.0,192,3,710.29,1,3,3,133
14867.0,186,3,710.28,1,3,3,133
14127.0,123,3,709.71,2,3,3,233
16136.0,60,3,709.38,2,3,3,233
15951.0,9,2,708.22,4,2,3,423
16449.0,198,2,707.69,1,2,3,123
12453.0,135,1,707.09,2,1,3,213
16364.0,12,2,707.04,4,2,3,423
16309.0,107,2,706.5699999999999,2,2,3,223
14880.0,78,3,706.19,2,3,3,233
14126.0,8,3,706.13,4,3,3,433
15038.0,59,6,705.49,2,4,3,243
16015.0,4,3,705.39,4,3,3,433
16882.0,67,3,705.12,2,3,3,233
17934.0,52,2,704.25,2,2,3,223
12612.0,75,1,704.04,2,1,3,213
12883.0,25,4,703.47,3,3,3,333
18082.0,26,1,703.37,3,1,3,313
15103.0,32,2,703.36,3,2,3,323
15574.0,178,4,702.25,1,3,3,133
16997.0,289,3,702.0,1,3,3,133
14198.0,19,4,701.4,3,3,3,333
14356.0,80,2,701.23,2,2,3,223
17321.0,9,2,700.86,4,2,3,423
13238.0,18,4,700.73,4,3,3,433
17734.0,54,3,700.63,2,3,3,233
15800.0,108,2,699.08,2,2,3,223
13258.0,12,3,698.5799999999999,4,3,3,433
17423.0,47,2,698.41,3,2,3,323
17796.0,41,4,697.9,3,3,3,333
15053.0,5,3,697.79,4,3,3,433
14829.0,30,4,697.55,3,3,3,333
13596.0,6,2,697.04,4,2,3,423
15700.0,173,2,696.68,1,2,3,123
17397.0,23,2,696.41,3,2,3,323
14009.0,199,2,695.61,1,2,3,123
14959.0,65,4,695.42,2,3,3,233
15304.0,61,8,694.4,2,4,3,243
12925.0,5,2,694.05,4,2,3,423
14643.0,171,2,693.81,1,2,3,123
12410.0,309,2,693.33,1,2,3,123
13601.0,46,2,693.32,3,2,3,323
14111.0,15,4,692.85,4,3,3,433
17198.0,24,3,692.22,3,3,3,333
17733.0,39,2,692.19,3,2,3,323
13838.0,6,4,691.73,4,3,3,433
16212.0,20,2,690.34,3,2,3,323
18085.0,331,2,689.95,1,2,3,123
13023.0,65,2,689.9,2,2,3,223
15181.0,67,3,689.48,2,3,3,233
18196.0,96,2,689.13,2,2,3,223
17502.0,10,4,689.1,4,3,3,433
13799.0,117,2,688.86,2,2,3,223
16642.0,5,2,688.33,4,2,3,423
12658.0,19,1,686.05,3,1,3,313
16122.0,74,4,684.42,2,3,3,233
16495.0,4,3,684.41,4,3,3,433
15669.0,41,4,684.34,3,3,3,333
12942.0,132,3,683.9,2,3,3,233
17874.0,186,6,683.46,1,4,3,143
14222.0,178,1,683.17,1,1,3,113
12838.0,34,2,683.13,3,2,3,323
15582.0,25,3,682.91,3,3,3,333
13548.0,97,2,682.41,2,2,3,223
18135.0,30,5,681.91,3,4,3,343
12478.0,4,1,680.99,4,1,3,413
13524.0,41,5,680.18,3,4,3,343
16872.0,78,3,680.02,2,3,3,233
15322.0,86,1,679.68,2,1,3,213
13430.0,19,2,679.45,3,2,3,323
14788.0,8,2,679.44,4,2,3,423
17994.0,122,4,678.49,2,3,3,233
13925.0,93,4,678.25,2,3,3,233
13607.0,41,1,678.01,3,1,3,313
13388.0,132,2,677.1,2,2,3,223
13040.0,9,2,676.99,4,2,3,423
16377.0,268,1,676.2,1,1,3,113
15626.0,75,2,675.8,2,2,3,223
17462.0,61,2,675.69,2,2,3,223
13325.0,82,1,675.3,2,1,3,213
16418.0,45,3,675.27,3,3,3,333
13355.0,123,1,674.7,2,1,3,213
13464.0,59,1,674.68,2,1,3,213
17749.0,179,2,674.52,1,2,2,122
13951.0,177,3,674.45,1,3,2,132
14504.0,48,4,673.26,3,3,2,332
18121.0,150,2,673.1,1,2,2,122
14628.0,92,2,671.96,2,2,2,222
17883.0,4,4,671.77,4,3,2,432
12638.0,34,1,671.69,3,1,2,312
17299.0,12,4,669.11,4,3,2,432
12418.0,113,1,668.58,2,1,2,212
14342.0,22,4,668.56,3,3,2,332
13741.0,72,3,668.43,2,3,2,232
16383.0,75,2,668.36,2,2,2,222
15031.0,5,4,668.14,4,3,2,432
18022.0,36,1,668.11,3,1,2,312
16268.0,72,2,667.65,2,2,2,222
15969.0,3,3,666.1,4,3,2,432
17777.0,25,3,665.86,3,3,2,332
17105.0,160,2,665.78,1,2,2,122
16056.0,46,1,664.85,3,1,2,312
13963.0,309,4,664.54,1,3,2,132
16208.0,45,2,664.26,3,2,2,322
15643.0,192,3,664.0,1,3,2,132
14720.0,6,3,663.81,4,3,2,432
13240.0,97,4,663.65,2,3,2,232
16573.0,85,2,663.61,2,2,2,222
14451.0,61,2,662.59,2,2,2,222
16014.0,38,3,662.38,3,3,2,332
18218.0,212,2,662.08,1,2,2,122
16774.0,68,4,661.52,2,3,2,232
13028.0,23,2,661.3199999999999,3,2,2,322
14603.0,275,1,660.0,1,1,2,112
15492.0,29,2,659.46,3,2,2,322
13518.0,86,1,659.44,2,1,2,212
13759.0,34,2,659.41,3,2,2,322
16357.0,34,3,658.88,3,3,2,332
14150.0,36,2,658.64,3,2,2,322
17779.0,22,3,658.57,3,3,2,332
16696.0,136,4,657.9,2,3,2,232
12577.0,36,3,657.8,3,3,2,332
14818.0,74,3,657.8,2,3,2,232
15648.0,205,2,657.35,1,2,2,122
17459.0,44,2,657.3,3,2,2,322
15677.0,50,1,657.23,3,1,2,312
16157.0,16,3,656.6899999999999,4,3,2,432
13049.0,65,2,656.6800000000001,2,2,2,222
16708.0,46,1,656.63,3,1,2,312
16127.0,40,1,656.25,3,1,2,312
14894.0,86,1,655.75,2,1,2,212
16444.0,47,4,654.67,3,3,2,332
14651.0,68,2,654.6,2,2,2,222
17398.0,115,3,653.38,2,3,2,232
18151.0,135,2,653.35,2,2,2,222
13496.0,11,2,653.33,4,2,2,422
15205.0,86,2,653.24,2,2,2,222
14044.0,27,4,652.82,3,3,2,332
14548.0,151,2,652.8,1,2,2,122
17523.0,12,4,652.74,4,3,2,432
14034.0,23,3,651.82,3,3,2,332
16734.0,53,3,650.51,2,3,2,232
15571.0,12,4,650.4300000000001,4,3,2,432
16469.0,24,4,650.43,3,3,2,332
16969.0,40,3,650.41,3,3,2,332
17373.0,41,4,646.92,3,3,2,332
12589.0,29,2,646.68,3,2,2,322
15651.0,37,3,646.3000000000001,3,3,2,332
17545.0,44,3,645.96,3,3,2,332
14855.0,120,2,645.65,2,2,2,222
12719.0,6,2,644.95,4,2,2,422
17312.0,139,3,644.3,2,3,2,232
16431.0,214,3,642.81,1,3,2,132
14020.0,17,2,642.8,4,2,2,422
13034.0,55,2,642.77,2,2,2,222
15384.0,170,2,642.41,1,2,2,122
17046.0,158,1,642.02,1,1,2,112
15297.0,11,3,641.94,4,3,2,432
12365.0,292,2,641.38,1,2,2,122
12624.0,107,2,641.13,2,2,2,222
13417.0,5,2,640.83,4,2,2,422
13318.0,2,3,640.76,4,3,2,432
12631.0,58,1,640.5,2,1,2,212
14301.0,118,1,640.14,2,1,2,212
15919.0,20,2,639.89,3,2,2,322
17515.0,32,4,639.02,3,3,2,332
18160.0,58,2,638.06,2,2,2,222
14754.0,45,2,638.05,3,2,2,322
14664.0,20,2,637.89,3,2,2,322
14128.0,61,2,637.5,2,2,2,222
14481.0,165,2,636.51,1,2,2,122
15829.0,100,2,636.14,2,2,2,222
15773.0,6,1,635.6800000000001,4,1,2,412
14000.0,212,1,635.66,1,1,2,112
16139.0,19,3,635.41,3,3,2,332
17985.0,23,1,634.95,3,1,2,312
13892.0,27,4,632.97,3,3,2,332
14220.0,248,2,632.4,1,2,2,122
16306.0,214,6,632.27,1,4,2,142
18183.0,228,2,632.07,1,2,2,122
13822.0,6,2,632.0,4,2,2,422
14021.0,156,3,631.9,1,3,2,132
15244.0,66,2,631.5699999999999,2,2,2,222
13539.0,86,3,631.34,2,3,2,232
17990.0,237,3,630.84,1,3,2,132
13046.0,31,2,629.31,3,2,2,322
13525.0,15,2,628.78,4,2,2,422
14687.0,107,1,628.38,2,1,2,212
16022.0,261,1,628.28,1,1,2,112
15028.0,9,4,627.13,4,3,2,432
13546.0,13,3,626.99,4,3,2,432
15402.0,149,2,626.77,1,2,2,122
14036.0,285,1,626.65,1,1,2,112
13914.0,12,2,626.45,4,2,2,422
14382.0,27,1,626.0699999999999,3,1,2,312
16750.0,45,5,623.9300000000001,3,4,2,342
16718.0,370,1,623.75,1,1,2,112
12649.0,108,3,623.51,2,3,2,232
15147.0,241,1,623.5,1,1,2,112
13368.0,257,2,623.4,1,2,2,122
15258.0,169,2,623.16,1,2,2,122
17499.0,290,1,622.88,1,1,2,112
15182.0,155,2,622.85,1,2,2,122
17460.0,95,6,622.43,2,4,2,242
15768.0,116,3,621.83,2,3,2,232
18217.0,30,2,621.75,3,2,2,322
16915.0,10,6,621.68,4,4,2,442
17640.0,87,1,621.66,2,1,2,212
14152.0,76,2,621.29,2,2,2,222
13402.0,128,2,621.23,2,2,2,222
16141.0,89,1,620.4,2,1,2,212
12667.0,59,1,620.13,2,1,2,212
14529.0,61,3,620.04,2,3,2,232
13493.0,276,2,618.63,1,2,2,122
16613.0,71,1,618.59,2,1,2,212
13145.0,40,4,618.52,3,3,2,332
12596.0,52,2,618.27,2,2,2,222
16134.0,22,2,618.09,3,2,2,322
13301.0,104,4,618.09,2,3,2,232
14593.0,22,3,617.99,3,3,2,332
14377.0,192,2,617.05,1,2,2,122
16442.0,2,3,616.79,4,3,2,432
16311.0,18,2,616.26,4,2,2,422
14905.0,158,2,616.15,1,2,2,122
16005.0,13,4,615.39,4,3,2,432
15275.0,38,1,615.14,3,1,2,312
16566.0,16,5,614.66,4,4,2,442
16116.0,212,1,612.78,1,1,2,112
12513.0,113,1,612.29,2,1,2,212
18149.0,51,3,612.08,3,3,2,332
15232.0,114,2,612.06,2,2,2,222
15645.0,19,1,612.01,3,1,2,312
16109.0,219,2,611.88,1,2,2,122
16763.0,199,1,611.85,1,1,2,112
13731.0,220,2,610.59,1,2,2,122
12673.0,6,2,610.52,4,2,2,422
15795.0,150,1,610.01,1,1,2,112
13357.0,258,1,609.95,1,1,2,112
14636.0,37,2,609.85,3,2,2,322
13933.0,110,2,608.79,2,2,2,222
12933.0,25,3,607.53,3,3,2,332
15573.0,32,2,607.45,3,2,2,322
17119.0,4,2,606.91,4,2,2,422
14710.0,15,4,606.13,4,3,2,432
17849.0,219,4,605.8000000000001,1,3,2,132
14133.0,130,3,605.64,2,3,2,232
13888.0,120,2,605.63,2,2,2,222
17507.0,262,2,605.58,1,2,2,122
13233.0,75,2,605.12,2,2,2,222
14323.0,115,2,605.06,2,2,2,222
13558.0,6,4,605.06,4,3,2,432
14675.0,17,1,604.75,4,1,2,412
17664.0,19,2,604.64,3,2,2,322
12944.0,36,2,604.51,3,2,2,322
16732.0,32,1,603.75,3,1,2,312
12556.0,51,2,603.71,3,2,2,322
12707.0,292,1,603.42,1,1,2,112
17259.0,149,2,603.37,1,2,2,122
15366.0,76,2,602.51,2,2,2,222
17890.0,323,2,602.09,1,2,2,122
12654.0,11,5,601.98,4,4,2,442
14609.0,73,4,601.56,2,3,2,232
16654.0,142,4,601.27,2,3,2,232
12420.0,64,1,600.39,2,1,2,212
18211.0,26,5,600.07,3,4,2,342
13243.0,204,1,600.07,1,1,2,112
12872.0,327,2,599.97,1,2,2,122
12521.0,143,1,599.68,1,1,2,112
14965.0,97,2,599.0,2,2,2,222
17420.0,51,3,598.83,3,3,2,332
14467.0,18,4,598.76,4,3,2,432
15720.0,25,1,598.73,3,1,2,312
13311.0,5,2,598.5699999999999,4,2,2,422
16298.0,23,3,598.2,3,3,2,332
13959.0,80,3,598.2,2,3,2,232
14108.0,31,2,597.91,3,2,2,322
17864.0,13,3,597.5,4,3,2,432
16788.0,124,2,597.48,2,2,2,222
14645.0,157,2,597.09,1,2,2,122
15381.0,214,2,596.85,1,2,2,122
18246.0,24,2,596.1,3,2,2,322
17658.0,26,2,595.42,3,2,2,322
14284.0,31,2,595.25,3,2,2,322
16325.0,47,3,594.24,3,3,2,332
15442.0,249,1,594.0,1,1,2,112
12917.0,129,1,594.0,2,1,2,212
16535.0,6,1,593.75,4,1,2,412
18232.0,82,4,592.97,2,3,2,232
16203.0,59,4,592.9,2,3,2,232
14692.0,138,4,591.55,2,3,2,232
13276.0,64,2,590.93,2,2,2,222
13270.0,367,1,590.0,1,1,2,112
13452.0,260,2,590.0,1,2,2,122
14882.0,27,2,589.7,3,2,2,322
18123.0,25,2,589.4399999999999,3,2,2,322
16723.0,92,2,589.15,2,2,2,222
16838.0,198,2,588.85,1,2,2,122
14338.0,162,2,588.22,1,2,2,122
15624.0,117,4,588.13,2,3,2,232
17351.0,37,3,587.15,3,3,2,332
17014.0,9,3,586.33,4,3,2,432
17360.0,18,3,585.79,4,3,2,432
12384.0,29,2,585.27,3,2,2,322
15222.0,319,1,585.0,1,1,2,112
16384.0,90,2,584.5,2,2,2,222
16072.0,289,1,584.3199999999999,1,1,2,112
14023.0,8,2,584.0699999999999,4,2,2,422
13557.0,29,2,584.06,3,2,2,322
15762.0,66,2,583.75,2,2,2,222
12426.0,195,1,582.73,1,1,2,112
13427.0,20,3,582.6,3,3,2,332
17970.0,212,1,582.59,1,1,2,112
12695.0,8,4,582.1,4,3,2,432
18095.0,313,2,580.05,1,2,2,122
16906.0,82,4,579.77,2,3,2,232
17142.0,240,1,579.0,1,1,2,112
13292.0,39,2,578.94,3,2,2,322
17540.0,25,2,578.9,3,2,2,322
12601.0,190,5,577.06,1,4,2,142
14176.0,298,4,576.9,1,3,2,132
16916.0,24,2,576.26,3,2,2,322
15830.0,38,1,576.0,3,1,2,312
15550.0,5,4,575.63,4,3,2,432
16345.0,45,1,575.41,3,1,2,312
13487.0,58,3,575.4,2,3,2,232
14167.0,40,4,574.84,3,3,2,332
14400.0,150,1,574.7,1,1,2,112
12784.0,10,2,574.42,4,2,2,422
15339.0,67,2,574.07,2,2,2,222
15303.0,291,1,574.02,1,1,2,112
12879.0,45,3,573.22,3,3,2,332
15415.0,314,1,572.81,1,1,2,112
13379.0,27,3,572.56,3,3,2,332
13405.0,75,3,572.45,2,3,2,232
12816.0,96,2,572.2,2,2,2,222
13816.0,24,2,571.67,3,2,2,322
17616.0,174,3,571.1999999999999,1,3,2,132
15821.0,45,2,570.96,3,2,2,322
15315.0,65,2,570.5,2,2,2,222
14592.0,36,3,570.46,3,3,2,332
16667.0,69,2,570.13,2,2,2,222
13939.0,24,3,568.55,3,3,2,332
13321.0,73,2,567.36,2,2,2,222
17897.0,173,3,566.6,1,3,2,132
18150.0,33,3,566.5799999999999,3,3,2,332
16278.0,101,1,566.38,2,1,2,212
13894.0,24,3,564.62,3,3,2,332
15344.0,1,3,563.94,4,3,2,432
16933.0,2,2,563.23,4,2,2,422
14753.0,88,1,563.15,2,1,2,212
17265.0,139,2,562.9,2,2,2,222
12414.0,218,3,562.41,1,3,2,132
12559.0,311,2,561.71,1,2,2,122
13946.0,80,3,561.57,2,3,2,232
15655.0,244,1,560.67,1,1,2,112
13044.0,292,1,560.47,1,1,2,112
14273.0,52,4,559.97,2,3,2,232
16275.0,197,1,559.87,1,1,2,112
18043.0,25,3,559.51,3,3,2,332
14177.0,87,4,559.41,2,3,2,232
12866.0,284,1,559.12,1,1,2,112
17503.0,3,2,558.96,4,2,2,422
12987.0,74,2,558.7,2,2,2,222
13800.0,310,1,558.3199999999999,1,1,2,112
13260.0,62,1,557.62,2,1,2,212
17955.0,199,4,557.3,1,3,2,132
17295.0,29,3,556.95,3,3,2,332
16385.0,61,3,555.89,2,3,2,232
14805.0,16,4,554.65,4,3,2,432
14891.0,149,2,554.38,1,2,2,122
14618.0,10,3,553.44,4,3,2,432
15068.0,47,2,553.36,3,2,2,322
12363.0,110,2,552.0,2,2,2,222
17674.0,75,2,551.04,2,2,2,222
17291.0,309,1,550.8,1,1,2,112
17235.0,26,2,550.06,3,2,2,322
12390.0,80,1,549.84,2,1,2,212
16340.0,108,1,549.07,2,1,2,212
16536.0,111,1,548.97,2,1,2,212
16031.0,93,2,548.94,2,2,2,222
14474.0,47,1,547.66,3,1,2,312
16811.0,5,2,547.0699999999999,4,2,2,422
17637.0,32,2,547.06,3,2,2,322
16211.0,89,1,547.02,2,1,2,212
17520.0,54,1,546.81,2,1,2,212
12743.0,135,2,546.43,2,2,2,222
14997.0,47,3,546.2,3,3,2,332
17806.0,12,1,546.04,4,1,2,412
12793.0,335,2,545.48,1,2,2,122
16475.0,89,4,544.3,2,3,2,232
13617.0,41,3,544.18,3,3,2,332
13390.0,75,1,544.08,2,1,2,212
16927.0,116,3,543.05,2,3,2,232
13278.0,41,1,542.73,3,1,2,312
16230.0,190,2,542.03,1,2,2,122
17447.0,41,2,541.53,3,2,2,322
17557.0,15,3,541.46,4,3,2,432
13874.0,359,1,540.45,1,1,2,112
13812.0,43,3,539.0,3,3,2,332
14496.0,312,2,538.8100000000001,1,2,2,122
15452.0,30,3,538.73,3,3,2,332
15469.0,51,2,538.55,3,2,2,322
15539.0,8,1,538.46,4,1,2,412
17062.0,314,4,538.37,1,3,2,132
17345.0,16,4,537.74,4,3,2,432
14539.0,16,2,537.48,4,2,2,422
16206.0,55,4,537.06,2,3,2,232
15043.0,32,1,537.0,3,1,2,312
16804.0,24,3,536.99,3,3,2,332
16233.0,72,3,536.68,2,3,2,232
15535.0,174,4,536.4,1,3,2,132
16142.0,250,1,535.34,1,1,2,112
12988.0,293,1,535.32,1,1,2,112
13000.0,107,3,534.85,2,3,2,232
13385.0,330,1,534.57,1,1,2,112
13434.0,75,2,534.24,2,2,2,222
17443.0,220,1,534.24,1,1,2,112
13217.0,123,3,533.98,2,3,2,232
15433.0,214,2,533.3,1,2,2,122
15756.0,62,4,532.96,2,3,2,232
15825.0,173,1,532.94,1,1,2,112
16706.0,38,3,531.35,3,3,2,332
14265.0,110,2,530.18,2,2,2,222
18159.0,302,1,530.15,1,1,2,112
14002.0,135,2,529.73,2,2,2,222
14463.0,99,3,529.62,2,3,2,232
16185.0,17,2,529.41,4,2,2,422
17631.0,2,3,528.33,4,3,2,432
16602.0,37,1,528.08,3,1,2,312
12479.0,12,1,527.2,4,1,2,412
17623.0,33,1,527.05,3,1,2,312
18252.0,51,2,526.67,3,2,2,322
16892.0,2,5,525.54,4,4,2,442
17290.0,4,2,525.24,4,2,2,422
17429.0,129,3,524.92,2,3,2,232
15467.0,10,3,524.88,4,3,2,432
15891.0,227,1,524.52,1,1,2,112
13721.0,37,1,524.14,3,1,2,312
17329.0,15,2,523.11,4,2,2,422
18017.0,82,3,523.0,2,3,2,232
17712.0,45,1,522.91,3,1,2,312
14871.0,4,4,522.38,4,3,2,432
12863.0,53,1,521.2,2,1,2,212
15149.0,134,1,520.8,2,1,2,212
14873.0,211,1,519.68,1,1,2,112
12571.0,40,2,519.61,3,2,2,322
13643.0,32,3,519.44,3,3,2,332
16955.0,185,4,518.67,1,3,2,132
16650.0,72,1,518.42,2,1,2,212
15030.0,72,2,518.28,2,2,2,222
16135.0,263,1,517.55,1,1,2,112
17454.0,193,4,517.53,1,3,2,132
18205.0,37,2,517.36,3,2,2,322
13043.0,274,1,516.42,1,1,2,112
15882.0,199,4,516.36,1,3,2,132
15809.0,37,5,515.77,3,4,2,342
12811.0,261,3,514.85,1,3,2,132
15246.0,239,2,514.15,1,2,2,122
13005.0,174,2,513.7,1,2,2,122
17513.0,73,1,513.2,2,1,2,212
17805.0,74,1,512.31,2,1,2,212
17480.0,78,1,511.82,2,1,2,212
12582.0,239,2,511.36,1,2,2,122
14851.0,24,2,511.35,3,2,2,322
16561.0,6,2,511.12,4,2,2,422
15406.0,32,2,510.71,3,2,2,322
12904.0,19,2,509.58,3,2,2,322
12436.0,100,1,509.01,2,1,2,212
16898.0,27,3,508.81,3,3,2,332
15417.0,86,1,508.8,2,1,2,212
17391.0,164,2,508.8,1,2,2,122
14317.0,65,1,508.58,2,1,2,212
17958.0,117,1,508.46,2,1,2,212
17415.0,80,1,507.84,2,1,2,212
14158.0,41,1,507.66,3,1,2,312
14820.0,22,4,507.29,3,3,2,332
15721.0,12,1,507.08,4,1,2,412
16960.0,39,3,507.05,3,3,2,332
13885.0,190,2,506.8,1,2,2,122
16614.0,183,1,506.19,1,1,2,112
14014.0,78,1,505.18,2,1,2,212
15081.0,23,5,504.8,3,4,2,342
12991.0,24,2,503.76,3,2,2,322
17630.0,170,2,503.6,1,2,2,122
16863.0,32,2,502.8,3,2,2,322
15006.0,52,1,502.09,2,1,2,212
13865.0,59,4,501.56,2,3,2,232
15881.0,313,5,501.39,1,4,2,142
13116.0,139,1,501.14,2,1,2,212
13247.0,18,4,501.12,4,3,2,432
16616.0,16,2,500.42,4,2,2,422
15389.0,173,1,500.0,1,1,2,112
14958.0,148,3,499.68,1,3,2,132
14077.0,41,5,499.42,3,4,2,342
15193.0,61,1,499.32,2,1,2,212
14681.0,72,3,498.95,2,3,2,232
16488.0,34,3,498.8,3,3,2,332
15142.0,47,1,498.74,3,1,2,312
17053.0,131,1,498.48,2,1,2,212
17298.0,102,2,498.42,2,2,2,222
16820.0,96,1,497.61,2,1,2,212
17495.0,8,2,497.56,4,2,2,422
16368.0,3,2,497.43,4,2,2,422
15300.0,65,1,496.44,2,1,2,212
15018.0,39,3,496.21,3,3,2,332
17374.0,219,2,495.77,1,2,2,122
15448.0,313,1,494.64,1,1,2,112
16352.0,18,2,494.44,4,2,2,422
17333.0,86,1,494.25,2,1,2,212
12763.0,139,2,494.08,2,2,2,222
15877.0,2,2,493.28,4,2,2,422
13176.0,47,1,492.84,3,1,2,312
14270.0,332,1,492.65,1,1,2,112
15507.0,172,1,492.36,1,1,2,112
13732.0,29,1,491.86,3,1,2,312
14236.0,81,2,490.86,2,2,2,222
15000.0,48,1,490.52,3,1,2,312
14416.0,23,2,490.22,3,2,2,322
18074.0,374,1,489.6,1,1,2,112
12809.0,178,1,489.31,1,1,2,112
17361.0,50,3,488.2,3,3,2,332
14396.0,66,2,487.99,2,2,2,222
15165.0,374,1,487.75,1,1,2,112
16643.0,246,1,487.51,1,1,2,112
13338.0,158,1,487.02,1,1,2,112
13675.0,152,2,486.82,1,2,2,122
17453.0,18,2,486.72,4,2,2,422
15287.0,23,2,486.69,3,2,2,322
13153.0,6,1,486.22,4,1,2,412
12639.0,239,1,486.1,1,1,2,112
15109.0,246,1,484.95,1,1,2,112
16999.0,24,2,484.82,3,2,2,322
16504.0,26,1,484.38,3,1,2,312
16518.0,62,2,484.32,2,2,2,222
14130.0,320,1,483.86,1,1,2,112
13531.0,206,2,483.8,1,2,2,122
12808.0,37,3,483.65,3,3,2,332
14147.0,79,2,483.4,2,2,2,222
17555.0,20,2,483.26,3,2,2,322
14450.0,181,3,483.25,1,3,2,132
16603.0,75,2,482.47,2,2,2,222
17950.0,73,3,482.2,2,3,2,232
12504.0,19,2,482.05,3,2,2,322
16693.0,69,2,482.01,2,2,2,222
18216.0,32,1,481.75,3,1,2,312
15091.0,68,1,480.71,2,1,2,212
16812.0,361,1,479.35,1,1,2,112
16008.0,24,3,478.78,3,3,2,332
15589.0,256,3,478.53,1,3,2,132
16768.0,48,3,478.09,3,3,2,332
12644.0,130,1,477.91,2,1,2,212
13092.0,71,5,477.83,2,4,2,242
14320.0,207,2,477.79,1,2,2,122
12447.0,244,1,476.49,1,1,2,112
18176.0,359,1,476.35,1,1,2,112
14853.0,25,2,475.8,3,2,2,322
14497.0,310,1,475.37,1,1,2,112
15780.0,184,3,475.28,1,3,2,132
15349.0,159,2,473.81,1,2,2,122
15557.0,29,1,473.65,3,1,2,312
16374.0,67,2,473.03,2,2,2,222
14013.0,111,3,473.02,2,3,2,232
16038.0,8,3,471.78,4,3,2,432
17964.0,32,2,471.7,3,2,2,322
16885.0,16,3,471.51,4,3,2,432
13066.0,25,2,470.8,3,2,2,322
15963.0,20,2,470.76,3,2,2,322
14431.0,303,1,470.36,1,1,2,112
15471.0,3,1,469.48,4,1,2,412
15026.0,81,3,469.0,2,3,2,232
14896.0,205,2,468.77,1,2,2,122
13171.0,22,3,468.41,3,3,2,332
14335.0,17,2,468.26,4,2,2,422
14029.0,64,2,467.66,2,2,2,222
15468.0,52,2,467.51,2,2,2,222
13579.0,15,2,467.04,4,2,2,422
14205.0,17,2,466.7,4,2,2,422
13248.0,125,2,465.68,2,2,2,222
15036.0,73,3,465.55,2,3,2,232
17140.0,248,1,465.32,1,1,2,112
16742.0,47,1,464.9,3,1,2,312
13928.0,11,4,464.57,4,3,2,432
16586.0,249,1,463.95,1,1,2,112
14967.0,50,1,463.8,3,1,2,312
12787.0,10,3,463.66,4,3,2,432
17418.0,43,2,463.46,3,2,2,322
14489.0,208,1,463.38,1,1,2,112
12945.0,289,1,462.95,1,1,2,112
14331.0,125,2,462.66,2,2,2,222
14470.0,12,2,461.19,4,2,2,422
12391.0,22,1,460.89,3,1,2,312
16824.0,16,2,460.64,4,2,2,422
16805.0,174,2,460.59,1,2,2,122
12491.0,39,1,460.4,3,1,2,312
12355.0,215,1,459.4,1,1,2,112
16589.0,72,3,459.24,2,3,2,232
17880.0,365,1,458.92,1,1,2,112
15754.0,52,3,458.57,2,3,2,232
13506.0,317,2,458.52,1,2,2,122
17392.0,307,2,457.91,1,2,2,122
15092.0,216,2,457.81,1,2,2,122
15121.0,51,2,457.72,3,2,2,322
12375.0,11,2,457.5,4,2,2,422
13398.0,193,1,457.34,1,1,2,112
12564.0,262,1,456.9,1,1,2,112
12999.0,197,3,455.88,1,3,2,132
14513.0,101,3,455.59,2,3,2,232
15585.0,177,1,455.3,1,1,2,112
16529.0,191,1,455.25,1,1,2,112
13485.0,234,1,454.24,1,1,2,112
15475.0,78,1,454.11,2,1,2,212
17564.0,25,3,454.01,3,3,2,332
18158.0,10,2,453.4,4,2,2,422
12729.0,114,1,453.01,2,1,2,212
18071.0,258,2,453.0,1,2,2,122
14184.0,67,1,452.89,2,1,2,212
12591.0,318,1,452.85,1,1,2,112
12970.0,8,4,452.24,4,3,2,432
16574.0,72,1,451.44,2,1,2,212
15802.0,143,1,451.42,1,1,2,112
14173.0,11,4,450.84,4,3,2,432
17040.0,138,1,449.73,2,1,2,212
13489.0,106,4,449.52,2,3,2,232
12448.0,45,1,449.45,3,1,2,312
15739.0,67,1,449.12,2,1,2,212
17579.0,5,3,448.9,4,3,2,432
14780.0,55,2,447.68,2,2,2,222
15646.0,158,3,447.64,1,3,2,132
15456.0,284,3,447.22,1,3,2,132
15368.0,22,1,446.94,3,1,2,312
15889.0,157,2,446.87,1,2,2,122
14149.0,221,1,446.62,1,1,2,112
17370.0,73,4,446.18,2,3,2,232
17190.0,59,2,444.74,2,2,2,222
18006.0,24,1,444.68,3,1,2,312
14638.0,51,1,443.6,3,1,2,312
16404.0,71,1,443.05,2,1,2,212
18222.0,93,1,443.0,2,1,2,212
14093.0,13,1,442.85,4,1,2,412
12579.0,79,1,440.42,2,1,2,212
14022.0,226,1,440.0,1,1,2,112
18233.0,326,1,440.0,1,1,2,112
15524.0,25,1,440.0,3,1,2,312
13954.0,2,2,439.92,4,2,2,422
16025.0,30,1,439.66,3,1,2,312
13359.0,64,1,439.56,2,1,2,212
16968.0,5,2,439.43,4,2,2,422
13358.0,269,1,439.03,1,1,2,112
14272.0,74,2,437.96,2,2,2,222
12552.0,39,2,437.82,3,2,2,322
16034.0,197,3,437.7000000000001,1,3,2,132
12592.0,93,2,437.6,2,2,2,222
15553.0,61,1,437.23,2,1,2,212
16084.0,300,1,436.18,1,1,2,112
15551.0,37,1,436.06,3,1,2,312
16948.0,139,3,435.02,2,3,2,232
14910.0,3,4,434.35,4,3,2,432
14460.0,111,3,434.34,2,3,2,232
12493.0,166,2,433.74,1,2,2,122
17035.0,246,2,433.53,1,2,2,122
14157.0,20,2,432.88,3,2,2,322
16236.0,79,1,432.2,2,1,2,212
16881.0,67,1,432.0,2,1,2,212
15976.0,166,2,430.94,1,2,2,122
18106.0,330,1,430.7,1,1,2,112
12452.0,17,2,430.57,4,2,2,422
13245.0,51,1,430.5,3,1,2,312
12795.0,19,1,430.48,3,1,2,312
12827.0,6,3,430.15,4,3,2,432
14998.0,171,2,429.87,1,2,2,122
16884.0,38,2,429.84,3,2,2,322
15450.0,31,1,429.84,3,1,2,312
15230.0,240,2,429.6,1,2,2,122
15957.0,32,1,428.89,3,1,2,312
13602.0,65,1,428.89,2,1,2,212
16324.0,129,3,428.68,2,3,2,232
17869.0,108,5,428.18,2,4,2,242
15360.0,40,1,427.93,3,1,2,312
12725.0,372,1,427.8,1,1,2,112
12403.0,50,1,427.7,3,1,2,312
12740.0,64,1,427.6,2,1,2,212
12802.0,187,1,427.58,1,1,2,112
15994.0,55,1,427.07,2,1,2,212
17223.0,311,2,426.79,1,2,2,122
15930.0,68,1,426.63,2,1,2,212
14288.0,214,1,426.6,1,1,2,112
15639.0,135,1,425.32,2,1,2,212
16780.0,101,2,425.19,2,2,2,222
17134.0,107,2,425.0,2,2,2,222
17371.0,18,3,423.89,4,3,2,432
13140.0,109,3,423.72,2,3,2,232
16119.0,9,2,423.36,4,2,2,422
15012.0,54,2,423.04,2,2,2,222
18034.0,22,2,422.88,3,2,2,322
17525.0,360,1,422.7,1,1,2,112
13473.0,61,2,422.64,2,2,2,222
16689.0,76,2,422.6,2,2,2,222
18240.0,47,1,422.58,3,1,2,312
17232.0,3,2,421.52,4,2,2,422
14757.0,76,1,420.5,2,1,2,212
15206.0,11,4,420.3,4,3,2,432
14124.0,85,1,419.58,2,1,2,212
15361.0,362,1,418.92,1,1,2,112
15967.0,24,2,418.83,3,2,2,322
12593.0,109,3,418.1,2,3,2,232
17701.0,253,1,417.95,1,1,2,112
16629.0,74,2,417.73,2,2,2,222
13615.0,319,1,417.69,1,1,2,112
16737.0,54,1,417.6,2,1,2,212
12833.0,146,1,417.38,1,1,2,112
18001.0,13,2,417.23,4,2,2,422
13166.0,284,1,417.2,1,1,2,112
16816.0,104,4,417.06,2,3,2,232
13889.0,93,1,416.9,2,1,2,212
15935.0,240,2,416.86,1,2,2,122
16957.0,240,2,416.64,1,2,2,122
13085.0,158,2,416.08,1,2,2,122
14139.0,47,1,415.82,3,1,2,312
15803.0,52,1,415.82,2,1,2,212
12930.0,79,2,415.8,2,2,2,222
12580.0,247,1,415.7,1,1,2,112
15725.0,16,1,415.25,4,1,2,412
14333.0,68,1,415.2,2,1,2,212
16795.0,366,1,414.88,1,1,2,112
12993.0,24,4,414.76,3,3,2,332
16239.0,57,2,414.2,2,2,2,222
17483.0,66,3,414.04,2,3,2,232
17052.0,29,1,413.75,3,1,2,312
13974.0,50,1,413.59,3,1,2,312
16834.0,228,1,413.46,1,1,2,112
14620.0,206,2,412.78,1,2,2,122
13827.0,58,3,412.05,2,3,2,232
15523.0,85,1,412.01,2,1,2,212
16272.0,117,1,411.7,2,1,2,212
17913.0,59,2,411.6,2,2,2,222
14670.0,281,2,411.53,1,2,2,122
15186.0,15,2,411.41,4,2,2,422
15099.0,85,1,410.48,2,1,2,212
15695.0,267,2,409.98,1,2,2,122
14048.0,306,1,409.93,1,1,2,112
14348.0,261,1,409.57,1,1,2,112
12990.0,32,3,409.5,3,3,2,332
15225.0,235,1,409.4,1,1,2,112
16243.0,34,2,409.1,3,2,2,322
16018.0,40,2,408.9,3,2,2,322
15269.0,24,1,408.8,3,1,2,312
16399.0,20,2,408.57,3,2,2,322
17931.0,135,2,408.36,2,2,2,222
16010.0,246,3,407.5,1,3,2,132
15184.0,30,2,406.76,3,2,2,322
15127.0,66,1,406.53,2,1,2,212
16947.0,236,1,406.48,1,1,2,112
15342.0,130,1,406.09,2,1,2,212
14616.0,243,3,406.08,1,3,2,132
16204.0,24,1,405.71,3,1,2,312
18036.0,33,3,405.62,3,3,2,332
12922.0,162,1,405.38,1,1,2,112
17379.0,12,1,404.66,4,1,2,412
15938.0,113,5,404.58,2,4,2,242
16319.0,218,1,404.4,1,1,2,112
16484.0,174,2,404.3,1,2,2,122
12498.0,22,3,403.7,3,3,2,332
17431.0,314,1,403.3,1,1,2,112
15221.0,367,1,403.25,1,1,2,112
12386.0,338,2,401.9,1,2,2,122
15158.0,46,1,401.4,3,1,2,312
16500.0,5,6,400.86,4,4,2,442
16198.0,76,1,400.68,2,1,2,212
12792.0,257,1,400.54,1,1,2,112
17375.0,200,3,400.1,1,3,2,132
18164.0,38,1,399.65,3,1,2,312
13255.0,10,2,399.51,4,2,2,422
18154.0,4,2,399.19,4,2,2,422
15522.0,33,2,398.84,3,2,2,322
17830.0,2,3,398.7,4,3,2,432
12508.0,27,2,398.27,3,2,2,322
13352.0,61,1,397.98,2,1,2,212
15429.0,27,2,397.35,3,2,2,322
17926.0,134,2,397.29,2,2,2,222
12824.0,60,1,397.12,2,1,2,212
13594.0,53,1,396.97,2,1,2,212
13673.0,19,2,396.92,3,2,2,322
17486.0,262,1,396.87,1,1,2,112
15883.0,3,2,396.48,4,2,2,422
18067.0,41,1,396.33,3,1,2,312
16354.0,64,2,395.8,2,2,2,222
17603.0,79,1,394.72,2,1,2,212
14619.0,246,1,394.44,1,1,2,112
16207.0,26,1,394.38,3,1,2,312
15386.0,187,1,394.14,1,1,2,112
15264.0,65,1,393.74,2,1,2,212
15345.0,46,1,393.54,3,1,2,312
17226.0,309,1,393.49,1,1,2,112
14600.0,306,1,393.33,1,1,2,112
15837.0,65,1,391.98,2,1,2,212
16917.0,277,1,391.52,1,1,2,112
12982.0,243,1,390.54,1,1,2,112
17614.0,58,1,390.07,2,1,2,212
17936.0,6,1,389.84,4,1,2,412
18024.0,153,2,389.78,1,2,2,122
14752.0,44,1,389.64,3,1,2,312
13873.0,120,3,389.6,2,3,2,232
13345.0,288,1,389.5,1,1,2,112
16250.0,262,2,389.44,1,2,2,122
15847.0,39,2,389.27,3,2,2,322
12690.0,206,1,389.01,1,1,2,112
17595.0,13,2,388.79,4,2,2,422
15592.0,47,1,388.58,3,1,2,312
13899.0,17,2,388.52,4,2,2,422
13856.0,169,3,388.5,1,3,2,132
17438.0,254,1,388.45,1,1,2,112
16776.0,61,1,388.28,2,1,2,212
14538.0,65,2,388.25,2,2,2,222
17357.0,25,2,388.14,3,2,2,322
17817.0,5,3,387.68,4,3,2,432
14420.0,100,1,387.52,2,1,2,212
17508.0,281,1,387.31,1,1,2,112
14114.0,274,2,386.53,1,2,2,122
15664.0,51,1,386.43,3,1,2,312
14779.0,281,3,386.15,1,3,2,132
13821.0,145,2,385.64,1,2,2,122
17711.0,11,2,385.1,4,2,2,422
13919.0,60,2,384.81,2,2,2,222
13833.0,160,1,384.8,1,1,2,112
17250.0,4,2,384.52,4,2,2,422
17189.0,107,2,384.4,2,2,2,222
17205.0,54,1,384.08,2,1,2,212
16982.0,61,1,384.06,2,1,2,212
15048.0,66,4,384.05,2,3,2,232
12733.0,235,1,383.95,1,1,2,112
12515.0,354,1,383.7,1,1,2,112
15440.0,55,3,383.68,2,3,2,232
14304.0,223,1,383.45,1,1,2,112
15424.0,255,2,383.34,1,2,2,122
12832.0,33,2,383.03,3,2,2,322
13817.0,30,2,382.98,3,2,2,322
18181.0,25,1,382.8,3,1,2,312
17239.0,313,1,382.5,1,1,2,112
13657.0,11,2,382.14,4,2,2,422
17999.0,38,2,382.06,3,2,2,322
15090.0,309,1,381.32,1,1,2,112
16441.0,68,2,381.2,2,2,2,222
12871.0,85,2,380.64,2,2,2,222
17573.0,30,3,380.6,3,3,2,332
16930.0,27,3,380.55,3,3,2,332
17138.0,276,1,380.5,1,1,2,112
12890.0,25,1,380.47,3,1,2,312
16769.0,261,1,380.39,1,1,2,112
17031.0,12,2,380.35,4,2,2,422
14731.0,48,3,380.02,3,3,2,332
14594.0,8,2,379.83,4,2,2,422
16552.0,243,2,379.73,1,2,2,122
13589.0,15,2,379.65,4,2,2,422
13656.0,165,2,379.65,1,2,2,122
17878.0,44,1,379.45,3,1,2,312
15885.0,93,3,379.35,2,3,2,232
16909.0,73,1,379.14,2,1,2,212
13372.0,90,1,378.64,2,1,2,212
17078.0,37,2,378.2,3,2,2,322
17736.0,10,3,377.44,4,3,2,432
15025.0,34,1,377.01,3,1,2,312
17489.0,59,2,376.64,2,2,2,222
13936.0,180,1,376.58,1,1,2,112
16858.0,369,1,375.69,1,1,2,112
14448.0,10,2,375.35,4,2,2,422
14079.0,125,1,375.1,2,1,2,212
16147.0,134,1,375.0,2,1,2,212
14067.0,64,2,374.7,2,2,2,222
17492.0,249,1,374.57,1,1,2,112
12873.0,283,1,374.0,1,1,2,112
13351.0,67,1,373.94,2,1,2,212
13569.0,18,2,373.75,4,2,2,422
16321.0,73,5,373.65,2,4,2,242
16903.0,30,1,373.24,3,1,2,312
12895.0,43,2,372.8,3,2,2,322
12544.0,37,1,372.7,3,1,2,312
12981.0,30,2,372.22,3,2,2,322
16065.0,366,1,372.09,1,1,2,112
13300.0,170,1,371.89,1,1,2,112
17765.0,159,3,371.88,1,3,2,132
14690.0,45,2,371.7,3,2,2,322
18155.0,76,3,371.62,2,3,2,232
15472.0,114,1,371.56,2,1,2,212
14950.0,20,1,371.2,3,1,2,312
15975.0,85,1,371.01,2,1,2,212
15063.0,214,1,370.8,1,1,2,112
16343.0,17,2,370.48,4,2,2,422
15922.0,374,1,369.5,1,1,2,112
16758.0,66,1,369.34,2,1,2,212
14888.0,208,1,369.2,1,1,2,112
16372.0,34,2,367.93,3,2,2,322
17911.0,10,1,366.23,4,1,2,412
17358.0,304,2,365.85,1,2,2,122
17432.0,19,2,365.76,3,2,2,322
16499.0,361,2,365.45,1,2,2,122
16202.0,361,1,365.27,1,1,2,112
14886.0,253,1,364.8,1,1,2,112
15949.0,17,2,364.72,4,2,2,422
12373.0,312,1,364.6,1,1,2,112
15343.0,88,1,364.5,2,1,2,212
14528.0,38,1,364.22,3,1,2,312
12538.0,30,1,363.95,3,1,2,312
17330.0,23,2,363.9,3,2,2,322
15901.0,17,3,363.88,4,3,2,432
14171.0,99,1,363.79,2,1,2,212
16509.0,297,1,363.7,1,1,2,112
12915.0,149,2,363.65,1,2,2,122
18056.0,289,1,363.65,1,1,2,112
16485.0,78,1,363.65,2,1,2,212
14932.0,366,1,363.53,1,1,2,112
14427.0,51,2,363.34,3,2,2,322
16378.0,248,3,362.95,1,3,2,132
16052.0,55,1,362.06,2,1,2,212
13844.0,12,1,361.62,4,1,2,412
16305.0,139,1,361.22,2,1,2,212
13291.0,156,1,361.11,1,1,2,112
15872.0,15,2,360.93,4,2,2,422
16595.0,62,1,360.16,2,1,2,212
13780.0,8,2,360.01,4,2,2,422
13298.0,2,1,360.0,4,1,2,412
15120.0,134,1,358.82,2,1,2,212
17948.0,148,1,358.56,1,1,2,112
16823.0,228,1,358.38,1,1,2,112
13228.0,82,1,358.0,2,1,2,212
13976.0,207,1,357.98,1,1,2,112
16274.0,374,1,357.95,1,1,2,112
17025.0,61,3,357.77,2,3,2,232
16971.0,39,1,357.21,3,1,2,312
18040.0,20,2,357.2,3,2,2,322
13453.0,166,2,356.98,1,2,2,122
14500.0,89,3,356.85,2,3,2,232
15713.0,144,2,356.7,1,2,2,122
15247.0,123,1,356.0,2,1,2,212
14537.0,58,1,355.56,2,1,2,212
15840.0,59,2,355.56,2,2,2,222
12617.0,30,1,355.53000000000003,3,1,2,312
17742.0,114,2,355.11,2,2,2,222
13642.0,216,1,354.8,1,1,2,112
17222.0,66,1,354.15,2,1,2,212
12888.0,215,2,354.12,1,2,2,122
12845.0,268,4,354.09000000000003,1,3,2,132
15870.0,33,1,354.09000000000003,3,1,2,312
12715.0,107,1,353.86,2,1,2,212
17252.0,117,2,353.86,2,2,2,222
13173.0,5,2,353.65000000000003,4,2,2,422
13210.0,94,1,353.48,2,1,2,212
13343.0,178,1,353.43,1,1,2,112
14804.0,9,1,353.27,4,1,2,412
17976.0,373,1,353.19,1,1,2,112
15678.0,53,1,352.7,2,1,2,212
18112.0,13,2,352.69,4,2,2,422
15334.0,157,3,351.67,1,3,2,132
12566.0,87,1,351.65,2,1,2,212
15789.0,359,1,351.3,1,1,2,112
13923.0,54,1,351.13,2,1,2,212
15900.0,24,1,351.11,3,1,2,312
13332.0,15,1,350.9,4,1,2,412
13740.0,241,1,350.75,1,1,2,112
17835.0,3,3,350.64,4,3,2,432
17795.0,180,2,350.39,1,2,2,122
13108.0,373,1,350.06,1,1,2,112
12532.0,31,1,349.83,3,1,2,312
13670.0,76,1,349.7,2,1,2,212
13887.0,205,1,349.55,1,1,2,112
18250.0,311,1,349.27,1,1,2,112
15405.0,190,1,349.1,1,1,2,112
13927.0,75,1,348.99,2,1,2,212
13790.0,5,1,348.8,4,1,2,412
18127.0,20,3,348.73,3,3,2,332
12527.0,82,3,348.71,2,3,2,232
15579.0,69,2,348.6,2,2,2,222
16159.0,282,1,348.2,1,1,2,112
13052.0,213,1,348.15,1,1,2,112
14379.0,45,2,348.1,3,2,2,322
13497.0,283,2,348.05,1,2,2,122
17668.0,2,2,347.75,4,2,2,422
13062.0,192,1,346.98,1,1,2,112
13649.0,257,2,346.6,1,2,2,122
16423.0,25,1,346.12,3,1,2,312
13091.0,29,1,345.82,3,1,2,312
15781.0,26,3,345.46,3,3,2,332
17123.0,162,1,345.3,1,1,2,112
13774.0,82,1,345.0,2,1,2,212
14633.0,267,1,344.9,1,1,2,112
16978.0,78,1,344.33,2,1,2,212
17569.0,333,1,344.14,1,1,2,112
13068.0,11,2,344.0,4,2,2,422
15047.0,270,1,343.62,1,1,2,112
15520.0,2,1,343.5,4,1,2,412
18081.0,37,3,343.45,3,3,2,332
15880.0,370,1,343.28,1,1,2,112
12875.0,144,2,343.23,1,2,2,122
17201.0,54,1,342.63,2,1,2,212
16851.0,5,3,342.45,4,3,2,432
16826.0,52,1,341.7,2,1,2,212
13347.0,71,1,341.36,2,1,2,212
17917.0,46,3,341.28,3,3,2,332
14491.0,176,2,340.93,1,2,2,122
12519.0,64,1,340.84,2,1,2,212
15115.0,19,1,340.11,3,1,2,312
13737.0,201,1,339.6,1,1,2,112
17045.0,114,3,339.44,2,3,2,232
16545.0,165,1,339.3,1,1,2,112
17697.0,237,1,338.95,1,1,2,112
17839.0,43,1,338.8,3,1,2,312
16183.0,68,1,338.71000000000004,2,1,2,212
15652.0,92,1,337.74,2,1,2,212
15942.0,134,1,337.44,2,1,2,212
13930.0,58,2,337.34,2,2,2,222
17973.0,52,1,337.04,2,1,2,212
16105.0,249,1,336.96,1,1,2,112
17914.0,4,1,336.43,4,1,2,412
17384.0,20,2,336.4,3,2,2,322
15619.0,11,1,336.4,4,1,2,412
14954.0,13,1,336.17,4,1,2,412
18078.0,218,2,336.13,1,2,2,122
15921.0,173,1,336.03000000000003,1,1,2,112
18276.0,44,1,335.86,3,1,2,312
14196.0,107,1,335.52,2,1,2,212
16063.0,261,1,335.32,1,1,2,112
17221.0,8,2,335.13,4,2,2,422
12489.0,337,1,334.93,1,1,2,112
14988.0,212,1,334.54,1,1,2,112
15466.0,86,1,334.53,2,1,2,212
12350.0,311,1,334.4,1,1,2,112
15918.0,191,2,334.23,1,2,2,122
14264.0,155,2,333.97,1,2,2,122
13216.0,268,1,333.74,1,1,2,112
13727.0,29,2,333.48,3,2,2,322
16625.0,275,1,333.08,1,1,2,112
14902.0,26,1,332.66,3,1,2,312
13904.0,38,2,332.64,3,2,2,322
16850.0,334,1,332.41,1,1,2,112
16803.0,66,1,332.3,2,1,2,212
16177.0,51,1,331.95,3,1,2,312
16030.0,310,1,331.24,1,1,2,112
15210.0,226,1,331.18,1,1,2,112
16478.0,26,3,331.0,3,3,2,332
12891.0,186,3,331.0,1,3,2,132
17862.0,324,1,330.9,1,1,2,112
15714.0,12,2,330.88,4,2,2,422
13706.0,303,1,330.79,1,1,2,112
14517.0,34,2,330.45,3,2,2,322
15130.0,170,1,330.11,1,1,2,112
16593.0,51,3,330.03,3,3,2,332
12953.0,10,1,329.85,4,1,2,412
14716.0,44,2,329.68,3,2,2,322
17866.0,143,1,329.65,1,1,2,112
17615.0,131,3,329.6,2,3,2,232
13239.0,262,1,329.56,1,1,2,112
17154.0,76,1,329.34,2,1,2,212
15153.0,32,1,329.25,3,1,2,312
14012.0,278,1,328.8,1,1,2,112
16855.0,24,2,328.4,3,2,2,322
15213.0,319,2,328.35,1,2,2,122
14747.0,250,1,328.2,1,1,2,112
14206.0,240,1,328.16,1,1,2,112
16318.0,36,1,328.15,3,1,2,312
15314.0,200,1,327.97,1,1,2,112
14024.0,122,2,327.7,2,2,2,222
16366.0,19,1,327.3,3,1,2,312
14870.0,262,1,327.25,1,1,2,112
16322.0,2,2,326.75,4,2,2,422
14987.0,16,2,326.4,4,2,2,422
17715.0,201,1,326.4,1,1,2,112
16071.0,45,1,326.24,3,1,2,312
15363.0,373,1,326.0,1,1,2,112
12844.0,30,2,325.96,3,2,2,322
16830.0,39,1,325.91,3,1,2,312
14850.0,312,1,325.75,1,1,2,112
15944.0,277,1,325.1,1,1,2,112
12790.0,193,1,324.92,1,1,2,112
13801.0,67,1,324.8,2,1,2,212
15597.0,36,1,324.57,3,1,2,312
16685.0,62,2,324.24,2,2,2,222
18261.0,44,2,324.24,3,2,2,322
14555.0,58,2,324.14,2,2,2,222
15675.0,82,3,323.69,2,3,2,232
17793.0,26,1,323.04,3,1,2,312
16739.0,177,1,323.0,1,1,2,112
13955.0,155,2,322.96,1,2,2,122
16627.0,80,1,322.8,2,1,2,212
16342.0,76,4,322.41,2,3,2,232
15224.0,359,2,322.08,1,2,2,122
14424.0,18,1,322.08,4,1,2,412
14484.0,51,1,321.92,3,1,2,312
14823.0,181,3,321.43,1,3,2,132
15236.0,299,1,321.05,1,1,2,112
18117.0,26,1,320.72,3,1,2,312
16096.0,265,1,320.62,1,1,2,112
14622.0,185,1,320.58,1,1,2,112
13986.0,18,1,320.46,4,1,2,412
16674.0,55,2,319.61,2,2,2,222
15107.0,312,6,319.5,1,4,2,142
16967.0,190,1,319.02,1,1,2,112
17157.0,8,2,319.0,4,2,2,422
17229.0,97,2,318.76,2,2,2,222
17248.0,121,1,318.65,2,1,2,212
14703.0,15,1,318.17,4,1,2,412
12648.0,155,1,318.05,1,1,2,112
18066.0,76,1,318.0,2,1,2,212
17172.0,79,1,317.76,2,1,2,212
17267.0,128,2,317.62,2,2,2,222
15101.0,9,2,317.53000000000003,4,2,2,422
16386.0,29,2,317.2,3,2,2,322
15257.0,284,1,317.15,1,1,2,112
15385.0,41,1,316.88,3,1,2,312
15243.0,75,1,316.68,2,1,2,212
16761.0,97,1,316.62,2,1,2,212
15204.0,358,1,316.58,1,1,2,112
17458.0,16,1,316.5,4,1,2,412
13494.0,312,1,316.26,1,1,2,112
14479.0,254,2,316.25,1,2,2,122
16473.0,165,3,316.11,1,3,2,132
12614.0,278,1,315.6,1,1,2,112
16091.0,155,2,315.06,1,2,2,122
15766.0,65,1,315.06,2,1,2,212
17237.0,12,2,314.69,4,2,2,422
16193.0,237,1,314.45,1,1,2,112
12650.0,4,1,314.44,4,1,2,412
16227.0,226,1,314.22,1,1,2,112
15970.0,304,1,314.1,1,1,2,112
13484.0,242,1,313.8,1,1,2,112
16582.0,114,1,313.62,2,1,2,212
14729.0,374,1,313.49,1,1,2,112
13845.0,65,1,312.98,2,1,2,212
15318.0,4,1,312.62,4,1,2,412
12834.0,283,1,312.38,1,1,2,112
17362.0,240,2,312.23,1,2,2,122
17070.0,115,1,312.14,2,1,2,212
12785.0,365,1,311.95,1,1,2,112
16450.0,150,1,311.92,1,1,2,112
14142.0,374,1,311.81,1,1,2,112
15326.0,334,1,311.71,1,1,2,112
14951.0,80,1,311.69,2,1,2,212
14327.0,164,1,311.65,1,1,2,112
12852.0,295,1,311.55,1,1,2,112
13990.0,214,1,311.3,1,1,2,112
17854.0,186,2,311.26,1,2,2,122
16781.0,373,1,311.25,1,1,2,112
13897.0,51,1,311.16,3,1,2,312
17912.0,311,5,311.01,1,4,2,142
17266.0,3,3,310.64,4,3,2,432
15185.0,71,1,310.62,2,1,2,212
15308.0,275,1,310.47,1,1,2,112
14311.0,243,1,310.26,1,1,2,112
14924.0,246,1,310.05,1,1,2,112
15661.0,318,2,309.8,1,2,2,122
15699.0,18,1,309.65,4,1,2,412
16810.0,193,1,309.54,1,1,2,112
14339.0,243,1,309.52,1,1,2,112
14847.0,149,1,309.4,1,1,2,112
17604.0,218,2,309.36,1,2,2,122
12884.0,89,1,309.05,2,1,2,212
13787.0,76,2,309.04,2,2,2,222
15010.0,36,1,308.94,3,1,2,312
16956.0,18,1,308.74,4,1,2,412
13699.0,156,1,308.58,1,1,2,112
17510.0,25,1,308.48,3,1,2,312
13369.0,366,1,308.28,1,1,2,112
13466.0,185,1,307.9,1,1,2,112
15973.0,367,1,307.82,1,1,2,112
16123.0,52,1,307.78,2,1,2,212
13529.0,79,2,307.76,2,2,2,222
13395.0,186,1,307.72,1,1,2,112
13060.0,254,1,307.53,1,1,2,112
14915.0,92,2,307.48,2,2,2,222
17120.0,234,1,307.46,1,1,2,112
13932.0,295,1,307.4,1,1,1,111
13142.0,20,1,307.09000000000003,3,1,1,311
17334.0,303,2,307.02,1,2,1,121
15087.0,282,1,306.94,1,1,1,111
17551.0,360,1,306.84,1,1,1,111
16668.0,16,6,306.72,4,4,1,441
13762.0,219,1,306.72,1,1,1,111
13718.0,247,2,306.55,1,2,1,121
18059.0,24,3,306.46,3,3,1,331
15659.0,44,1,306.45,3,1,1,311
17176.0,202,1,306.13,1,1,1,111
13863.0,248,1,305.78,1,1,1,111
15219.0,177,1,305.75,1,1,1,111
16796.0,90,1,305.62,2,1,1,211
16181.0,74,1,305.54,2,1,1,211
13045.0,100,1,305.28000000000003,2,1,1,211
18220.0,227,1,305.28,1,1,1,111
12623.0,277,1,305.1,1,1,1,111
13667.0,150,1,305.02,1,1,1,111
17941.0,131,1,304.56,2,1,1,211
15163.0,19,2,304.47,3,2,1,321
18185.0,250,1,304.25,1,1,1,111
16217.0,236,2,304.25,1,2,1,121
17732.0,373,1,303.97,1,1,1,111
16400.0,95,1,303.93,2,1,1,211
13083.0,5,2,303.75,4,2,1,421
17433.0,89,1,303.16,2,1,1,211
15060.0,9,4,303.09000000000003,4,3,1,431
16425.0,303,1,302.7,1,1,1,111
14248.0,319,1,302.58,1,1,1,111
18165.0,178,1,302.46,1,1,1,111
16104.0,62,1,302.36,2,1,1,211
16292.0,122,1,302.25,2,1,1,211
17506.0,76,1,302.2,2,1,1,211
15054.0,13,2,302.1,4,2,1,421
17094.0,323,1,302.0,1,1,1,111
16297.0,269,1,301.9,1,1,1,111
16715.0,79,1,301.72,2,1,1,211
15667.0,40,1,301.32,3,1,1,311
15148.0,11,1,301.29,4,1,1,411
15623.0,142,1,301.03000000000003,2,1,1,211
13479.0,201,2,300.95,1,2,1,121
17978.0,366,1,300.92,1,1,1,111
16430.0,58,1,300.85,2,1,1,211
16479.0,11,2,300.83,4,2,1,421
14762.0,264,1,300.52,1,1,1,111
13304.0,352,1,300.42,1,1,1,111
15254.0,128,1,300.36,2,1,1,211
13745.0,163,1,300.04,1,1,1,111
18053.0,71,1,300.02,2,1,1,211
16402.0,265,2,299.6,1,2,1,121
18215.0,90,1,299.34000000000003,2,1,1,211
17124.0,186,1,298.89,1,1,1,111
15609.0,185,1,298.48,1,1,1,111
17255.0,41,2,298.41,3,2,1,321
17824.0,52,1,298.4,2,1,1,211
17678.0,264,1,298.11,1,1,1,111
12881.0,276,1,298.0,1,1,1,111
15857.0,19,1,297.0,3,1,1,311
13708.0,272,1,296.88,1,1,1,111
14985.0,199,2,296.75,1,2,1,121
17531.0,191,1,296.7,1,1,1,111
13441.0,92,1,296.64,2,1,1,211
15154.0,76,1,296.42,2,1,1,211
13751.0,289,1,296.25,1,1,1,111
13504.0,65,1,295.93,2,1,1,211
16998.0,150,4,295.0,1,3,1,131
13573.0,51,2,294.4,3,2,1,321
15732.0,213,2,294.12,1,2,1,121
17163.0,22,2,293.1,3,2,1,321
12829.0,337,2,293.0,1,2,1,121
15545.0,55,2,292.72,2,2,1,221
16721.0,263,1,292.47,1,1,1,111
13259.0,62,1,292.32,2,1,1,211
13502.0,17,3,292.0,4,3,1,431
13449.0,24,1,291.88,3,1,1,311
13544.0,40,2,291.41,3,2,1,321
14656.0,170,2,291.05,1,2,1,121
14947.0,73,2,290.82,2,2,1,221
16648.0,43,1,290.66,3,1,1,311
15279.0,355,1,290.51,1,1,1,111
17691.0,359,2,290.4,1,2,1,121
16526.0,172,1,290.36,1,1,1,111
17081.0,26,2,290.16,3,2,1,321
14784.0,27,2,289.99,3,2,1,321
17464.0,159,1,289.96000000000004,1,1,1,111
14953.0,26,1,289.82,3,1,1,311
16897.0,300,2,289.78,1,2,1,121
14162.0,174,2,289.36,1,2,1,121
16125.0,368,1,289.35,1,1,1,111
14549.0,312,1,289.24,1,1,1,111
17501.0,221,2,288.6,1,2,1,121
16808.0,100,2,288.42,2,3,1,231
15396.0,113,1,288.18,2,1,1,211
17977.0,30,1,288.14,3,1,1,311
17080.0,23,2,287.62,3,3,1,331
17760.0,22,2,287.59,3,3,1,331
16432.0,65,1,287.40000000000003,2,1,1,211
13760.0,55,2,286.79,2,3,1,231
16555.0,36,2,285.89,3,3,1,331
14660.0,87,2,285.74,2,3,1,231
17636.0,20,1,285.56,3,1,1,311
16429.0,107,1,284.55,2,1,1,211
18190.0,193,2,284.46,1,3,1,131
13121.0,270,1,283.73,1,1,1,111
13439.0,256,1,283.71,1,1,1,111
12703.0,72,1,283.55,2,1,1,211
17783.0,73,2,283.47,2,3,1,231
17251.0,363,1,283.28,1,1,1,111
18270.0,39,2,283.15000000000003,3,3,1,331
17694.0,142,1,283.12,2,1,1,211
14350.0,275,1,282.93,1,1,1,111
13754.0,152,2,282.6,1,3,1,131
13177.0,65,1,282.45,2,1,1,211
17247.0,16,1,282.19,4,1,1,411
16557.0,25,2,281.85,3,3,1,331
17403.0,37,1,281.62,3,1,1,311
16848.0,53,1,281.42,2,1,1,211
14242.0,235,2,280.55,1,3,1,131
13606.0,30,3,280.54,3,3,1,331
16149.0,5,2,280.52,4,3,1,431
14975.0,58,1,279.94,2,1,1,211
15556.0,25,1,279.77,3,1,1,311
14480.0,12,1,279.05,4,1,1,411
17786.0,86,2,278.74,2,3,1,231
14764.0,47,1,278.3,3,1,1,311
14908.0,75,1,277.8,2,1,1,211
17968.0,374,1,277.35,1,1,1,111
13803.0,256,1,277.07,1,1,1,111
15355.0,30,2,277.05,3,3,1,331
16883.0,188,2,276.73,1,3,1,131
13272.0,32,2,276.56,3,3,1,331
14508.0,23,2,276.42,3,3,1,331
12750.0,129,1,275.88,2,1,1,211
14512.0,188,2,275.28,1,3,1,131
16313.0,4,2,274.15,4,3,1,431
16727.0,365,1,272.82,1,1,1,111
17254.0,5,2,272.44,4,3,1,431
17498.0,76,1,272.22,2,1,1,211
14819.0,65,2,272.07,2,3,1,231
13917.0,50,2,272.04,3,3,1,331
14816.0,198,1,271.85,1,1,1,111
13058.0,25,3,271.40000000000003,3,3,1,331
13837.0,212,2,271.24,1,3,1,131
17767.0,16,1,271.2,4,1,1,411
17496.0,359,1,271.05,1,1,1,111
18108.0,255,1,271.0,1,1,1,111
17011.0,31,1,270.9,3,1,1,311
15774.0,69,1,270.8,2,1,1,211
13533.0,183,3,270.79,1,3,1,131
14520.0,2,2,270.6,4,3,1,431
13242.0,113,3,270.40000000000003,2,3,1,231
12558.0,8,1,269.96,4,1,1,411
14727.0,275,1,268.58,1,1,1,111
15408.0,265,1,267.18,1,1,1,111
17550.0,198,3,267.16,1,3,1,131
15320.0,45,1,267.13,3,1,1,311
17708.0,188,2,267.08,1,3,1,131
15517.0,234,1,267.03,1,1,1,111
16451.0,88,1,266.97,2,1,1,211
14863.0,30,1,266.76,3,1,1,311
15119.0,246,1,266.4,1,1,1,111
12962.0,8,2,266.39,4,3,1,431
15019.0,267,1,266.0,1,1,1,111
14068.0,321,1,265.85,1,1,1,111
17430.0,33,2,265.76,3,3,1,331
14423.0,219,1,265.2,1,1,1,111
13973.0,288,1,264.7,1,1,1,111
15912.0,179,2,264.62,1,3,1,131
14452.0,11,2,264.44,4,3,1,431
15894.0,254,2,263.55,1,3,1,131
12492.0,64,2,263.21,2,3,1,231
16936.0,26,1,262.68,3,1,1,311
17194.0,274,2,262.62,1,3,1,131
16413.0,57,1,262.2,2,1,1,211
17385.0,15,1,261.11,4,1,1,411
13189.0,19,2,260.68,3,3,1,331
14053.0,125,2,260.25,2,3,1,231
15014.0,44,2,260.17,3,3,1,331
15143.0,226,1,259.45,1,1,1,111
17125.0,51,1,259.35,3,1,1,311
13127.0,78,1,259.17,2,1,1,211
16447.0,136,1,259.01,2,1,1,211
15577.0,152,3,258.88,1,3,1,131
13277.0,16,4,258.4,4,3,1,431
13227.0,202,1,257.7,1,1,1,111
14375.0,186,1,257.68,1,1,1,111
18009.0,236,1,257.34,1,1,1,111
13626.0,253,1,257.23,1,1,1,111
16048.0,374,2,256.44,1,3,1,131
12430.0,44,1,256.4,3,1,1,311
13806.0,64,1,256.38,2,1,1,211
17896.0,24,1,256.32,3,1,1,311
14761.0,59,2,255.9,2,3,1,231
15277.0,47,1,255.9,3,1,1,311
14881.0,20,1,255.4,3,1,1,311
16226.0,204,3,255.12,1,3,1,131
15261.0,136,1,254.82,2,1,1,211
12604.0,80,2,254.18,2,3,1,231
14765.0,30,3,254.11,3,3,1,331
15689.0,120,2,254.1,2,3,1,231
12797.0,366,1,254.03,1,1,1,111
15759.0,219,3,253.04,1,3,1,131
17860.0,369,1,252.8,1,1,1,111
15035.0,90,1,252.73,2,1,1,211
13404.0,2,2,252.49,4,3,1,431
15346.0,333,1,252.42,1,1,1,111
13645.0,121,1,252.1,2,1,1,211
13711.0,219,2,252.06,1,3,1,131
16330.0,18,3,251.91,4,3,1,431
16836.0,40,2,251.87,3,3,1,331
17155.0,18,2,251.7,4,3,1,431
16976.0,268,1,251.52,1,1,1,111
16024.0,13,1,251.24,4,1,1,411
13512.0,261,1,251.21,1,1,1,111
14501.0,184,2,251.21,1,3,1,131
13207.0,16,2,250.26,4,3,1,431
16596.0,16,2,250.15,4,3,1,431
17303.0,362,1,250.04,1,1,1,111
15510.0,331,1,250.0,1,1,1,111
17456.0,366,1,249.86,1,1,1,111
18005.0,4,2,249.72,4,3,1,431
16124.0,318,1,249.0,1,1,1,111
17111.0,48,1,248.61,3,1,1,311
13061.0,73,1,248.61,2,1,1,211
18212.0,327,1,248.42,1,1,1,111
16510.0,373,1,248.1,1,1,1,111
15097.0,5,1,248.08,4,1,1,411
13592.0,36,4,247.96,3,3,1,331
18072.0,186,1,247.44,1,1,1,111
13349.0,11,1,247.32,4,1,1,411
14658.0,6,2,247.15,4,3,1,431
17051.0,195,1,247.14,1,1,1,111
15783.0,11,1,246.3,4,1,1,411
17278.0,242,1,246.04,1,1,1,111
16778.0,75,2,245.94,2,3,1,231
17771.0,57,2,245.81,2,3,1,231
12660.0,12,1,245.1,4,1,1,411
16601.0,41,1,244.8,3,1,1,311
15118.0,135,1,244.8,2,1,1,211
16528.0,4,1,244.41,4,1,1,411
17892.0,57,3,244.1,2,3,1,231
17925.0,373,1,244.08,1,1,1,111
13103.0,40,1,243.94,3,1,1,311
16793.0,58,1,243.84,2,1,1,211
18193.0,166,1,243.76,1,1,1,111
13886.0,72,1,243.56,2,1,1,211
15634.0,18,1,243.55,4,1,1,411
17339.0,95,2,243.36,2,3,1,231
17908.0,374,1,243.28,1,1,1,111
14647.0,202,1,243.22,1,1,1,111
16215.0,81,1,242.35,2,1,1,211
15776.0,134,1,241.62,2,1,1,211
14523.0,109,1,241.09,2,1,1,211
16427.0,264,2,241.06,1,3,1,131
15598.0,54,1,240.68,2,1,1,211
15286.0,50,1,240.55,3,1,1,311
13565.0,20,2,240.22,3,3,1,331
17256.0,108,2,240.0,2,3,1,231
17181.0,58,2,239.92,2,3,1,231
15690.0,5,2,239.76,4,3,1,431
13570.0,244,1,239.49,1,1,1,111
17684.0,44,1,239.41,3,1,1,311
16756.0,215,1,239.4,1,1,1,111
12561.0,303,1,238.85,1,1,1,111
15850.0,20,2,238.85,3,3,1,331
12718.0,72,1,238.25,2,1,1,211
17877.0,171,1,237.61,1,1,1,111
14586.0,277,1,237.36,1,1,1,111
15457.0,263,1,237.07,1,1,1,111
18110.0,20,1,236.3,3,1,1,311
12732.0,180,1,236.26,1,1,1,111
16026.0,44,1,236.09,3,1,1,311
13187.0,338,1,236.02,1,1,1,111
15462.0,95,3,234.6,2,3,1,231
14473.0,75,2,234.34,2,3,1,231
17060.0,267,1,234.24,1,1,1,111
16961.0,117,1,234.17,2,1,1,211
12736.0,333,1,234.0,1,1,1,111
15483.0,162,4,233.81,1,3,1,131
13348.0,65,1,233.76,2,1,1,211
16583.0,374,1,233.45,1,1,1,111
14995.0,39,2,233.23,3,3,1,331
16302.0,127,1,233.22,2,1,1,211
13678.0,152,1,232.6,1,1,1,111
18213.0,237,1,232.48,1,1,1,111
16117.0,190,1,232.21,1,1,1,111
15393.0,17,2,231.86,4,3,1,431
16641.0,106,1,231.1,2,1,1,211
18030.0,5,2,230.65,4,3,1,431
15866.0,102,1,230.53,2,1,1,211
16445.0,34,1,230.51,3,1,1,311
13786.0,368,1,230.4,1,1,1,111
16926.0,372,1,230.25,1,1,1,111
13960.0,22,2,230.22,3,3,1,331
12812.0,45,1,229.64,3,1,1,311
13474.0,237,1,229.59,1,1,1,111
13008.0,324,1,229.47,1,1,1,111
15528.0,255,1,229.33,1,1,1,111
14793.0,22,1,228.99,3,1,1,311
17347.0,87,1,228.96,2,1,1,211
13146.0,27,1,228.91,3,1,1,311
13712.0,247,1,228.84,1,1,1,111
13070.0,193,1,228.8,1,1,1,111
17969.0,167,2,228.2,1,3,1,131
16527.0,82,1,228.06,2,1,1,211
14569.0,2,1,227.39,4,1,1,411
17212.0,254,1,226.85,1,1,1,111
17572.0,72,4,226.75,2,3,1,231
16315.0,331,1,226.37,1,1,1,111
16777.0,81,2,226.35,2,3,1,231
16619.0,264,1,226.21,1,1,1,111
12672.0,330,1,225.9,1,1,1,111
17789.0,282,1,225.9,1,1,1,111
14624.0,58,2,225.85,2,3,1,231
14357.0,44,1,225.77,3,1,1,311
12402.0,324,1,225.6,1,1,1,111
16690.0,73,2,225.58,2,3,1,231
14052.0,20,1,225.36,3,1,1,311
16587.0,233,1,225.15,1,1,1,111
17171.0,290,1,224.91,1,1,1,111
15175.0,72,1,224.14,2,1,1,211
16471.0,275,1,223.95,1,1,1,111
16753.0,59,1,223.92,2,1,1,211
14929.0,33,1,223.88,3,1,1,311
13926.0,24,1,223.85,3,1,1,311
18101.0,12,2,223.65,4,3,1,431
15637.0,53,1,223.36,2,1,1,211
17534.0,54,1,223.36,2,1,1,211
13382.0,281,1,222.99,1,1,1,111
15897.0,195,2,222.05,1,3,1,131
14598.0,45,1,221.97,3,1,1,311
14960.0,9,2,221.27,4,3,1,431
16392.0,270,1,221.19,1,1,1,111
13419.0,64,1,221.06,2,1,1,211
15790.0,11,1,220.85,4,1,1,411
16482.0,16,1,220.62,4,1,1,411
13079.0,5,5,220.1,4,4,1,441
18114.0,291,1,220.1,1,1,1,111
13600.0,313,1,219.52,1,1,1,111
15096.0,43,1,219.39,3,1,1,311
16895.0,65,1,219.14,2,1,1,211
12702.0,20,1,219.0,3,1,1,311
13669.0,51,2,218.55,3,3,1,331
17619.0,313,1,218.52,1,1,1,111
13428.0,11,1,218.47,4,1,1,411
12574.0,316,1,218.45,1,1,1,111
15724.0,202,2,218.25,1,3,1,131
14570.0,281,2,218.06,1,3,1,131
16634.0,223,2,217.9,1,3,1,131
13271.0,38,1,217.38,3,1,1,311
15554.0,278,1,217.2,1,1,1,111
16080.0,82,2,217.16,2,3,1,231
13739.0,19,1,216.9,3,1,1,311
13503.0,72,1,216.85,2,1,1,211
15460.0,355,1,216.76,1,1,1,111
12897.0,205,2,216.5,1,3,1,131
15604.0,53,1,216.39,2,1,1,211
17436.0,2,2,216.3,4,3,1,431
14104.0,155,2,216.21,1,3,1,131
13858.0,58,1,216.17,2,1,1,211
16179.0,61,1,215.83,2,1,1,211
15052.0,320,1,215.78,1,1,1,111
17580.0,253,3,215.72,1,3,1,131
14476.0,258,1,215.7,1,1,1,111
16189.0,16,2,215.48,4,3,1,431
16190.0,41,1,215.08,3,1,1,311
16519.0,26,2,215.08,3,3,1,331
12831.0,263,1,215.05,1,1,1,111
12588.0,40,1,214.9,3,1,1,311
16338.0,158,1,214.8,1,1,1,111
16411.0,20,2,214.65,3,3,1,331
16846.0,51,1,214.32,3,1,1,311
16647.0,170,2,214.06,1,3,1,131
14601.0,11,1,213.96,4,1,1,411
13621.0,117,1,213.85,2,1,1,211
17153.0,25,1,213.78,3,1,1,311
14241.0,184,1,213.7,1,1,1,111
13411.0,108,1,213.55,2,1,1,211
16591.0,69,1,213.5,2,1,1,211
15540.0,12,1,213.3,4,1,1,411
14984.0,20,2,213.27,3,3,1,331
17928.0,46,2,212.54,3,3,1,331
16017.0,48,1,211.88,3,1,1,311
16356.0,198,3,211.77,1,3,1,131
15703.0,265,1,211.5,1,1,1,111
12995.0,86,1,211.32,2,1,1,211
16415.0,45,1,210.35,3,1,1,311
13532.0,34,1,210.31,3,1,1,311
13828.0,23,1,209.49,3,1,1,311
17855.0,373,1,208.97,1,1,1,111
15327.0,53,1,208.75,2,1,1,211
17514.0,129,1,208.65,2,1,1,211
16914.0,37,1,208.46,3,1,1,311
16457.0,219,1,208.36,1,1,1,111
12547.0,198,2,207.8,1,3,1,131
18191.0,262,1,207.8,1,1,1,111
16866.0,141,3,207.74,2,3,1,231
17923.0,283,1,207.5,1,1,1,111
16752.0,373,1,207.5,1,1,1,111
16323.0,197,1,207.5,1,1,1,111
13099.0,100,1,207.36,2,1,1,211
15925.0,195,1,207.15,1,1,1,111
15820.0,320,1,206.98,1,1,1,111
18126.0,61,1,206.83,2,1,1,211
17166.0,39,2,206.34,3,3,1,331
14964.0,248,1,206.21,1,1,1,111
13065.0,374,1,205.86,1,1,1,111
17670.0,228,1,205.7,1,1,1,111
17843.0,304,1,205.48,1,1,1,111
15307.0,96,1,205.3,2,1,1,211
15758.0,25,1,205.25,3,1,1,311
13513.0,127,1,205.1,2,1,1,211
15319.0,284,1,204.5,1,1,1,111
17206.0,54,1,204.24,2,1,1,211
18273.0,3,3,204.0,4,3,1,431
13017.0,8,1,204.0,4,1,1,411
17187.0,227,1,203.95,1,1,1,111
17394.0,220,1,203.87,1,1,1,111
17889.0,213,2,203.87,1,3,1,131
17891.0,163,1,203.86,1,1,1,111
17376.0,71,2,203.2,2,3,1,231
15723.0,365,1,203.1,1,1,1,111
14381.0,53,1,202.68,2,1,1,211
18169.0,61,1,202.65,2,1,1,211
14385.0,10,3,202.11,4,3,1,431
15347.0,367,1,201.6,1,1,1,111
13295.0,360,1,201.2,1,1,1,111
16965.0,227,1,201.19,1,1,1,111
13284.0,331,1,201.19,1,1,1,111
13859.0,327,1,201.16,1,1,1,111
17988.0,12,7,201.12,4,4,1,441
17693.0,138,1,200.47,2,1,1,211
13262.0,264,1,200.29,1,1,1,111
15437.0,263,1,200.16,1,1,1,111
13980.0,61,1,200.14,2,1,1,211
14782.0,320,1,200.1,1,1,1,111
13723.0,218,1,199.85,1,1,1,111
15593.0,71,1,199.8,2,1,1,211
13322.0,18,1,199.48,4,1,1,411
17383.0,5,1,199.29,4,1,1,411
16832.0,185,3,199.15,1,3,1,131
17987.0,186,1,198.57,1,1,1,111
16178.0,139,1,197.9,2,1,1,211
12450.0,157,2,197.88,1,3,1,131
12581.0,40,1,197.71,3,1,1,311
14185.0,332,1,197.65,1,1,1,111
14789.0,29,1,197.64,3,1,1,311
17301.0,22,1,197.63,3,1,1,311
16829.0,157,1,197.22,1,1,1,111
14830.0,54,1,197.13,2,1,1,211
15234.0,277,1,197.0,1,1,1,111
12586.0,18,1,196.94,4,1,1,411
13436.0,2,1,196.89,4,1,1,411
15746.0,135,1,196.88,2,1,1,211
13978.0,15,2,196.79,4,3,1,431
17660.0,142,1,196.0,2,1,1,211
16112.0,144,4,195.74,1,3,1,131
13792.0,67,2,195.55,2,3,1,231
17010.0,19,1,195.36,3,1,1,311
14666.0,25,1,195.25,3,1,1,311
15612.0,37,2,195.15,3,3,1,331
14100.0,138,1,194.9,2,1,1,211
16887.0,36,1,194.88,3,1,1,311
14087.0,3,1,194.42,4,1,1,411
17475.0,80,1,194.37,2,1,1,211
15683.0,118,1,193.75,2,1,1,211
15198.0,93,2,193.64,2,3,1,231
17343.0,356,1,193.64,1,1,1,111
16847.0,44,1,193.44,3,1,1,311
17608.0,34,2,193.42,3,3,1,331
14806.0,76,1,193.39,2,1,1,211
14801.0,62,1,193.14,2,1,1,211
13568.0,174,1,192.85,1,1,1,111
12522.0,40,2,192.72,3,3,1,331
14768.0,18,2,192.6,4,3,1,431
12791.0,374,1,192.6,1,1,1,111
15909.0,174,1,191.94,1,1,1,111
17904.0,22,1,191.67,3,1,1,311
14966.0,15,1,191.32,4,1,1,411
15692.0,29,1,191.04,3,1,1,311
17233.0,36,1,190.88,3,1,1,311
13033.0,358,1,190.55,1,1,1,111
15412.0,172,1,190.53,1,1,1,111
13972.0,71,2,190.25,2,3,1,231
17885.0,13,1,190.19,4,1,1,411
12361.0,288,1,189.9,1,1,1,111
13826.0,177,1,189.5,1,1,1,111
13663.0,180,1,189.47,1,1,1,111
18045.0,46,1,189.4,3,1,1,311
16448.0,199,1,188.89,1,1,1,111
14697.0,219,2,188.61,1,3,1,131
12893.0,31,1,188.14,3,1,1,311
17781.0,160,2,188.02,1,3,1,131
14722.0,148,1,187.92,1,1,1,111
17279.0,58,1,187.83,2,1,1,211
18013.0,156,2,187.29,1,3,1,131
17440.0,157,3,186.42,1,3,1,131
13672.0,302,2,186.39,1,3,1,131
14551.0,19,2,186.23,3,3,1,331
15567.0,19,1,186.01,3,1,1,311
12641.0,116,1,185.9,2,1,1,211
17574.0,243,1,185.65,1,1,1,111
14199.0,219,1,185.4,1,1,1,111
16097.0,241,1,185.05,1,1,1,111
13482.0,233,1,184.64,1,1,1,111
17680.0,24,1,184.4,3,1,1,311
16433.0,29,1,184.26,3,1,1,311
15124.0,23,2,184.19,3,3,1,331
14326.0,243,1,183.85,1,1,1,111
16680.0,44,1,183.7,3,1,1,311
14059.0,267,1,183.6,1,1,1,111
13460.0,30,2,183.44,3,3,1,331
13059.0,250,1,183.4,1,1,1,111
17772.0,11,2,182.77,4,3,1,431
14082.0,365,1,182.25,1,1,1,111
18119.0,368,1,181.12,1,1,1,111
16594.0,76,1,181.09,2,1,1,211
15886.0,61,1,181.09,2,1,1,211
15945.0,366,1,181.0,1,1,1,111
15292.0,202,1,180.94,1,1,1,111
16835.0,129,2,180.85,2,3,1,231
18280.0,278,1,180.6,1,1,1,111
13710.0,32,1,180.48,3,1,1,311
15041.0,171,1,180.35,1,1,1,111
13598.0,48,1,180.17,3,1,1,311
12622.0,233,1,180.1,1,1,1,111
18147.0,46,2,179.34,3,3,1,331
15895.0,150,1,179.17,1,1,1,111
15454.0,363,1,179.1,1,1,1,111
16990.0,219,1,179.0,1,1,1,111
14705.0,199,1,179.0,1,1,1,111
16620.0,4,2,178.96,4,3,1,431
15139.0,240,2,178.95999999999998,1,3,1,131
15262.0,324,1,178.95,1,1,1,111
13778.0,104,1,178.7,2,1,1,211
17879.0,174,1,178.52,1,1,1,111
17253.0,19,1,178.26,3,1,1,311
17356.0,312,1,178.22,1,1,1,111
18282.0,8,2,178.05,4,3,1,431
16403.0,313,1,177.5,1,1,1,111
13618.0,174,1,177.34,1,1,1,111
12618.0,22,1,177.31,3,1,1,311
13072.0,267,1,177.15,1,1,1,111
12923.0,65,1,176.97,2,1,1,211
17947.0,38,1,176.68,3,1,1,311
14287.0,9,3,176.63,4,3,1,431
12509.0,285,1,176.5,1,1,1,111
18274.0,31,1,175.92,3,1,1,311
17582.0,237,1,175.27,1,1,1,111
17331.0,124,1,175.2,2,1,1,211
16144.0,247,1,175.2,1,1,1,111
18010.0,257,1,174.8,1,1,1,111
14355.0,366,1,174.4,1,1,1,111
13560.0,8,1,174.37,4,1,1,411
14518.0,65,1,174.37,2,1,1,211
15335.0,54,1,173.97,2,1,1,211
18278.0,74,1,173.9,2,1,1,211
16861.0,60,2,173.76,2,3,1,231
14798.0,53,3,173.74,2,3,1,231
16565.0,365,1,173.7,1,1,1,111
12441.0,367,1,173.55,1,1,1,111
15565.0,51,2,173.16,3,3,1,331
15670.0,297,1,173.05,1,1,1,111
14693.0,265,1,172.9,1,1,1,111
18048.0,204,2,172.29,1,3,1,131
13690.0,60,1,172.25,2,1,1,211
13922.0,352,1,172.25,1,1,1,111
12442.0,4,1,172.06,4,1,1,411
14536.0,260,1,171.8,1,1,1,111
16773.0,58,1,171.59,2,1,1,211
17245.0,205,1,171.45000000000002,1,1,1,111
15432.0,24,1,171.19,3,1,1,311
17542.0,270,1,170.75,1,1,1,111
14860.0,20,1,170.32,3,1,1,311
18058.0,10,1,170.16,4,1,1,411
15016.0,173,1,170.04,1,1,1,111
16921.0,62,1,169.79,2,1,1,211
13962.0,22,2,169.54999999999998,3,3,1,331
14218.0,43,1,169.48,3,1,1,311
18004.0,363,1,169.47,1,1,1,111
12367.0,5,1,168.9,4,1,1,411
14578.0,4,1,168.63,4,1,1,411
18269.0,367,1,168.6,1,1,1,111
17367.0,239,1,168.4,1,1,1,111
15888.0,81,1,168.31,2,1,1,211
18099.0,128,1,168.31,2,1,1,211
16282.0,340,1,168.3,1,1,1,111
17737.0,10,2,168.24,4,3,1,431
15986.0,31,1,168.12,3,1,1,311
15374.0,129,1,168.0,2,1,1,211
12551.0,358,1,168.0,1,1,1,111
18088.0,62,1,167.67,2,1,1,211
17561.0,20,1,167.62,3,1,1,311
16952.0,110,2,167.61,2,3,1,231
15920.0,155,4,167.5,1,3,1,131
16405.0,303,2,167.25,1,3,1,131
18014.0,29,1,166.42,3,1,1,311
14295.0,41,1,166.2,3,1,1,311
17650.0,22,1,166.07999999999998,3,1,1,311
12817.0,282,1,166.04,1,1,1,111
14485.0,39,1,165.75,3,1,1,311
14552.0,152,1,165.07,1,1,1,111
18042.0,54,1,165.05,2,1,1,211
15316.0,327,1,165.0,1,1,1,111
13470.0,100,2,165.0,2,3,1,231
15904.0,9,1,164.68,4,1,1,411
17535.0,281,1,164.4,1,1,1,111
13603.0,27,1,164.34,3,1,1,311
12920.0,18,1,164.23,4,1,1,411
18200.0,107,1,163.8,2,1,1,211
14354.0,6,2,163.62,4,3,1,431
17110.0,166,1,163.29999999999998,1,1,1,111
13223.0,201,2,163.2,1,3,1,131
16406.0,19,1,163.07,3,1,1,311
15167.0,321,1,163.0,1,1,1,111
16517.0,278,1,162.70000000000002,1,1,1,111
15733.0,283,1,162.3,1,1,1,111
15325.0,104,1,162.29,2,1,1,211
16932.0,54,1,161.94,2,1,1,211
17600.0,18,1,161.67,4,1,1,411
15458.0,26,1,161.64,3,1,1,311
16113.0,184,1,161.38,1,1,1,111
14362.0,23,1,161.2,3,1,1,311
14204.0,3,1,161.03,4,1,1,411
14089.0,57,1,161.0,2,1,1,211
14237.0,374,1,161.0,1,1,1,111
13229.0,226,1,160.95,1,1,1,111
15852.0,187,2,160.71,1,3,1,131
17344.0,47,1,160.57,3,1,1,311
12573.0,228,1,160.54,1,1,1,111
18203.0,158,1,160.42000000000002,1,1,1,111
18146.0,141,2,160.35,2,3,1,231
14714.0,25,1,160.19,3,2,1,321
12966.0,10,1,160.18,4,2,1,421
13420.0,150,2,159.85,1,3,1,131
16213.0,79,1,159.0,2,2,1,221
18224.0,264,1,158.95,1,2,1,121
13937.0,170,1,158.85,1,2,1,121
17165.0,285,1,158.68,1,2,1,121
15160.0,358,1,158.16,1,2,1,121
15348.0,73,1,158.04,2,2,1,221
15988.0,20,1,158.03,3,2,1,321
17556.0,206,1,157.9,1,2,1,121
14799.0,52,1,157.7,2,2,1,221
14148.0,234,1,157.2,1,2,1,121
17128.0,335,1,157.09,1,2,1,121
14585.0,51,1,157.05,3,2,1,321
17118.0,318,1,157.02,1,2,1,121
15007.0,160,1,156.91,1,2,1,121
14406.0,120,1,156.75,2,2,1,221
15438.0,132,1,156.57999999999998,2,2,1,221
15263.0,107,1,156.51,2,2,1,221
13898.0,326,1,155.93,1,2,1,121
17871.0,205,1,155.9,1,2,1,121
17899.0,160,1,155.8,1,2,1,121
14813.0,370,2,155.43,1,3,1,131
17832.0,50,1,155.37,3,2,1,321
12738.0,373,1,155.35,1,2,1,121
16720.0,27,1,155.24,3,2,1,321
15447.0,331,1,155.17,1,2,1,121
13809.0,306,1,155.05,1,2,1,121
14368.0,320,1,155.0,1,2,1,121
14046.0,285,1,154.99,1,2,1,121
17698.0,261,1,154.95,1,2,1,121
15740.0,50,1,154.88,3,2,1,321
17026.0,186,2,154.83,1,3,1,131
15226.0,311,1,154.41,1,2,1,121
17517.0,309,1,153.94,1,2,1,121
17286.0,22,1,153.92,3,2,1,321
16351.0,333,1,153.9,1,2,1,121
12602.0,59,1,153.12,2,2,1,221
17714.0,321,1,153.0,1,2,1,121
16248.0,62,1,152.94,2,2,1,221
17984.0,146,1,152.68,1,2,1,121
18138.0,296,1,152.65,1,2,1,121
14066.0,267,1,152.55,1,2,1,121
17707.0,186,2,152.4,1,3,1,131
14039.0,34,1,152.2,3,2,1,321
13514.0,74,1,152.2,2,2,1,221
17898.0,86,2,152.06,2,3,1,231
16617.0,236,1,151.85,1,2,1,121
16412.0,54,1,151.83,2,2,1,221
14208.0,95,1,151.74,2,2,1,221
13462.0,253,1,151.5,1,2,1,121
16461.0,178,1,151.42,1,2,1,121
13697.0,39,1,151.3,3,2,1,321
16337.0,37,1,151.05,3,2,1,321
14073.0,33,1,151.04,3,2,1,321
15717.0,235,1,150.3,1,2,1,121
17234.0,183,1,149.89,1,2,1,121
15869.0,278,2,149.64,1,3,1,131
17946.0,234,2,149.57999999999998,1,3,1,131
18262.0,141,1,149.48,2,2,1,221
15748.0,41,1,149.31,3,2,1,321
15435.0,23,1,149.29,3,2,1,321
13003.0,106,3,149.05,2,3,1,231
17549.0,24,2,148.86,3,3,1,331
15526.0,34,2,148.44,3,3,1,331
17859.0,305,1,148.21,1,2,1,121
14968.0,31,1,147.59,3,2,1,321
14098.0,37,1,147.35,3,2,1,321
14037.0,177,2,147.2,1,3,1,131
12864.0,139,1,147.12,2,2,1,221
15503.0,363,1,147.09,1,2,1,121
17030.0,64,1,146.87,2,2,1,221
14238.0,327,1,146.85,1,2,1,121
16893.0,367,1,145.93,1,2,1,121
12565.0,289,1,145.92,1,2,1,121
17935.0,139,2,145.79,2,3,1,231
13866.0,75,1,145.67,2,2,1,221
15937.0,65,1,145.35,2,2,1,221
16598.0,286,1,145.05,1,2,1,121
17524.0,362,1,145.0,1,2,1,121
16852.0,11,2,144.91,4,3,1,431
12974.0,198,1,144.8,1,2,1,121
14109.0,73,1,144.2,2,2,1,221
12587.0,8,1,144.0,4,2,1,421
17186.0,47,2,144.0,3,3,1,331
17578.0,219,1,143.45999999999998,1,2,1,121
15705.0,202,1,143.1,1,2,1,121
16287.0,170,1,142.5,1,2,1,121
13299.0,269,1,142.5,1,2,1,121
14386.0,297,1,142.4,1,2,1,121
13584.0,307,1,142.4,1,2,1,121
13561.0,216,1,141.86,1,2,1,121
14041.0,267,1,141.41,1,2,1,121
15388.0,271,1,140.54,1,2,1,121
13483.0,66,1,140.34,2,2,1,221
14494.0,26,1,139.56,3,2,1,321
17718.0,233,1,139.35,1,2,1,121
16483.0,193,1,139.35,1,2,1,121
14772.0,113,1,139.26,2,2,1,221
18209.0,29,1,139.1,3,2,1,321
15135.0,240,1,139.05,1,2,1,121
13273.0,114,1,138.98,2,2,1,221
12902.0,265,1,138.68,1,2,1,121
14581.0,17,1,138.6,4,2,1,421
17122.0,120,1,138.32,2,2,1,221
13716.0,270,1,138.28,1,2,1,121
15663.0,107,1,138.14,2,2,1,221
12512.0,67,2,138.03,2,3,1,231
16050.0,174,1,137.9,1,2,1,121
13279.0,79,1,137.75,2,2,1,221
17709.0,170,1,137.45,1,2,1,121
15836.0,51,1,137.37,3,2,1,321
14483.0,282,1,137.1,1,2,1,121
17468.0,11,2,137.0,4,3,1,431
15691.0,253,1,136.8,1,2,1,121
14247.0,279,1,136.77,1,2,1,121
17972.0,242,1,136.04,1,2,1,121
16462.0,74,3,136.0,2,3,1,231
12968.0,113,1,135.95,2,2,1,221
15042.0,200,1,135.93,1,2,1,121
14889.0,337,1,135.9,1,2,1,121
15419.0,25,1,135.86,3,2,1,321
16114.0,171,1,135.75,1,2,1,121
15174.0,323,1,135.75,1,2,1,121
16665.0,363,1,135.4,1,2,1,121
15276.0,67,1,135.31,2,2,1,221
12851.0,97,1,135.18,2,2,1,221
13364.0,72,1,134.96,2,2,1,221
16055.0,221,1,134.8,1,2,1,121
14340.0,219,1,134.7,1,2,1,121
15562.0,352,1,134.55,1,2,1,121
14174.0,34,1,134.46,3,2,1,321
12837.0,174,1,134.1,1,2,1,121
14280.0,197,1,134.04,1,2,1,121
16424.0,192,1,133.56,1,2,1,121
14349.0,11,1,133.5,4,2,1,421
12445.0,23,1,133.4,3,2,1,321
17881.0,305,1,133.35,1,2,1,121
15709.0,284,1,133.25,1,2,1,121
17647.0,66,1,133.06,2,2,1,221
17785.0,54,1,131.94,2,2,1,221
14438.0,307,1,131.9,1,2,1,121
17297.0,18,1,131.78,4,2,1,421
17455.0,204,1,131.7,1,2,1,121
14795.0,167,1,131.45000000000002,1,2,1,121
15844.0,47,1,130.74,3,2,1,321
16679.0,367,1,129.75,1,2,1,121
16611.0,187,1,129.49,1,2,1,121
16623.0,246,1,129.45,1,2,1,121
16828.0,94,2,128.5,2,3,1,231
15543.0,289,1,127.86,1,2,1,121
17359.0,12,1,127.86,4,2,1,421
13781.0,251,1,127.84,1,2,1,121
15578.0,163,1,127.1,1,2,1,121
15923.0,373,1,127.08,1,2,1,121
14962.0,271,1,126.7,1,2,1,121
16414.0,22,2,126.25,3,3,1,331
15463.0,30,1,126.14,3,2,1,321
16988.0,6,1,126.12,4,2,1,421
12814.0,102,1,125.92,2,2,1,221
13522.0,31,1,125.8,3,2,1,321
14861.0,53,1,125.79,2,2,1,221
14890.0,254,1,125.65,1,2,1,121
15017.0,34,1,125.58,3,2,1,321
12531.0,15,1,125.22,4,2,1,421
17148.0,52,1,124.88,2,2,1,221
16849.0,187,1,124.57,1,2,1,121
16569.0,4,1,124.2,4,2,1,421
14495.0,51,2,123.8,3,3,1,331
16658.0,369,1,123.24,1,2,1,121
15917.0,248,1,123.1,1,2,1,121
17967.0,372,1,123.07,1,2,1,121
13519.0,79,1,122.75,2,2,1,221
13876.0,64,1,122.7,2,2,1,221
14413.0,363,1,122.7,1,2,1,121
13638.0,16,1,122.64,4,2,1,421
14165.0,276,1,122.54,1,2,1,121
14076.0,130,1,122.47,2,2,1,221
16073.0,298,1,122.4,1,2,1,121
18018.0,109,2,122.14,2,3,1,231
13244.0,93,1,121.74,2,2,1,221
13182.0,46,1,121.18,3,2,1,321
15049.0,274,1,121.17000000000002,1,2,1,121
15512.0,156,2,121.0,1,3,1,131
13002.0,319,1,120.95,1,2,1,121
17446.0,177,2,120.9,1,3,1,131
18015.0,5,1,120.03,4,2,1,421
14314.0,107,1,120.0,2,2,1,221
14259.0,142,1,120.0,2,2,1,221
14453.0,191,1,119.93,1,2,1,121
16542.0,54,1,119.62,2,2,1,221
15266.0,339,1,119.3,1,2,1,121
16666.0,20,1,118.98,3,2,1,321
15843.0,304,1,118.95,1,2,1,121
17079.0,79,1,118.8,2,2,1,221
14155.0,267,1,118.75,1,2,1,121
13581.0,310,1,118.0,1,2,1,121
13193.0,62,1,117.88,2,2,1,221
12929.0,312,1,117.85,1,2,1,121
17654.0,278,1,117.55,1,2,1,121
16959.0,88,1,117.35,2,2,1,221
13877.0,87,1,117.24,2,2,1,221
17117.0,289,1,116.2,1,2,1,121
13170.0,27,1,116.01,3,2,1,321
17601.0,240,1,116.01,1,2,1,121
14143.0,134,1,115.8,2,2,1,221
15350.0,374,1,115.65,1,2,1,121
13067.0,83,1,115.46,2,2,1,221
18027.0,99,1,115.31,2,2,1,221
14972.0,129,1,114.77,2,2,1,221
13188.0,12,1,114.6,4,2,1,421
14632.0,263,1,114.56,1,2,1,121
16247.0,171,1,114.56,1,2,1,121
14974.0,38,1,114.39,3,2,1,321
17852.0,12,2,114.34,4,3,1,431
17219.0,32,1,114.23,3,2,1,321
14652.0,78,1,114.18,2,2,1,221
12938.0,26,1,114.14,3,2,1,321
14582.0,41,1,114.11,3,2,1,321
12651.0,335,1,114.0,1,2,1,121
14457.0,311,1,113.64,1,2,1,121
15445.0,265,1,113.5,1,2,1,121
17217.0,235,1,113.5,1,2,1,121
18105.0,38,1,113.48,3,2,1,321
16913.0,291,1,113.44,1,2,1,121
15280.0,173,1,113.12,1,2,1,121
14689.0,209,1,112.8,1,2,1,121
13161.0,314,1,112.75,1,2,1,121
16697.0,242,1,112.75,1,2,1,121
13807.0,368,1,112.6,1,2,1,121
18129.0,244,1,112.55,1,2,1,121
15610.0,52,1,112.46,2,2,1,221
17038.0,31,1,112.4,3,2,1,321
14271.0,226,1,112.32,1,2,1,121
17893.0,226,1,112.25,1,2,1,121
17900.0,191,2,112.2,1,3,1,131
12756.0,87,1,112.08,2,2,1,221
17274.0,36,1,111.98,3,2,1,321
17957.0,67,1,111.68,2,2,1,221
17887.0,130,1,111.35,2,2,1,221
18120.0,215,1,111.15,1,2,1,121
13508.0,244,1,110.97,1,2,1,121
13144.0,333,1,110.95,1,2,1,121
15537.0,164,1,110.92,1,2,1,121
15853.0,52,1,110.8,2,2,1,221
17349.0,180,1,110.75,1,2,1,121
16963.0,188,1,110.55,1,2,1,121
14641.0,22,1,110.46,3,2,1,321
12734.0,353,1,110.4,1,2,1,121
18277.0,59,1,110.38,2,2,1,221
17901.0,30,1,110.38,3,2,1,321
16792.0,283,2,110.38,1,3,1,131
17746.0,241,1,110.25,1,2,1,121
17836.0,48,1,110.21,3,2,1,321
16339.0,285,1,109.95,1,2,1,121
13133.0,274,2,109.8,1,3,1,131
16363.0,54,1,109.36,2,2,1,221
14699.0,215,1,109.13,1,2,1,121
14345.0,39,1,108.98,3,2,1,321
17639.0,277,1,108.5,1,2,1,121
16106.0,66,1,108.38,2,2,1,221
13226.0,274,1,108.21,1,2,1,121
12956.0,307,1,108.07,1,2,1,121
14661.0,27,1,107.95,3,2,1,321
16784.0,20,1,107.6,3,2,1,321
15395.0,326,1,107.45,1,2,1,121
16757.0,319,1,106.83,1,2,1,121
15168.0,26,1,106.56,3,2,1,321
15070.0,373,1,106.2,1,2,1,121
17791.0,30,1,106.1,3,2,1,321
16581.0,183,1,105.84,1,2,1,121
15775.0,246,1,104.9,1,2,1,121
14027.0,61,1,104.82,2,2,1,221
15607.0,337,1,104.76,1,2,1,121
15958.0,75,1,104.35,2,2,1,221
18174.0,8,1,104.0,4,2,1,421
18255.0,90,1,103.3,2,2,1,221
17548.0,234,1,103.3,1,2,1,121
14542.0,186,1,103.25,1,2,1,121
17962.0,143,1,102.83,1,2,1,121
18011.0,374,1,102.79,1,2,1,121
14836.0,11,3,102.45,4,3,1,431
14981.0,247,1,102.12,1,2,1,121
13948.0,361,1,102.0,1,2,1,121
15212.0,242,1,101.8,1,2,1,121
18068.0,290,1,101.7,1,2,1,121
16516.0,31,1,101.7,3,2,1,321
17643.0,374,1,101.55,1,2,1,121
16006.0,212,1,101.4,1,2,1,121
18086.0,275,1,101.34,1,2,1,121
13101.0,235,1,101.19,1,2,1,121
16344.0,159,1,101.1,1,2,1,121
16498.0,162,2,100.97,1,3,1,131
14946.0,15,1,100.9,4,2,1,421
17427.0,72,1,100.8,2,2,1,221
14371.0,296,1,100.5,1,2,1,121
13703.0,319,1,99.5,1,2,1,121
17939.0,160,1,99.14,1,2,1,121
15256.0,149,1,98.45,1,2,1,121
17538.0,26,1,98.42,3,2,1,321
17895.0,45,1,98.0,3,2,1,321
18033.0,66,1,97.97,2,2,1,221
15422.0,324,2,97.7,1,3,1,131
12984.0,19,1,97.5,3,2,1,321
17325.0,281,1,96.8,1,2,1,121
15216.0,88,1,96.6,2,2,1,221
14642.0,59,1,96.12,2,2,1,221
17024.0,46,3,95.85,3,3,1,331
18249.0,18,1,95.34,4,2,1,421
12548.0,167,1,95.2,1,2,1,121
16387.0,323,1,94.36,1,2,1,121
13651.0,36,2,94.2,3,3,1,331
15397.0,290,1,94.0,1,2,1,121
15428.0,16,1,93.78,4,2,1,421
18227.0,218,1,93.75,1,2,1,121
13283.0,60,2,93.66,2,3,1,231
17991.0,226,2,93.35,1,3,1,131
12821.0,215,1,92.72,1,2,1,121
14054.0,66,1,92.46,2,2,1,221
12789.0,66,1,91.85,2,2,1,221
13551.0,320,1,91.8,1,2,1,121
13160.0,23,1,91.8,3,2,1,321
12659.0,30,1,91.68,3,2,1,321
15488.0,93,1,91.32,2,2,1,221
13947.0,66,1,90.6,2,2,1,221
14353.0,216,1,90.6,1,2,1,121
18084.0,17,1,90.48,4,2,1,421
16506.0,20,2,90.3,3,3,1,331
15552.0,218,1,90.12,1,2,1,121
16597.0,5,1,90.03999999999999,4,2,1,421
14117.0,144,1,90.0,1,2,1,121
14219.0,5,1,89.94,4,2,1,421
14760.0,298,1,89.2,1,2,1,121
12686.0,372,1,89.14,1,2,1,121
14436.0,99,1,89.06,2,2,1,221
12353.0,205,1,89.0,1,2,1,121
15083.0,257,1,88.2,1,2,1,121
15180.0,368,1,87.5,1,2,1,121
13296.0,138,1,87.4,2,2,1,221
15541.0,115,1,85.13,2,2,1,221
13841.0,253,1,85.0,1,2,1,121
15729.0,213,1,85.0,1,2,1,121
13666.0,61,3,84.65,2,3,1,231
12401.0,304,1,84.3,1,2,1,121
17309.0,96,1,82.75,2,2,1,221
13006.0,57,1,81.57,2,2,1,221
17620.0,60,1,81.44,2,2,1,221
18281.0,181,1,80.82,1,2,1,121
16789.0,9,1,80.8,4,2,1,421
13967.0,146,1,80.7,1,2,1,121
17752.0,360,1,80.64,1,2,1,121
13747.0,374,1,79.6,1,2,1,121
16078.0,284,1,79.2,1,2,1,121
15753.0,305,1,79.2,1,2,1,121
17942.0,8,1,77.5,4,2,1,421
14785.0,11,2,77.4,4,3,1,431
13132.0,262,1,77.3,1,2,1,121
13992.0,31,1,76.8,3,2,1,321
14373.0,359,1,76.55,1,2,1,121
17536.0,178,1,76.5,1,2,1,121
13106.0,134,1,76.5,2,2,1,221
15668.0,218,1,76.32,1,2,1,121
18113.0,369,1,76.32,1,2,1,121
14090.0,325,1,76.32,1,2,1,121
16148.0,297,1,76.32,1,2,1,121
17995.0,282,1,76.1,1,2,1,121
17628.0,82,1,75.75,2,2,1,221
16610.0,220,1,75.66,1,2,1,121
13403.0,18,1,75.0,4,2,1,421
16468.0,75,1,74.9,2,2,1,221
13095.0,71,1,74.4,2,2,1,221
18050.0,360,1,74.4,1,2,1,121
17960.0,172,1,73.78,1,2,1,121
12506.0,233,1,73.5,1,2,1,121
18032.0,335,1,73.5,1,2,1,121
16171.0,60,1,73.19999999999999,2,2,1,221
17906.0,248,1,72.9,1,2,1,121
13686.0,183,1,72.0,1,2,1,121
13938.0,36,1,71.66,3,2,1,321
17747.0,113,1,71.4,2,2,1,221
13185.0,268,1,71.4,1,2,1,121
17022.0,32,1,71.0,3,2,1,321
18037.0,155,6,70.02,1,4,1,141
15863.0,26,2,68.84,3,3,1,331
14393.0,219,1,67.95,1,2,1,121
13684.0,286,1,67.23,1,2,1,121
17382.0,66,1,65.4,2,2,1,221
13130.0,95,1,64.0,2,2,1,221
13302.0,156,1,63.75,1,2,1,121
17263.0,209,1,63.440000000000005,1,2,1,121
14437.0,366,1,63.0,1,2,1,121
12665.0,325,1,63.0,1,2,1,121
14840.0,268,1,62.85,1,2,1,121
13218.0,128,1,62.64,2,2,1,221
15516.0,45,3,62.43,3,3,1,331
13194.0,136,1,60.7,2,2,1,221
17174.0,218,1,59.9,1,2,1,121
13391.0,204,1,59.8,1,2,1,121
13682.0,188,1,59.5,1,2,1,121
14957.0,254,1,58.49,1,2,1,121
13080.0,180,1,58.08,1,2,1,121
17775.0,255,1,56.4,1,2,1,121
15899.0,369,1,56.25,1,2,1,121
13366.0,51,1,56.16,3,2,1,321
16349.0,291,1,53.5,1,2,1,121
15504.0,82,1,52.83,2,2,1,221
13832.0,20,1,52.2,3,2,1,321
14865.0,8,2,52.2,4,3,1,431
15313.0,111,1,52.0,2,2,1,221
14682.0,188,2,52.0,1,3,1,131
17844.0,107,1,51.56,2,2,1,221
14351.0,165,1,51.0,1,2,1,121
13011.0,373,1,50.55,1,2,1,121
18184.0,16,1,49.8,4,2,1,421
14821.0,367,1,48.8,1,2,1,121
15603.0,79,1,48.48,2,2,1,221
16257.0,177,1,46.95,1,2,1,121
14080.0,33,1,45.6,3,2,1,321
15423.0,39,1,43.5,3,2,1,321
14300.0,19,1,43.2,3,2,1,321
15992.0,4,1,41.99,4,2,1,421
15178.0,261,1,40.5,1,2,1,121
14589.0,372,1,39.75,1,2,1,121
12977.0,157,1,39.24,1,2,1,121
16659.0,190,1,39.12,1,2,1,121
18019.0,52,1,38.45,2,2,1,221
12855.0,373,1,38.1,1,2,1,121
16162.0,253,1,37.4,1,2,1,121
17816.0,37,4,36.56,3,3,1,331
15940.0,312,1,35.8,1,2,1,121
14576.0,373,1,35.4,1,2,1,121
16856.0,15,1,35.4,4,2,1,421
17831.0,34,1,35.4,3,2,1,321
15744.0,78,1,34.8,2,2,1,221
16765.0,295,1,34.0,1,2,1,121
17408.0,164,1,32.65,1,2,1,121
13120.0,239,1,30.6,1,2,1,121
15657.0,23,1,30.0,3,2,1,321
17102.0,262,1,25.5,1,2,1,121
18268.0,135,1,25.5,2,2,1,221
16953.0,31,1,20.8,3,2,1,321
17986.0,57,1,20.8,2,2,1,221
16093.0,107,1,17.0,2,2,1,221
13307.0,121,1,15.0,2,2,1,221
17763.0,264,1,15.0,1,2,1,121
15823.0,373,1,15.0,1,2,1,121
16878.0,85,1,13.3,2,2,1,221
17956.0,250,1,12.75,1,2,1,121
16454.0,45,2,6.9,3,3,1,331
14792.0,64,1,6.2,2,2,1,221
16738.0,298,1,3.75,1,2,1,121
